:020000041000EA
:10000000002008205B0100101B0100101D010010E2
:100010001101001011010010110100101101001058
:100020001901001019010010190100101F01001022
:10003000110100101901001021010010230100100E
:100040001101001011010010110100101101001028
:100050001101001011010010110100101101001018
:100060001101001011010010110100101101001008
:1000700011010010110100101101001011010010F8
:1000800011010010110100101101001011010010E8
:1000900011010010110100101101001011010010D8
:1000A00011010010110100101101001011010010C8
:1000B00011010010110100101101001011010010B8
:1000C00011010010110100101101001011010010A8
:1000D0001101001011010010110100101101001098
:1000E0001101001011010010110100101101001088
:1000F0001101001011010010110100101101001078
:100100001101001011010010110100101101001067
:10011000EFF30580103800BE00BE00BE00BE00BE7A
:1001200000BE00BEF2EB8871CC9C0010F09C001069
:100130009C01001090A31AE7D3DEFFFF42012110BB
:10014000FF010000D0B60000793512AB00201E4937
:10015000086006C881F3088810474FF050400068D7
:1001600008B10020F3E70DA40ECC002902D000F066
:1001700012F8F9E71549164A002000E001C1914242
:10018000FCD114498847144988471449884700BE60
:10019000FDE701C901C29A42FBD37047F09C0010F1
:1001A00010010020281C002008B8001000000820C2
:1001B0000000082008B800100010082000100820D7
:1001C000000000007047000008ED00E0281C00203F
:1001D000F0250020353B0010310200102D3B0010AF
:1001E000044B1A7B12B100221A70704701221A7058
:1001F000704700BFAC250020044600B50A4B85B00F
:1002000004AD0FCB05E90F0004AB03EB8404074DED
:1002100054F8104C2146284603F066FE4FF4FA606D
:1002200001F0FEFCF6E700BF74780010347800108F
:100230002DE9F04F85B003F099FD00F0BBF910B146
:100240000120FFF7D9FF00F027F9002840F0A08037
:10025000012204210F20544B00F094FC01220421C0
:100260001120514B00F08EFCE846504C504F514E3F
:10027000DFF848A104F104092378032BFCD8DFE858
:1002800003F0755324022178384603F02DFE61688F
:10029000304603F029FE01234FF4967500202373A6
:1002A00000F004F92378DBB28DF80F30642001F000
:1002B000B7FC22789DF80F309A426FD1013DF5D1FD
:1002C00000F052F925732570D6E72178384603F0FF
:1002D0000BFE6168304603F007FE6368A268C3EB5B
:1002E000031302EB830BCBEB0B115046890003F099
:1002F000FBFD4FF4167202FB0BFB2378BBF1000FE2
:10030000DBB28DF80E3046DD002502E001355D459B
:1003100041D0642001F084FC22789DF80E309A428E
:10032000F4D000232370A7E72178384603F0DCFDE2
:100330006168304603F0D8FD404600F059F998E86E
:1003400003004FF0804C0222402589E803001A4B3D
:100350003846C3F834C2C3F838522270217803F00B
:10036000C3FD3046616803F0BFFD85E74FF41675A5
:100370002378DBB28DF80D30642001F051FC227837
:100380009DF80D309A427FF477AF013DF4D173E7C9
:100390000220FFF731FF032323706DE700F0E4F83C
:1003A0000023237368E700BFE1010010AC250020A3
:1003B000107800102078001000800240547800105F
:1003C00080221849184B087810B4C3F8F42058B1AB
:1003D000164802680132FF2A19DDFF2400234FF678
:1003E000016204600B7007E0104C23685A1E13D49E
:1003F00012FB02F322609AB20B4B0D49D3F89830EE
:100400005DF8044B53409BB2C1F89830704712FB23
:1004100002F302609AB2EFE70123024620600B70FC
:10042000EAE700BF0813002000800A405C2100209A
:1004300000900A408021144A144B10B4C2F8F41002
:100440001A787AB9124B1B8813FB03F39AB20E4B3E
:100450001049D3F898305DF8044B53409BB2C1F873
:10046000983070470A490A680132FF2A06DDFF24E6
:1004700000204FF601620C601870E8E712FB02F3EF
:100480000A609AB2E3E700BF00800A400813002028
:100490005C21002000900A4008B50E2000F0F2FB1D
:1004A0000E23012242EC4430002008BDF8B50021A3
:1004B0000446082000F0ECFC802600220120224D9A
:1004C000224B2349C5F8F86008701A60A4B384422F
:1004D00030D108201F4900F01FFD502604210E20B6
:1004E00000F018FB00234FF6FF7C80221A4C1B4DB6
:1004F000C4F88C30C4F89430C4F89830C4F89CC068
:10050000C4F89060C4F88C30D4F89830144F9BB283
:10051000C5F898300121C4F8F4200820C7F8F82065
:1005200000F0B6FCD4F88C30DB4303F00103C5F8CF
:100530008C30F8BD1026D1E708200A4900F0ECFC09
:100540004FF44876CAE700BF00B00A405C210020A3
:1005500008130020C103001000800A4000900A40E8
:1005600000A00A403504001010B580240E4B002175
:10057000C3F8F840082000F08BFC0C4B0C4AC3F881
:10058000F440D3F88C30052103F00103C2F88C301D
:100590000E2000F0BFFA0E23012242EC443000226C
:1005A00042EC403010BD00BF00B00A4000800A405D
:1005B00000900A4010B5642006F0B6FB0B4803F02B
:1005C00015FC06F0D9FB08B1012010BD044605F06A
:1005D00013FF06F0B3F80F2006F098FB112006F089
:1005E00095FB204606F0A0FA204610BD8478001046
:1005F00003462DE9F04F4FF4806085B0039301F07E
:10060000F7FF002800F08A81002582464FF6FF762A
:10061000C548DFF8309303F0E9FBB4234022802182
:100620005046009506F05CFA14214B46BF4A0A205A
:10063000CDE9005606F0FEFA504606F0CDF84FF42C
:10064000FA6006F071FBB4234022802150460096E8
:1006500006F046FA2846A84606F066FA2F46B44C3D
:10066000DFF8E8B2112006F035FB0546002840F01F
:1006700040812B2205217320CDE90056AD4B06F0B9
:10068000C3FAA84601370F2006F024FB2D220546A9
:10069000002840F0208132217320CDE90056A54B7F
:1006A00006F0B2FA4FF001086321013FA24AFB179E
:1006B00082FB0702C3EB221323602368172B00F38E
:1006C000F08023681733C0F2EC802368002B02DA35
:1006D000236818332360C62910D9A5F16403632B5E
:1006E0000CD9A5F5C873C72B08D9A5F54873C72B36
:1006F00004D9A5F59663C72B00F20A81002522686C
:100700004B4614210F20CDE900655BF8222006F04E
:1007100091FA00254B463A2214212D20CDE90056AE
:1007200006F072FA4B461421844A3C20CDE900655C
:1007300006F080FA504606F04FF8284606F0F4F925
:10074000B8F5FA6F8ED14FF6FF77A846DFF8F4912F
:10075000112006F0BFFA0646002840F0B3802B2295
:1007600005217320CDE90067724B06F04DFA35463E
:1007700008F101080F2006F0ADFA2D2206460028E8
:1007800040F0938032217320CDE90067694B06F079
:100790003BFA0125632108F1FF38674A4FEAE87305
:1007A00082FB0802C3EB221363606368052B74DCD1
:1007B0006368053371DB6368002B02DA6368063314
:1007C0006360C62910D9A6F16403632B0CD9A6F582
:1007D000C873C72B08D9A6F54873C72B04D9A6F54B
:1007E0009663C72B00F28E800026626854484B4601
:1007F00050F8222014213C200097019606F01AFAA6
:1008000000264B463A2214212D200197009606F02F
:10081000FBF922684B4614215BF822200F20CDE91A
:10082000007606F007FA504605F0D6FF304606F08F
:100830007BF9B5F5FA6F8BD1CDE90076404A636854
:10084000142152F823203C203E4B06F0F3F93A22C3
:1008500014212D20CDE900673A4B06F0D5F9CDE9FA
:100860000076236814215BF823200F20354B06F017
:10087000E1F9504605F0B0FF304606F055F928463C
:1008800001F0CEF905F05AFF94E80300039B83E8DA
:100890000300184605B0BDE8F08F0023984663605A
:1008A0008FE700231F46236015E700214B46009188
:1008B0006E201146019706F0A7F92E4605F1630157
:1008C00001356AE700214B462B226E2001970091EB
:1008D00006F09AF94EE70025114600954B466E202A
:1008E000019606F091F9454608F1630108F1010807
:1008F000DCE600214B462B226E200196009106F08B
:1009000083F9C0E6A6F5C866C72E3FF679AF6BE758
:10091000A5F5C865C72D3FF6FCAEEFE60A4C2046AC
:1009200003F064FAFBE700BFB8780010CC78001041
:10093000C0250020D013002067666666D4780010BA
:10094000A0790010D8130020907800104079001092
:100950004FF050412DE9F84F08260F68694B6A4A5D
:1009600007EBC708DFF8A4A1DFF8A49153F827B07C
:1009700002EBC808A6F10805EA0802F10C0358F8D2
:100980002340E4B1BBF1000F1ED014F00F0110D0D2
:100990005AF8273005F00702EB40E8089200DB0721
:1009A00001FA02F200F18C0C03D4284649F82C20FD
:1009B000D847240905F1010501D0B542E5D3083631
:1009C000282ED7D1BDE8F88F14F00F0104D05AF8C3
:1009D0002730EB40D80770D52309A6F10701EED0E8
:1009E00013F00F030CD05AF82720CA40D20707D4BF
:1009F00001F00700CA0881008B408C3249F8223090
:100A0000230AA6F10601DAD013F00F030CD05AF82E
:100A10002720CA40D50707D401F00700CA08810083
:100A20008B408C3249F82230230BA6F10501C6D049
:100A300013F00F0333D1230CA6F10401BFD013F040
:100A40000F0343D1230DA6F10301B8D013F00F0318
:100A50004AD1230EA6F10201B1D013F00F030CD03E
:100A60005AF82720CA40D00707D401F00700CA0867
:100A700081008B408C3249F82230240F06F1FF327E
:100A80009DD05AF82730D340D90798D402F00701F7
:100A9000D3088A0094408C3349F823408FE75AF8F2
:100AA0002720CA40D007C6D401F00700CA08810039
:100AB0008B408C3249F82230BDE705F007039B00DC
:100AC00001FA03F38C3249F8223085E75AF82720DF
:100AD000CA40D207B6D401F00700CA0881008B4093
:100AE0008C3249F82230ADE75AF82720CA40D507A2
:100AF000AFD401F00700CA0881008B408C3249F85E
:100B00002230A6E7EC200020488202409C250020ED
:100B10000080024010B44FF480740C4B53F8202036
:100B200003EB8003C00082F0400200F1804003F537
:100B3000805C02F0C00200F5203003F54053CCF891
:100B4000002041601C605DF8044B70470480034046
:100B5000002915BF0C2104214FF0080C4FF0000CA8
:100B6000002A08BF6146064B53F8202003EB8003A0
:100B70004A4003F5805302F00C021A60704700BF30
:100B8000048003402DE9F04104460E4682B01ABBB2
:100B90004FF0504C04F00704A40001FA04F4DCF810
:100BA0000010C0088600324D01EBC10106EBC10107
:100BB000DFF8C4E00D448C304EF820402C602D4FFF
:100BC000DCF8004057F8241069B3002B41D047F8F7
:100BD000243002B0BDE8F0814FF05048254FD8F8DE
:100BE000005057F825204AB3002B39D047F825305C
:100BF0004FF050431D68E30805EBC50504F00704FA
:100C0000A0001D49ED00864005EB83058C3341F8BB
:100C1000236015200121194A2A44166002B0BDE85C
:100C2000F04100F035B9002BD3D01520144947F816
:100C3000243002B0BDE8F04100F09CB9002BDAD0BE
:100C400015200F4947F8253000F094F9D8F80050E6
:100C5000D1E715200A49019300F080FA019BB6E71D
:100C600015200749019300F079FA019BBEE700BF08
:100C700048B20240EC2000200080024048A202401E
:100C80005109001030B4002343EC440043EC400011
:100C900005254FF480740B4BC20053F8201003EB72
:100CA000800081F0400102F1804303F5203301F020
:100CB000C00200F5805100F540500A605D6004609C
:100CC00030BC7047048003400FB400B583B0049C6F
:100CD000074803F08BF83CB105A92046019102F0CA
:100CE000F3FE044803F082F8012002F005FF00BF84
:100CF000B87900107078001070B5EFF3108572B6F7
:100D0000134CD4E8CFCF0126BCF1000FF9D1C4E8D1
:100D10004C6FBCF1000FF4D1BFF35F8F4FF0010CAB
:100D20004FEAD10E01F007030CFA03F310F80EC0DE
:100D30001CEA030608D14CEA030300F80E30C4E8AD
:100D40008F6F85F3108870BD1046FFF7BDFF00BFA1
:100D5000AF1F0020F8B5EFF3108572B6234CD4E82E
:100D6000CF7F0126002FFAD1C4E8476F002FF6D1BC
:100D7000BFF35F8F9A4227D80126D70810F807E003
:100D800002F0070C06FA0CFC1EEA0C0F00EBD2076F
:100D90000DD125E04FEAD20E10F80EE002F0070C5C
:100DA00006FA0CFC1EEA0C0F00EBD20718D0013239
:100DB0009342EFD24FF0FF300023C4E88F3F85F31A
:100DC0001088984207DBF8BD0023C4E88F3F85F305
:100DD00010884FF0FF300029F5D00698FFF774FF18
:100DE0004EEA0C0C104687F800C0E5E7AF1F002064
:100DF000044A1078431CDBB2172B88BF10231370F2
:100E0000704700BF0913002010B5054C82B00146A1
:100E10001F23182200940348FFF79CFF02B010BD67
:100E2000C8790010FC2000204FF0E022936843F0C6
:100E300000539360704700BF0021044B03F1200270
:100E4000C3E88F1F01339342FAD17047A41F0020DB
:100E50004FF0E0234FF08032C3F80024C3F804249D
:100E6000C3F80824C3F80C24C3F81024C3F81424CE
:100E7000C3F81824C3F81C24C3F82024C3F824247E
:100E8000C3F82824C3F82C24C3F8302462B6704772
:100E9000012300F01F029340400941B1800000F19E
:100EA000604000F56140C0F8803103607047024A3D
:100EB000203042F82030704700E100E00123064A6C
:100EC000410952F8212000F01F0003FA00F01042FF
:100ED00014BF18460020704700E100E001224309DA
:100EE000044900F01F0002FA00F0403341F82300EB
:100EF000704700BF00E100E0054A10309268054BE2
:100F000052F82000C01A47288CBF002001207047EB
:100F100000ED00E00C13002010B5EFF3108C72B65A
:100F2000114BD3E8CF4F0122002CFAD1C3E8442F54
:100F3000002CF6D1BFF35F8F0C4A103092680C4C36
:100F400052F82020A24203D0914201D001F0ACF827
:100F5000064A926842F82010BFF35F8F0022C3E870
:100F60008F2F8CF3108810BDAD1F002000ED00E026
:100F7000110100102DE9F04F8A4685B0EFF3108B78
:100F800072B6DFF8D491D9E8CF1F01230029FAD136
:100F9000C9E8413F0029F6D1BFF35F8F674991F956
:100FA0000060002EC0F2C880654C00F1100706EB0F
:100FB000460004EB80039D7980000D7061498046F6
:100FC0008968019051F8271070000D1B472D9E462F
:100FD00002903AD821F0010C9CF8075095420CD8A9
:100FE0007EE003EB430004EB8000C57903EB430094
:100FF000954204EB800055D984469CF90630002BBD
:10100000EFDA4BF6015003900CF1040001900198C7
:10101000AEF104052D1AC5F34A056FEAC5456FEA1E
:10102000D5450298DFF82C8130448CF80660ACF886
:10103000045004EB800644F8208086460398B37180
:10104000B080F271C6F808A01EE03F4DA94273D1EE
:10105000DA713E4A08F10208A044043AA2EB080201
:10106000C2F34A026FEAC2426FEAD2425A804BF69A
:1010700001524FF421459A80FF220198C3F808A03D
:1010800043F0010125529A712E4B9B6843F82710BB
:10109000BFF35F8F0023C9E88F3F8BF3108805B043
:1010A000BDE8F08FBCF804000CF104054005019583
:1010B00010D4019D4015023005EB40006FF007058C
:1010C000A5EB08052D1B2844C0F34A0040F46040FE
:1010D00003909CE700F5FF1000F5FF501F30E8E794
:1010E0006FF00705DA714FF421424AF6AA260198FB
:1010F000A5EB08052252281B144A354608F10208C0
:10110000134E6044A044C0F34A00043A3043A2EBBB
:1011100008029880C2F34A020E4832435A80C3F84C
:1011200008A06246121B524155432D0D43F00101A8
:101130009D71CCF80000A7E700F0B6FFE82500207D
:101140000C13002000ED00E01101001054130020EA
:1011500000E0FFFF01488047AD1F00202DE9F84F58
:10116000EFF3108872B66A4ED6E8CF2F0123002A1B
:10117000FAD1C6E8423F002AF6D1BFF35F8F654B34
:1011800000F1100E9B6853F82E50634B9D423AD0ED
:101190008D4245D0614C2B1B472B34D84FF00109B1
:1011A0004709BF0007F1604707F561473B6800F05A
:1011B0001F0009FA00F9C7F8809009EA030ABFF393
:1011C0005F8FEFF30583DBB29B465BBB25F0010C21
:1011D000DCF80800814209D190E003EB430204EB04
:1011E000820290681346814223D09C469CF90630C7
:1011F000002BF2DA814256D0BAF1000F16D0C7F8B0
:101200008091C7F80090434B9B6843F82E50BFF382
:101210005F8F0023C6E88F3F88F31088BDE8F88F02
:101220001D46F0E79E45D1D000F03EFFC7F8809004
:10123000E9E792F90610002936DB01EB410C04EBDB
:101240008C0CDCF8082048009A609CF80720DA71C2
:101250009CF90620002A9A713EDBBCF80420520556
:1012600004D502F5FF1202F5FF521F32521502F1AA
:10127000020C4FF0040B0C2212FB01B202EB4C02E9
:101280006FF0070C2244ACEB030C6244C2F34A0239
:1012900042F460429A80224B08441A7804EB80049E
:1012A0001970A271A8E76346BBF1000F17D1FF22A6
:1012B0008CF806204BF60152ACF8042018484AF688
:1012C000AA2290F800C01946091B49414A43120D51
:1012D00083F806C002708FE74BF60152DAE7114A35
:1012E0001148D21A083AC2F30A316FEA01516FEA83
:1012F000115140EA5202DA8099807DE79CF906108C
:101300006346002999DABBF1000FE8D1024DD5E719
:10131000AD1F002000ED00E0110100100C130020B3
:10132000E82500205E13002000F8FFFFF0B5EFF382
:101330000585EDB2EFF3108C72B62C49D1E8CF2FB2
:101340000123002AFAD1C1E8423F002AF6D1BFF3B7
:101350005F8F274E40F0010EB4684AF6AA2354F876
:101360002570244A0446A41A644163431B0D774543
:101370005BB223D092F906409C4224D092F91240ED
:101380009C422BD092F91E409C4229D092F92A40CF
:101390009C4227D092F936409C4225D092F9424097
:1013A0009C4208BF05240FD0134A002415781370FF
:1013B0008571C1E88F4F8CF31088F0BDB2680F4C77
:1013C00042F82540F0E7002404EB440402EB8402D9
:1013D000FF2494714BF601549480E5E70124F3E770
:1013E0000224F1E70324EFE70424EDE7AD1F00201A
:1013F00000ED00E00C130020E82500201101001092
:1014000010B5074C82B00146052300220094054820
:10141000FFF7A0FC0028A8BFC0F1330002B010BD48
:10142000E4790010ED250020014B1944016070475C
:10143000A41F0020F8B5124D124EB5421FD22C4603
:101440002368FF277BB1FFF7D3FC01462846FFF74F
:10145000EBFFA780BFF35F8F0834B4420FD223683D
:101460002546002BEFD1FFF7C3FC01462846FFF7C6
:10147000DBFF2771BFF35F8F0834B442EFD3F8BDB1
:10148000201C0020281C002010B50446FFF7B0FCEB
:1014900001462046FFF7C8FFFF232371BFF35F8F8C
:1014A00010BD00BF10B504460120FFF7ADFC034B93
:1014B00018442060BFF35F8F10BD00BFA41F002041
:1014C000024B19440160BFF35F8F7047A41F0020D7
:1014D00010490B68EFF3108072B6D3E8CFCF01222A
:1014E000BCF1000FF9D1C3E84C2FBCF1000FF4D1CF
:1014F000BFF35F8F084A4FF0000C1378096801337F
:10150000DBB21370C1E88FCF80F3108840BF00209A
:1015100000217047BC250020EA25002000000000C3
:101520002DE9F04F2DED028B85B0EFF30583DBB293
:10153000103B9A0818BF01224FF0010103F003008D
:10154000AD4B00EB82020CBFAC4FAD4F53F82260A5
:1015500001FA00F207F541539FEDA58BB0460190CB
:1015600000925A6035E0B8F804301B0440F19280D4
:1015700098F80630002B40F0DF80B8F90820002AE8
:10158000C0F22581D8F8143002EB420203EBC2020C
:10159000D2E90245B5F1FF3F08BFB4F1FF3F0DD0DE
:1015A000019B07EB8301BB6A0A69D21AE31A9342D3
:1015B00003D33B6A009A134200D10C61384600F015
:1015C000CBFB201A65EB0105012875F1000380F2C1
:1015D000FE80B8F90840009B002CFB63C3DBD8F801
:1015E00014A004EB440B38460AEBCB05D5E9029670
:1015F00000F0B2FB484561EB06010029B3DB002E89
:10160000C0F2C3802B697F4A934200F0FD806A8854
:10161000B8F9080092B242EA004069699847024668
:101620000B4652EA030100F0B080002B80F2D58017
:10163000B9EB020066EB0303C5E902033AF93B503C
:10164000002D90DBD8F814C005EB45010CEBC1016F
:101650008A68821ACA6863EB0202002A83DBA8F850
:10166000085007E09568451BD56863EB0505002D1C
:1016700008DB1146B1F9006006EB4602002E0CEBC8
:10168000C202EFDA2AF83B600C80B8F804301B0481
:101690003FF56EAFD8F81030EFF3108272B6D3E892
:1016A000CF0F01210028FAD1C3E8401F0028F6D14E
:1016B000BFF35F8F4FF6FF70B8F804900023D8F89F
:1016C00010100FFA89F9A8F80400C1E88F3F82F3DF
:1016D00010889945FFF64CAFBA46D8F8145008F177
:1016E000080B09EB490E05EBCE03D3E90267B8F905
:1016F0000830DC46002B05DA0FE035F9343084463B
:10170000002B0ADB03EB430405EBC400D0E9021213
:10171000711A67EB0202002AEFDAACF8009035F993
:101720003E9025F83E30B9F1000FDADA98F806302D
:101730005746002B3FF421AF002388F80630B8F954
:10174000083008F1080C5E1C41D01A46D8F8144045
:1017500003E08446591C3FF412AF03EB430104EB52
:10176000C10045881E462D0434F93130F1D596422A
:1017700080ED028BEED0ACF80030B8F8082024F8E9
:1017800031203246A8F80860E4E73AF83B30A8F880
:101790000830D8F81030EFF3108272B6D3E8CF0FCC
:1017A00001210028FAD1C3E8401F0028F6D1BFF379
:1017B0005F8FB8F80230D8F810102AF83B300023B9
:1017C000A8F80240C1E88F3F82F31088CBE640BF03
:1017D00005B0BDEC028BBDE8F08F3846CDE90223A1
:1017E00000F0BAFA029A039B801843EB010323E747
:1017F000FFFFFFFFFFFFFFFF7C25002000000B40E5
:1018000000800B40211500106B6918461A6902937D
:1018100090470028B9D0029BD3E9002301E700BF1D
:101820002DE9F84F364C25692DB1BDE8F84F0A2156
:101830003448FFF7F9BDDFF8E48003260321404672
:1018400000F078FAC4F80C80FFF7D2FA4FF0504C51
:101850002D4B26701844DCF800300F21637063694B
:1018600061801D834FF00405A3F878504FF0050503
:10187000A3F890504FF00605A3F8A8504FF00705C5
:101880000E21206108274FF6FF724FF00A0EA3F8D1
:10189000C0504FF001094FF00C0C4FF0020B4FF00D
:1018A000090A0D204FF00B05A3F868111749A28013
:1018B000A3F808E1A160A3F848B0A3F8F0A0A3F84A
:1018C0002051A3F838C1A3F85001A3F83090A3F831
:1018D0006060A3F8D8701A800D4B3046C8F82070AD
:1018E0000C49DC60FFF718FB49463046FFF7D0FA99
:1018F000094B0A211F600348BDE8F84FFFF794BD6C
:101900006C130020BC250020A41F0020FFFF100046
:101910007C2500202115001040200B4000000B40CA
:10192000004870476C1300202DE9F0419DF82050CD
:10193000044617461E4635B900F016FA874266EB94
:101940000101002957DB2169EFF3108072B6D1E85D
:10195000CF2F0123002AFAD1C1E8423F002AF6D155
:10196000BFF35F8FB4F90220D4F814C002EB420138
:10197000002A4FEAC10E0CEBC10102DB3CF80E302D
:1019800063804FF000082369C3E88F8F80F31088CD
:10199000424533DB4888069B0130C0F30E00012826
:1019A00038BF01200B61079B48804B61C1E902767B
:1019B00040EA02402369EFF3108172B6D3E8CF6F9B
:1019C0000125002EFAD1C3E8465F002EF6D1BFF301
:1019D0005F8FA3882CF80E30A2802369C3E88F8F15
:1019E00081F310880122E368217803F501538A40CE
:1019F0005A60BDE8F0812846BDE8F0814FF0FF3025
:101A0000F7E700BF0146F0B50069EFF3108772B643
:101A1000D0E8CF5F0124002DFAD1C0E8454F002D5A
:101A2000F6D1BFF35F8FB1F902E04C690EEB4E0CBB
:101A30004FEACC06BEF1000FA8BFA05B4FF0000537
:101A4000A8BF488004EBCC0C0869C0E88F5F87F31F
:101A50001088AE4535DBBCF80200CCE9022301302A
:101A6000C0F30E00012838BF0120059BACF802002E
:101A7000CCF81030069B40EA0E40CCF814300B69CD
:101A8000EFF3108272B6D3E8CFCF0127BCF1000F7D
:101A9000F9D1C3E84C7FBCF1000FF4D1BFF35F8FE5
:101AA0008B88A353A1F804E00B69C3E88F5F82F32E
:101AB00010880122CB68097803F501538A405A60E7
:101AC000F0BD4FF0FF30F0BD4289B2EB214F38DD61
:101AD00042690B1403EB430310B502EBC303046923
:101AE000EFF3108C72B6D4E8CFEF0122BEF1000FF5
:101AF000F9D1C4E84E2FBEF1000FF4D1BFF35F8FD0
:101B00005A8889B292B28A4207D000230269C2E899
:101B10008F3F8CF31088184610BD42F400425A8063
:101B20000123002201698371C1E88F2F8CF3108893
:101B3000C268017802F5015203FA01F118465160BA
:101B400010BD0020704700BF407870472DE9F0437A
:101B5000861F41F1FF35B04271EB050338BF002607
:101B600083B038BF354604460F4600F0FDF8301A02
:101B700065EB0101012871F1000306DA20463946C0
:101B800003B0BDE8F04300F0F9B800F0EDF886428C
:101B900065EB010100290ADB00211C4B3246009352
:101BA0001B482B460191FFF72DFF0028E6DB4FF085
:101BB000000EDFF868C01749174ADCF824309D4250
:101BC00005D8DCF82800B042D8D29D42D6D10B68A7
:101BD000EFF3108872B6D3E8CF9F0120B9F1000F60
:101BE000F9D1C3E8490FB9F1000FF4D1BFF35F8F0A
:101BF00010780B68C0B2C3E88FEF88F310881378B1
:101C0000834200D120BF20BFD7E700BFD11400100E
:101C10006C130020BC250020EA25002000000B40AA
:101C200010B5044600F0A0F84FF47A73E4FB03010A
:101C3000BDE810400029BCBF4FF0FF306FF00041FD
:101C4000FFF784BF2DE9F04705460C4682B0EFF35D
:101C50000587FFB2002F51D1324ED6E900238B42C7
:101C600008BF82423CD0DFF8C880D8F80CA098F8B2
:101C70000090504600F070F809F104095AF8293034
:101C80001B1A281A64EB0101984271F1000327DA4C
:101C900000F06AF8854264EB0101002915DB224B54
:101CA000404600932A4623460197FFF7ABFE011EEC
:101CB0000BDD1E4BC6E900545A6A94422FD89B6A2A
:101CC000AB422AD31A48FFF7FFFE184B586A8442EA
:101CD00018D89B6AAB420BD3012002B0BDE8F08755
:101CE00020BF124A506A84420CD8936AAB42F3D2A6
:101CF000201A18BF012002B0BDE8F0870B4A506AD5
:101D0000884203D2002002B0BDE8F087936AAB425C
:101D1000E2D2401A18BF0120DFE79442D2D120BF9F
:101D2000D0E700BF88130020D114001000000B4042
:101D30006C13002010B4054B054C064AA04214BF9A
:101D40001846581C5DF8044BFEF7D6BF0021002052
:101D500000800B40007A0010416A0B46826A416A9B
:101D60008B42FAD110467047034B596A0A46986A6B
:101D7000596A9142FAD1704700000B40074A536AF2
:101D80009942FCD8994207D1044B02E05A6A914229
:101D900002D19A6A8242F9D3704700BF00000B401B
:101DA00000EB400C4FEA8C0C0CF1804C0CF5803CA5
:101DB00070B5DCF80440A0F1040EB4F5803F38BFE4
:101DC0004FF480345FFA8EFE38BFCCF80440BEF189
:101DD000010F29D94FF40066244D0CF540542660BC
:101DE00055F82060BEB9DCF800400CF5805684EA56
:101DF000421202F0E002BEF1010F326028D94FF426
:101E0000006145F820304FF480330CF5005211602A
:101E1000CCF8043070BD6C69B4FBF6F4013404EB0B
:101E20004404033CFDD2DEE70129D3D103250CF5A0
:101E300040542560DCF80840E407FBD5DCF800409E
:101E40000CF5805684EA421202F0E002074D32603F
:101E50000122DCF800404C4004F00304346002FA34
:101E600001F1DCF808200A42FBD0C8E70421002079
:101E7000014B53F8200070470421002070B4039CEC
:101E80000568240344EA03431B4C002DB4FBF1F422
:101E9000B2FBF4F21FDB194D194CA8420CBF4FF4F2
:101EA00000454FF48045174E256004F580542560A9
:101EB000B46835EA0404FBD1212500F5405404340C
:101EC0000160826025600268002AFCDA0822C36093
:101ED000226070BC7047046804F03F048C42DAD181
:101EE0008468C4F30B049442D5D1C46804F4EE248E
:101EF0009C42D0D1EDE700BF001BB7000080054039
:101F0000002002400000024030B44FF080441D4BDE
:101F10001C60E0B11C4CA3F54053DC611B4C40F04D
:101F2000010044401C62596298624FF080454FF0B6
:101F3000E061144B1648174C1D60846019604AB963
:101F400030BC4FF00042A3F580531A607047124B2B
:101F5000D861EAE74FF47A7303FB02F2B2F1807FB3
:101F600009D20E4B1A604FF0804130BC0A480C4B2E
:101F70004260196070476FF07F4308491A460B6052
:101F8000F1E700BF00B00D40D3C007B02D3FF84FC0
:101F900000A00140F3FFFF0100800D406C250020F0
:101FA00000A00D40012300EB4000800000F18040C4
:101FB00000F5841041600360704700BF4FF0000CD3
:101FC00030B5134683B004460D46BCF816200021F8
:101FD00041E800F101934B0254BF1021042144F267
:101FE0005220904786462A460A212046F446019B05
:101FF00003B0BDE8304060470023DB8A002242E89E
:1020000000F2520201D4102118470421184700BFE2
:10201000002808B502DB62B141F030018B0603D520
:102020000023DB7C022B07D002464FF48170FFF7C0
:10203000C5FF41F02001F3E702464FF49170FFF72E
:10204000BDFF00BF034AD2F82838002BFBD0BFF3F6
:102050005F8F704700000E400021044B044ABFF31D
:102060005F8F43F8041B9342F9D170470C080E4070
:102070002C080E4010B44FF48D704FF42A64064AB9
:10208000064B07491460D06019605368002BFCDAD6
:102090005DF8044B704700BF0080044000A004407E
:1020A00000B0FA00704700BF08B50148FEF70CFE0B
:1020B000247A001038B5054C054DAC4204D254F8D2
:1020C000043B9847AC42FAD338BD00BFA877001054
:1020D000E877001010B40748074C084B084A094934
:1020E00004601A608B6832EA0303FBD15DF8044B8D
:1020F000704700BF002002407F3BEFEF00300240FE
:10210000F6FFF30300000240044BDB6CB3F5004F15
:1021100003D14FF48022024BDA6470470000115063
:10212000002011504FF0E022044BD2F8881D0B43E1
:10213000C2F8883D10EE3004704700BF0303300042
:102140006FF06041044B054A19609368DB4333F03C
:102150006043FAD1704700BF0030024000000240E7
:1021600010B545F25320FFF747FFBDE81040034686
:102170000420184710B545F25320FFF73DFFBDE896
:102180001040034601201847FEF756BE38B52B49CC
:102190002B4B2C4D5B1A9C08442C224628BF442212
:1021A0002846920005F0F0FA432C41D8C4F14301CF
:1021B00005EB84030529244AC3F38003C4F14400DA
:1021C00016D9C3B345F8242004F1010CC01A2344E6
:1021D00005EB8303410803EBC101C3E90022083387
:1021E0009942FAD120F0010398420CEB03041FD06E
:1021F000432C45F8242004F1010319D0422C45F862
:10220000232004F1020313D0412C45F8232004F1CC
:1022100003030DD0402C45F8232004F1040307D01C
:102220003F2C45F8232004F1050301D045F8232075
:10223000064B9D6038BDA446C8E700BF00000010F3
:1022400010010010000000201101001000ED00E05E
:102250000023F0B52B4C83B0C4F88430FFF70AFF9D
:102260000122294BDA63636C012BFCD10321264A3E
:10227000244B11639D6B012DFCD1052302271E46C3
:1022800000242946214A22480097FFF7F7FD2946F6
:102290003346204A20480096FFF7F0FD3946224693
:1022A00004201E4BFFF77CFD2946224630461C4B7E
:1022B000FFF776FD2246082021461A4BFFF770FDF6
:1022C000224609202146174BFFF76AFD22460620C9
:1022D0002146134BFFF764FD114B22460720214690
:1022E000FFF75EFD0420FFF7C3FD0F4DA5FB003592
:1022F000AD0CE0B229460134FFF754FE062CF8D1AC
:1023000003B0F0BD0000014000300140002F6859CB
:1023100000000540008C864700800540001BB70088
:1023200080D1F008006CDC0283DE1B4386B003B46E
:1023300051FC0804CDE9020151FC0904CDE9040176
:1023400051EC0A04CDE9060103BCF047BDE800509A
:102350004EEC00C4BDE800504EEC01C4BDE8005096
:102360004EEC02C400BD000000B5FFF7DFFF02E045
:1023700010FE30F4F8D441EC100443EC112400EECC
:10238000010410EE010480EE200451EC10047047AB
:1023900000B5FFF7CBFF02E010FE30F4F8D441ECBB
:1023A000100443EC112400EE010410EE210480EE31
:1023B000200451EC3004704700B5FFF7B7FF02E08E
:1023C00010FE30F4F8D410B541EC100443EC1124A5
:1023D00051EC040453EC0524A0FB024C5FF0000E0A
:1023E000E0FB03CEE1FB02CE4CEC20440024E1FBF9
:1023F00003E444EC30E480EE200451EC500410BDC2
:1024000000B5FFF793FF02E010FE30F4F8D441EC82
:10241000100443EC112451EC2104A0FB01126FEADB
:10242000820252FB100052FB12F252FB1000A0EB92
:10243000D07C53EC04245CFB13F153EC1524A1FB7A
:10244000022001FB030053EC4424A2EB000050FBEC
:102450001CF24FEA111312EB017043EBE27140EAF8
:10246000515020EA915020F0070053EC7524A0FB56
:10247000023C53EC752400FB03CC01FB02CC53EC73
:102480000424ACEB824C40EA5C70A0F1010041EC0A
:10249000400480EE200451EC7004704700B5FFF753
:1024A00045FF02E010FE30F4F8D440EC700400EE7A
:1024B000010410EE210480EE200451EC300470473A
:1024C00000B5FFF733FF02E010FE30F4F8D440EC23
:1024D000600400EE010410EE210480EE200451ECB3
:1024E0003004704700B5FFF721FF02E010FE30F422
:1024F000F8D441EC800400EE010410EE010480EEFB
:10250000400410EE1304704700B5FFF70FFF02E020
:1025100010FE30F4F8D441EC800400EE010410EE1B
:10252000010480EE400410EE3304704700B5FFF75D
:10253000FDFE02E010FE30F4F8D441EC100443EC50
:10254000112400EE010410EE3004C0F30070704757
:1025500000B5FFF7EBFE02E010FE30F4F8D443ECD8
:10256000102441EC110400EE010410EE30F48CBF95
:1025700001200020704700BF00B5FFF7D7FE02E042
:1025800010FE30F4F8D443EC102441EC110400EEBA
:10259000010410EE30F42CBF01200020704700BF72
:1025A00000B5FFF7C3FE02E010FE30F4F8D441ECB2
:1025B000100443EC112400EE010410EE30F42CBFA3
:1025C00001200020704700BF00B5FFF7AFFE02E01A
:1025D00010FE30F4F8D441EC100443EC112400EE6A
:1025E000010410EE30F48CBF01200020704700BFC2
:1025F00010B5044604F040FC28B10346034A2344C6
:10260000934200D810BD0248FEF75EFB0000082090
:10261000307A0010704700BF2DE9F84F9A460D9BA5
:1026200017469A0706468B46DDF8288011D1DDE96A
:102630000B3293420DD213463C460B9A9D1A3D44F1
:1026400022465346594620200134B047AC42F7D1C8
:1026500000E03D460B9B73B108EB030404EB050956
:10266000A9EB040214F8010D53465946B0474445FE
:10267000F6D10B9B1D440D9B9B070ED50C9BEF1BAE
:10268000BB420AD91C462A465346594620200137E8
:10269000B047BC4205F10105F5D82846BDE8F88FE2
:1026A0002DE9F04F0F9EDDF824E016F0020F0A9C92
:1026B0009DF82C900E9DDDE90C872CD1002D74D156
:1026C000BC4206F0010B80F0CB801F2C88BF202479
:1026D00000F2C68004F1FF3C4FF0300AF44401E000
:1026E000202C04D00134A7420CF801AFF8D8BBF17C
:1026F000000F10D0A5420ED9202C2DD004F1FF3CA4
:102700004FF0300AF44401E0202C25D00134AC42D3
:102710000CF801AFF8D116F0100F38D016F4806F16
:1027200026D10CBBB8F1100F7FD0B8F1020F00F02A
:10273000928030248EF800400124B9F1000F2BD094
:102740002D270EF804700134CDE90B56CDE909E4CC
:10275000BDE8F04FFFF760BF16F0100F4FF02004F8
:10276000F2D016F4806F03D1A74249D0A54247D0DA
:10277000B8F1100F4ED0B8F1020F39D0202CE3D0B1
:102780004FF0300C0EEB040787F800C00134202C0A
:10279000DAD0B9F1000FD3D177071DD43707D3D5DD
:1027A00020270EF804700134CEE716F0010B0DD08F
:1027B000B9F1000F22D116F00C0F1FD1BC4299D2F3
:1027C0001F2C87D9202DC7D82024A4E7BC42A2D231
:1027D0001F2C7FF67FAFF7E72B270EF8047001342C
:1027E000CDE90B56CDE909E4BDE8F04FFFF714BF82
:1027F000202CA9D00EEB0407013440E0013DDDE7B9
:10280000671E8FD0B8F1100F2FD0B8F1020F35D05E
:102810003C46B5E7B7060FD4202C95D00EEB040C40
:10282000013478278CF80070A8E7B4060ED4782419
:102830008EF800400124A3E7202C85D04FF0580CDF
:102840000EEB040787F800C0013497E758248EF890
:102850000040012494E762248EF8004001248FE7B1
:10286000BBF1000F08BF002555E716F0200FA4F1BB
:102870000204E3D10EEB040C3C46D2E777444FF060
:10288000620C87F800C079E700B9704701F070BAB0
:1028900010B1D1E900311847704700BF00000000B7
:1028A0002DE9F04F2DED048B9BB02A9CDDE92889A2
:1028B00009942B9C83461D460D940C920C4642466F
:1028C0004B4640464946DDF8B0A0FFF733FE0028EE
:1028D00040F0D680404649464FF0FF32744BFFF738
:1028E00077FE002840F0CC80404649464FF0FF324A
:1028F0006FF48013FFF730FE002840F0C18040469F
:10290000494600220023FFF727FE002840F0C1813E
:10291000CDE90A89DDE90A231F461AF480631646C9
:102920001193099B08BF0623099356EA070340F059
:10293000C3801AF4006E00F0A4819FED5B7B00233E
:102940008DED0E7B1093099B109A00269342D2BF07
:102950000023A3EB020E0EF1FF3309934AF4806AC1
:1029600010960D9BB34294BF00279F1B1AF00203E1
:10297000119302D0002E18BF0027109B3BB1DDE958
:102980000A01DDE90E23FFF73FFDCDE90A014046CC
:10299000494600220023FFF7DFFD30B1DDE90A01DF
:1029A000024601F10043CDE90A239DED0A7B099B14
:1029B0008DED007B02932AF40063049321462B469D
:1029C00058460C9A039700F09BF98046002E51D090
:1029D0001AF0200F424614BF452065202B462146A1
:1029E000D847109A0DF1480C82EAE273A3EBE27328
:1029F0004FEAD27E002762461846DFF8B89008F109
:102A0000010806F1FF3A01E0202F0FD00646A9FB8E
:102A10000031C90801EB8103A0EB43033033092ED9
:102A2000084607F1010702F8013BEDD80523002015
:102A300006930A234246CDE9033021462B465846E9
:102A4000CDE9017ECDF814A0CDF800C0FFF728FE37
:102A5000119B804673B10C9B0D9FC61AB74209D9D2
:102A600042462B46214620200136D847B74208F17E
:102A70000108F5D840461BB0BDEC048BBDE8F08FD3
:102A80000D9B21462B9358462B46099C0C9ACDE969
:102A90002889CDF8B0A02A941BB0BDEC048BBDE80A
:102AA000F04F00F02DB900BF000000000000000052
:102AB000FFFFEF7FCDCCCCCCC7F30A50A0F2FF30A4
:102AC000FFF7F0FC8AA3D3E90023FFF779FC8AA380
:102AD000D3E90023FFF74CFCC7F3130341EC180BB9
:102AE00043F07F51304600227B4B41F44011FFF709
:102AF00053FC6BA3D3E90023FFF762FC02460B46AD
:102B000051EC180BFFF734FCFFF7F0FC1090FFF7C7
:102B1000C9FC65A3D3E9002306460F46FFF750FC26
:102B200000226E4BFFF724FCFFF7E0FC034639461A
:102B300030460E935EA3D3E90023FFF741FC06461F
:102B40000E980F46FFF7AEFC5BA3D3E90023FFF717
:102B500037FC02460B4630463946FFF71DFC02465D
:102B60000B4606460F46FFF72BFC324641EC180B8E
:102B70003B4630463946FFF7FBFB002241EC190B80
:102B8000574B51EC180BFFF73FFC0022554BFFF75A
:102B9000EFFB02460B4651EC180BFFF735FC002209
:102BA000514BFFF7E5FB02460B4651EC180BFFF7C4
:102BB0002BFC32463B4606460F4600204FF0804134
:102BC000FFF7EAFB02460B4630463946FFF7D0FBDB
:102BD00002460B4651EC190BFFF716FC0022434B43
:102BE000FFF7C6FB0E9B002203F2FF363305FFF70B
:102BF000E7FB06460F46DDE90A0132463B46CDE9D2
:102C00000E67FFF7A9FC60BB31463A46109B633361
:102C1000C72B34BF042605261AF4006F3FF4A1AE7B
:102C200051EA02033FF48FAEDDE90A0124A3D3E9A0
:102C30000023FFF7B9FC48B1DDE90A0122A3D3E97B
:102C40000023FFF789FC00287FF47DAE099B002B51
:102C50003FF487AE119A002A3FF483AE013B0993FB
:102C60007FE6109B0022013B109330461D4B3946F6
:102C7000FFF7CAFB0B4602460146CDE90E231A4672
:102C8000C4E79FED137B04268DED0E7BCDF840E06D
:102C900067E609F10043CDF828800B933AE600BFC0
:102CA00061436F63A787D23F71A379094F930A40AD
:102CB0001655B5BBB16B0240EF39FAFE422EE63F26
:102CC0002D431CEBE2361A3F0000000080842E41A9
:102CD00000000000000000000000F83F0000E03F9E
:102CE00000002C4000002440000018400000F03F8D
:102CF000FB799F501344D33FB3C8608B288AC63FEB
:102D00002DE9F04F2DED028B95B0DDE922450695BA
:102D1000249DDDE92067CDE90701CDE9092330468F
:102D200032463B4639460595FFF704FC002840F043
:102D3000C481304639464FF0FF326FF48013FFF7FD
:102D40000BFC002840F00D81304639464FF0FF3231
:102D5000BF4BFFF73DFC002840F0DD80B8A3D3E96E
:102D6000002330463946FFF733FC002840F0C1808D
:102D7000B5A3D3E9002330463946FFF7EDFB002821
:102D800040F0B7803046394600220023FFF7E4FBCD
:102D9000002840F0DA802B460B9013F4806F08BFB8
:102DA00006243021A2460CABA4F1200206E00AF171
:102DB000FF3A524503F8011B00F03181BAF1090FC7
:102DC000A4EB0A05F3D839463046FFF78FFBA14B39
:102DD000044603EBCA0393ED008BFFF763FB024647
:102DE0000B4630463946FFF7D7FA53EC182BFFF75E
:102DF000E7FA89468046FFF78BFB8346FFF764FBC3
:102E000002460B4640464946FFF7C6FA0022924B5F
:102E100080468946FFF7DCFB002800F0F1800BF1CB
:102E2000010B5846FFF750FB02460B4651EC180BBE
:102E3000FFF7A6FB10B14FF0000B0134BAF1000F01
:102E400040F09A802046FFF72DFB02460B463046A5
:102E50003946FFF7A1FA00227F4B06460F46FFF7DF
:102E60007BFB40B93046394600227B4BFFF7B0FB75
:102E7000002800F016816A1E0CAB78491A44202DF8
:102E80004FEAE47300F0938081FB0460C3EBA0037E
:102E900003EB8300A4EB400404F1300001351C4631
:102EA00002F8010F002BEAD1059B03F00303012B6D
:102EB00000F08380202D0AD00B9B002B00F0B18006
:102EC0002D2205F150036B4403F8202C0135059B9E
:102ED0000CAC0393069B0094CDE90153DDE9070197
:102EE000DDE90923FFF798FB15B0BDEC028BBDE8C7
:102EF000F08F059BCDE92067DDE907012493069B50
:102F000022942393DDE9092315B0BDEC028BBDE8C3
:102F1000F04FFFF7C5BC05F004042395504D002C7D
:102F2000504C18BF2C46DDE9070120940CBF032448
:102F30000424069B2293DDE90923219415B0BDECFE
:102F4000028BBDE8F04FFFF767BB01213B463246DD
:102F50000B9100200021FFF71FFA2B4606460F4673
:102F60001BE7069C239522940424DDE90923DDE96F
:102F700007013D4D2095E0E7681E0CAB3B4F184420
:102F80000FE0A7FB0B32D20802EB8203ABEB43034B
:102F90003033BBF1090F00F8013F69D9B2469346BF
:102FA0000D46202D0AF1FF3605F10101E9D1059BFF
:102FB000202503F00303012B89D1069B002B3FF44E
:102FC00079AF0B9B1BB9059B13F00C0F02D0069B2E
:102FD000013B0693069BAB427FF66CAF202D0DD0D4
:102FE00030226B1E0DEB02010B44069901358D4218
:102FF00003F8012F3FF45EAF202DF7D1202566E7BF
:10300000404649460022144BFFF7A6FA00287FF4F9
:1030100015AFBBF1000F4BD10BF1010B0EE72025D3
:10302000D1E6059B5A0741D41B077FF550AF2022FC
:1030300005F1300313446B4403F8202C013546E7B7
:103040000000000065CDCD410000000065CDCDC180
:10305000FFFFEF7FF87A00100000E03F67666666CA
:10306000E47A0010E07A0010F07A0010CDCCCCCCDD
:1030700020299CD05EB30CAB5A1930200D46013587
:10308000202D02F8010F92D0EB430B4413EB0A0FF3
:10309000F5D12E2205F150036B4403F8202C0135A5
:1030A000E9E6E1077FF5E7AE0134E4E62B2208E725
:1030B0001BF0010F3FF4C2AEAEE7069C23952294AD
:1030C000044D0324DDE90923DDE9070152E70D463C
:1030D000DFE700BFEC7A00102DE9F04F9BB0249C95
:1030E000844D0994844C0F1E18BF834625601878C0
:1030F000824D904608BFAB46002800F0C4821C46B3
:103100004FF0000A0AE0524643463946D8470AF1D2
:10311000010A01342078002800F0C9802528F2D166
:103120000021631C1C4613F8010BA0F12002102A99
:103130000AD8DFE802F03C09093909090909090937
:103140000936093309093000A0F13003092B40F298
:1031500090802A2800F0B98000252E2800F0988061
:1031600000230A93A0F16803122B27D8DFE813F09D
:103170001F0126001A01260027012600260026002E
:103180002600260026002600220026002600260013
:1031900026002600220041F00101C3E741F00201B0
:1031A000C0E741F00401BDE741F01001BAE741F08A
:1031B0000801B7E7607841F480710134A0F125037C
:1031C000532B00F28E80DFE813F01C018C008C0082
:1031D0008C008C008C008C008C008C008C008C008F
:1031E0008C008C008C008C008C008C008C008C007F
:1031F0008C008C008C008C008C008C008C008C006F
:103200008C008C008C008C008C00C5010201C50173
:103210008C008C008C008C008C008C008C008C004E
:103220008C008C008C008C008C008C008C008C003E
:103230009B008C008C008C008C008C008C008C001F
:103240008C008C009B008E019B00C5010201C50112
:103250008C009B008C008C008C008C008C009B00F0
:103260006E018C008C0026018C009B008C008C0071
:103270009B00002505EB850500EB450514F8010FC3
:10328000303DA0F13003092BF4D92E287FF468AF2C
:10329000607841F48061A0F13003092B04F1010250
:1032A00040F23F812A2800F04B81144658E75446EB
:1032B000D04501D808F1FF3A43465246394600202E
:1032C000D84720461BB0BDE8F08F099B607853F8C3
:1032D000045B0134002DBCBF41F002016D42099333
:1032E0003BE752464346394601340AF1010AD847C2
:1032F00010E700BFD9300010682500201526001007
:10330000782800F07A81582800F0C0816F2800F0FA
:103310000E82622800F06A8321F0100369284FF0C2
:103320000A090B9340F00682490500F16D810B9B61
:1033300013F4007040F0088213F4807140F0E382CF
:103340005E06099A00F1498213F0800F52F8043B9F
:1033500000F097831BB2099283EAE372A2EBE37257
:1033600092B2D80F0D90002B40F065820B9820F0A0
:10337000100340050B9340F15E8212AB0C93524652
:103380000B9BCDE905530A9BCDE903930D9BCDE93A
:1033900001130C9B0093434639465846FFF780F9CA
:1033A00082467EE0607841F40071013406E760787F
:1033B000682800F0638141F080010134FEE6607806
:1033C0006C2800F0568141F480710134F6E60A9BC6
:1033D000462808BF41F020010293099BCDE9035123
:1033E000073323F00705B5EC027B524643463946C6
:1033F00058468DED007B0995FFF782FC013482462B
:1034000088E60AF1010052464346824639462520A5
:103410000134D8477EE6099B53F8046B0D930A9B51
:103420003078002B00F0D880002800F032835A1E3C
:103430000132B146324401E0914503D019F8013F11
:10344000002BF9D1A9EB0603099311F480630B93C8
:1034500005D0DDE90932934228BF1346099311F0E4
:1034600002030C9300F04981002800F034810B9B8B
:10347000002B00F0B7800A9B52465344994608E05F
:1034800043463946D84716F8010F0AF1010A10B130
:103490005246D145F4D10C9B002B40F01C810D9B72
:1034A0000993013436E6099850F8043B002B74D098
:1034B00041F0210512AA164600210C9202E02029B3
:1034C00074D0134603F00F0C6246BCF1090F94BF91
:1034D000303237320F2B06F8012B01F101014FEA90
:1034E0001312ECD862E08B0740F1DA80DDF824900B
:1034F000524659F8040B43463946C0B2D847012D0D
:103500000AF1010688BFAA4440F29181324643463F
:10351000394620200136D8475645F7D1CDF82490BA
:10352000BFE7002303EB830300EB430312F8010F13
:10353000303BA0F13004092CF4D914460A9311E66B
:10354000099BA07853F8042B0234099322EAE27312
:103550000A9307E600F0DF03472B08BF00F0FD00E9
:103560000A9B08BF41F40061452808BF41F02001D3
:103570000293099BCDE90351073323F00705B5EC0E
:10358000027B52464346394658468DED007B0995ED
:10359000FFF786F901348246BCE521F010054E059F
:1035A00045F0210586D5194612AB0C930A9B52466D
:1035B00004930C9B0191009308230593102303931C
:1035C0000023099002933946434658460695FFF773
:1035D00067F8013482469DE56FF0010200287FF410
:1035E00027AF31E7524643463946D84716F8010F10
:1035F0000AF1010A0028F5D14DE74FF0100921F03A
:103600000C0349050B9303D50B9B23F001030B938C
:1036100069283FF48CAE64283FF489AE0B9B13F409
:10362000007040F0528113F4807140F0C6815E0654
:1036300040F1F080099B53F8042B0993D2B2002A81
:1036400040F01E810B9820F0100340050B9340F1D1
:103650001781114612AB0C930B9B0191CDE90553D9
:103660000A9BCDE9039352460C9B009300230293DF
:1036700091E6A07841F4407102349FE5A07841F0D2
:10368000C00102349AE50446824611E621F00C039B
:1036900043F020030B934B054FF01009B4D4BDE762
:1036A000012D40F2F4810AF1FF331D445246434696
:1036B000394620200AF1010AD847AA45F6D1099EC9
:1036C000434656F8040B2A463946C0B2D84705F19E
:1036D000010A0996E5E6099B56469D427FF6DFAE54
:1036E00005EB0A00A0EB030A324643463946202088
:1036F0000136D8475645F7D1D1E6099A954202F1ED
:10370000010340F2C88105EB0A09A9EB0209524600
:103710004346394620200AF1010AD847CA45F6D166
:1037200030786B1C099300287FF4A1AEB7E64FF008
:1037300008090B91642818BF0B997FF460AF0B9BAD
:103740005A053FF561AFF2E5099B073323F0070304
:103750001A4610465B6850F8082B002B194616468F
:10376000099060DB0846D90F13430D913BD00B9BAA
:10377000002113F0200F14BF4123612312AA0A3B3A
:10378000CDE90EA51094CDF844B00D4614468246FE
:103790009B460C9203E0202D17D006468A46304601
:1037A0004A465146002303F0DBFFD2B2092A02F158
:1037B000300388BF02EB0B03DBB24E4504F8013B3C
:1037C0007AF1000305F10105E5D22A46DDF838A0BB
:1037D000109C0F9DDDF844B00FE052F8043BDBB2C3
:1037E00009921A46BDE50B9A22F0100352050B937D
:1037F000BDD500231A4612AB0C930B9B0192CDE969
:1038000005530A9B5246CDE903930D9B02930C9BF3
:103810000093C0E513F0800F099B53F8042B099324
:1038200018BF92B20BE7564263EB43019AE7B246E8
:10383000CDF8249035E60B9B13F0200F14BF4FF00A
:10384000410E4FF0610E12AB9C460C93AEF10A0E86
:1038500003E020293FF493AD3246B2FBF9F609FBB1
:103860001620C3B2092803F130008ABF7344C3B2E3
:10387000DBB24A450CF8013B01F10101E9D27EE5DA
:103880000B9B13F0200F14BF4FF0410E4FF0610E51
:1038900012AB9C460C93AEF10A0E03E020293FF4D4
:1038A000DBAE3246B2FBF9F609FB1620C3B209289B
:1038B00003F130008ABF7344C3B2DBB24A450CF84F
:1038C000013B01F10101E9D2C6E6099B073323F070
:1038D00007035A6853F8086B1046099356EA020327
:1038E00035D10B9A22F0100352050B932FD50023EC
:1038F0001A4612AB0C930B9B0192CDE905530A9B20
:10390000CDE90393AFE6099B1A4652F8043B0D92AA
:10391000D90F83EAE372A2EBE3720991002B68D11D
:103920000B9921F010030B934B0562D512AB0C934E
:103930000B9B5246CDE905530A9BCDE90393099BA6
:10394000CDE901030C9B00930D9B099323E50B9B91
:10395000002113F0200F14BF4123612312AA0A3B58
:10396000CDE90DA50F94CDF840B00D461446824622
:103970009B460C9203E0202D17D006468A4630461F
:103980004A465146002303F0EBFED2B2092A02F167
:10399000300388BF02EB0B03DBB24E4504F8013B5A
:1039A0007AF1000305F10105E5D22A46DDF834A0DD
:1039B0000F9C0E9DDDF840B09DE7099B53F8042B4A
:1039C0000993002A39D10B9921F010030B934B0571
:1039D00033D512AB0C930B9B5246CDE905530A9B92
:1039E0000190CDE903930C9B00933FE64FF0020951
:1039F0009FE60B9B13F0200F14BF4FF0410E4FF0CA
:103A0000610E12AB9C460C93AEF10A0E02E0202828
:103A10008ED03246B2FBF9F609FB1621CBB209294A
:103A200003F130018ABF7344CBB2DBB24A450CF8D4
:103A3000013B00F10100EAD27AE70B9B13F0200F63
:103A400014BF4FF0410E4FF0610E12AB9C460C9329
:103A5000AEF10A0E02E02028BDD03246B2FBF9F6E4
:103A600009FB1621CBB2092903F130018ABF734447
:103A7000CBB2DBB24A450CF8013B00F10100EAD2BF
:103A8000A9E7099283EAE372A2EBE37269E455467F
:103A900015E60990D9E4099300287FF4E8ACFEE428
:103AA00070B594461E4605460C4684B04FF0FF3272
:103AB000634602A900960348CDE90254FFF70CFBC8
:103AC00004B070BD9128001010B5094B84B01C687B
:103AD0004CB1034600914FF0FF3203A90548A047BF
:103AE000012004B010BD00F081F9204604B010BDE3
:103AF000682500208928001000BEFDE7704700BF40
:103B0000074A0346106838B1064903448B428CBF0C
:103B10004FF0FF3013607047034908461160F3E728
:103B20006421002000000820F025002008B5FFF7E0
:103B3000E3FF00BF38B5064D064CFEF7BBFAAC42BA
:103B400004D254F8043B9847AC42FAD338BD00BFC6
:103B5000EC770010E8770010036808461146184714
:103B6000437D2DE9F04782460F469146002B44D015
:103B7000002A2ADD002401252046DFF88C804E1E15
:103B80002CB3337816F8012FA3F10D03B3FA83F3A6
:103B90000A2A4FEA531320D02B46994504F1010419
:103BA00005F10105ECDC814505DDA9EB0001DAF842
:103BB0000030384498474F4417F8013CA3F10D03F7
:103BC000B3FA83F35B098AF81430BDE8F08716F87E
:103BD000012F9AF814300A2ADED1002BDCD1A04242
:103BE00004DA211ADAF800303844984740460221B6
:103BF000DAF8003098472846CEE73846DAF8003041
:103C00001146BDE8F0471847487B0010F8B50B682F
:103C10005A1C802A0B440A60187100D0F8BD0D4B65
:103C20000D461C689CB10C4E0F1D01E0246974B157
:103C30002368002BFAD033680BB1A342F6D120469B
:103C400039462A68FFF78CFF2469002CF0D1002345
:103C50002B60F8BD54210020602100202DE9F047A1
:103C600082B00D46924699460746FEF77DF82F4AE8
:103C7000821841F10003002BBCBF4FF0FF326FF000
:103C800000432B4803F060FD6B1C804603D138468F
:103C900003F0CEFB0546274B274E1C68274BB9F196
:103CA000000F08BF1E46B4B1BAF1000F1AD1DFF8F9
:103CB000909001E0246974B12368002BFAD0D9F800
:103CC00000300BB1A342F5D120462A463946B04711
:103CD0002469002CF0D1B8F1000F1FD1284602B0A2
:103CE000BDE8F0874FF00A0ADFF8549002E024693B
:103CF000002CF0D02368002BF9D0D9F800300BB19C
:103D0000A342F4D120462A463946B0472046012234
:103D10000DF107018DF807A0B047E8E7044803F06C
:103D20002BFD284602B0BDE8F08700BF40420F00DF
:103D3000201C002054210020613B0010593B001042
:103D400060210020084A136823B90AE003F1100239
:103D50001B6933B19842F9D129B903691360016134
:103D6000704701B1106070475421002000F056BA2E
:103D7000F0B583B006468DF80700FDF7F5FF174A4A
:103D8000821841F10003002BBCBF6FF000434FF0DD
:103D9000FF32134803F0D8FC124B07461C689CB155
:103DA000114D01E024697CB12368002BFAD02B6807
:103DB0000BB1A342F6D1204601220DF10701FFF716
:103DC000CFFE2469002CEFD117B9304603B0F0BD07
:103DD000034803F0D1FC304603B0F0BD40420F0071
:103DE000201C0020542100206021002038B504460A
:103DF00003F01EFB012305461A4620462946FFF71D
:103E00002DFF084B1C682CB163682BB198472469BF
:103E1000002CF9D1284638BD2469002CF4D128465D
:103E200038BD00BF542100202DE9F041A2B0044666
:103E30000D46FDF799FF274A0026821841F100033D
:103E4000002BBCBF4FF0FF326FF00043224803F05D
:103E50007BFC2B4607462246204801A90196FFF726
:103E60001FFE019B06467BB91D4B1C682CB1636885
:103E700043B198472469002CF9D10FBB304622B0DA
:103E8000BDE8F0812469F1E7DFF85480D8F80050EC
:103E9000EDB1144C01E02D6975B12B68002BFAD0FF
:103EA00023680BB19D42F6D12846019A02A9FFF77B
:103EB00057FE2D69002DF0D1D8F800400195D5E7C7
:103EC000054803F059FC304622B0BDE8F081019569
:103ED000D3E700BF40420F00201C00200D3C001023
:103EE00054210020602100200FB400B583B004A944
:103EF00051F8040B0191FFF797FF03B05DF804EB55
:103F000004B07047024A034B10601960704700BF4D
:103F1000F4200020F8200020184B70B51A68002A01
:103F200028D0EFF3108172B6D2E8CF4F0120002CD9
:103F3000FAD1C2E8440F002CF6D1BFF35F8F002204
:103F40000F4C186859602270C0E88F2F81F31088D9
:103F5000002400250B4E3078FCF7B0FF20B9002478
:103F600000252046294670BD3078FCF7B7FF204673
:103F7000294670BD4FF47A740025EBE774250020C4
:103F8000EC250020EB250020014B1878FCF7A6BF9C
:103F9000EB25002038B5044600200D4601F08EFBCD
:103FA00090B3002001F0A0FB70B3FDF7DDFE184ACE
:103FB000821841F10003002BBCBF4FF0FF326FF0BD
:103FC0000043144803F0C0FBF0B1002001F076FB81
:103FD00058B900214FF0FF3000F086FD6FF0020469
:103FE0000C4803F0C9FB204638BD002001F07CFBE3
:103FF0000028EED021462A46002001F081FB041E55
:1040000008BF6FF00204EBE76FF00204EBE700BFBC
:1040100040420F00CC25002008B5FDF7A5FE0F4A51
:10402000821841F10003002BBCBF4FF0FF326FF04C
:1040300000430B4803F088FB70B14FF0FF300021C4
:1040400000F052FD002001F0A3FB0028F5D1BDE8EF
:104050000840034803F090BB08BD00BF40420F007A
:10406000CC2500202DE9F84307460E46FDF77CFEDF
:10407000344A821841F10003002BBCBF4FF0FF32DD
:104080006FF00043304803F05FFB08B9BDE8F883E8
:10409000002001F013FB002849D0002E42DD00254E
:1040A000DFF8A880DFF8A89013E02246002001F096
:1040B000B3FB002104464FF0FF3000F015FD002057
:1040C00001F066FBFDF750FEC8E900012544AE4251
:1040D00028DD002001F0C4FB741B8442A8BF044605
:1040E0007919002CE1D121464FF0FF3000F0FCFCA3
:1040F000204601F04DFB204601F0E0FA90B1204649
:1041000001F0AEFB0028E2D1FDF72EFED8F800301A
:10411000D8F8042013EB090342F10002834272EB4A
:104120000103D4D20848BDE8F84303F025BB0020C2
:104130000021064BC3E90001BDE8F843024803F043
:104140001BBB00BF40420F00CC250020A81D002053
:1041500020A1070030B5002185B02A4803F018FBE4
:10416000F0B9294B1A68CAB1EFF3108172B6D2E8E0
:10417000CF5F0124002DFAD1C2E8454F002DF6D1C2
:10418000BFF35F8F214C1D6822785960D3B20122A2
:104190002270C5E88F0F81F31088CBB105B030BD18
:1041A00000214FF0FF3000F09FFC002001F09CFA4E
:1041B0000446144803F0E0FA002CEFD0144B1B68BF
:1041C000002BEBD0134A106805B0BDE8304018470B
:1041D000FDF7A6FB0446FDF7C7FD10F57A7241F125
:1041E00000030125002120460B4C002BBCBF4FF0E3
:1041F000FF326FF00043CDE901150094FDF794FB09
:1042000005B030BDCC25002074250020EC25002011
:10421000F4200020F8200020193F00104FF05043F8
:1042200030B585B01C68FDF77BFBFDF78DFCA04227
:1042300002D0002005B030BD0021274B08461B7876
:1042400001F0CAFC25480368002B42D00120FDF78D
:10425000D7F80346224C2349C0B22370FCF75CFE1A
:1042600020780121FCF714FE0E20FCF745FE18BB58
:104270001D4B0125C3E90000FDF752FB0446FDF785
:1042800073FD10F57A7241F1000300212046174CAE
:10429000002BBCBF4FF0FF326FF00043CDE901159A
:1042A0000094FDF741FB0028C3DB01211048FFF714
:1042B00049FD012005B030BD0120FCF7A5FD0146F8
:1042C0000948FDF7FDF800220E200A49FCF752FECE
:1042D000EBE7FDF7D9F8B9E7EC9C0010CC250020FE
:1042E000EB2500205541001074250020193F0010D7
:1042F00090130020893F001000487047EC7B0010AD
:1043000000487047987B001038B51A4B04461A785D
:104310002AB344B940F209424FF44173164D6A8002
:1043200015482B8038BD052C21D8144B124D53F85D
:10433000241028460023013903E0132B20F8022F14
:1043400012D011F8012F5FFA83FC0133002AF4D157
:104350000CF10103DBB25B0043F44073E0E7112191
:10436000184600F025F8D4E74FF44A73D8E7002048
:1043700038BD00BFD42500202C210020007C001077
:1043800000B545F247308BB0FDF736FE01220346FB
:10439000092101A89847DDE90332044912BA1BBA82
:1043A000C1E900230BB05DF804FB00BFA425002089
:1043B000013900F0B3805D4A13784FEA231C9F2B2C
:1043C0008CBF0CF1370C0CF1300C012980F800C0C7
:1043D00000F0A78003F00F03092BCCBF3733303335
:1043E0000229437000F09D8053784FEA231C9F2BD5
:1043F0008CBF0CF1370C0CF1300C032980F802C093
:1044000000F08F8003F00F03092BCCBF373330331C
:104410000429C37000F0858093784FEA231C9F2BFA
:104420008CBF0CF1370C0CF1300C052980F804C05E
:1044300077D003F00F03092BCCBF37333033062975
:1044400043716ED0D3784FEA231C9F2B8CBF0CF1A5
:10445000370C0CF1300C072980F806C061D003F04E
:104460000F03092BCCBF373330330829C37158D021
:1044700013794FEA231C9F2B8CBF0CF1370C0CF1E6
:10448000300C092980F808C04BD003F00F03092B2A
:10449000CCBF373330330A29437242D053794FEAC5
:1044A000231C9F2B8CBF0CF1370C0CF1300C0B290B
:1044B00080F80AC035D003F00F03092BCCBF373387
:1044C00030330C29C3722CD093794FEA231C9F2BD5
:1044D0008CBF0CF1370C0CF1300C0D2980F80CC09E
:1044E0001FD003F00F03092BCCBF373330330E2915
:1044F000437316D0D3791A119F2B8CBF37323032C9
:104500000F2982730DD003F00F03092BD4BF303372
:1045100037331029C37318BF103002D00023037043
:104520007047002308440370704700BFA425002093
:10453000704700BF0022014B1A707047E925002028
:104540004B79FF2B0BD1887948B9CB79012B07D157
:10455000082A05D9034B8A7809201A707047002071
:10456000704700BFE925002001207047012908D1CC
:1045700010B5114B0C461B789188994203D000204E
:1045800010BD012070475378012B08D0022BF6D1C3
:10459000002164220846FDF7B7FC204610BD518873
:1045A00011F480721ABFC1F3C012480A4FF0FF30F5
:1045B00001F00301FDF72CFDE925002000487047BC
:1045C000187C0010012907D15378012B02D1938860
:1045D000072B03D000207047012070471146A62307
:1045E000014A00F023BF00BF3C7C001003460122BB
:1045F00001481A70704700BFE47C001008B50B68D2
:10460000B3F5966F00D008BD00224FF0FF30114681
:10461000FDF7FEFCF8B500F035F90C2340271A4DE4
:104620001A4CAB67FF220E201949FCF7A3FC3A464F
:104630000021204603F080F8164B0126A36280215A
:104640000023154A6670A260843A27832787618415
:10465000C2F88430C2F88030636084F8213084F876
:104660003B3063620D4BE360E36203F075F84FF09B
:1046700000544FF480320A490A4B2E643046EC64F1
:10468000C5F89010DA64F8BD0000115068210020D0
:10469000A50300208000105084001050000110502D
:1046A00010D001000020115001210E20FCF7F0BBBA
:1046B00000220248114600F005B900BF8821002001
:1046C000044B197021B14FF40032034BC3F8902012
:1046D000704700BFE6250020002011500B785B06D4
:1046E00002D14B78052B00D070474B88014ADBB2D2
:1046F0001360704700001150CB782DE9F04103F0B2
:10470000030EBEF1010FC3F301005BD0002791F847
:1047100002C0344D0CF07F025600898806EBDC1392
:1047200005EB43134FEADC14C1F30A01D87684F099
:10473000010083F802C019835870DF7074BB042332
:10474000294803EBC20305EB821C03EB0008CCF8FD
:1047500008801F506AB3254BD2001344CCF80430B4
:104760003F31BEF1020F21F03F0136D0204A2148EF
:1047700013683444194405EB441581421160EB6021
:104780002DD883F0A04383F480136A6843EA8E63D4
:1047900043F0004301201360BDE8F081124813B2DA
:1047A00000EBC20805EB821CCCF8288040F833707F
:1047B0005AB90023104A05EB44140120E2606360FB
:1047C000BDE8F0810020BDE8F081D20002F1A042F6
:1047D00002F58012CCF82420C2E74900C6E7FDF7B5
:1047E00063FC00BF682100208000105004001050BE
:1047F00070250020FF0F10500001105002F0ACBFD8
:104800008C4608B5114607481A460CF07F034FEA5C
:10481000DC1C0CEB430C00EB4C1000F053F80120B7
:1048200008BD00BF6821002011F07F000AD0C9092F
:10483000074B01EB40004FF40062002103EB4010F6
:1048400002F086BF034BC909C1F102029A66EFE785
:10485000682100200020115011F07F0300D1704723
:10486000002210B4C809064C00EB430004EB4013CF
:104870006FF4006118465DF8044BDA7002F068BF0F
:10488000682100204FF0805209480A4908B50A4BB8
:1048900002600A609968C94311F08051FAD14FF45F
:1048A0008052064802F048FF0922054B5A6708BDAE
:1048B0000020024000300240000002400000105082
:1048C00000001150837E10B50446BBB94FF0000CB8
:1048D00001232046A2822161A4F816C0A37602F02B
:1048E0005BFF20B14FF40032084BC3F89020204604
:1048F00002F046FF28B10123237710BD02F034FFF8
:10490000E4E72046BDE8104002F032BF002011501D
:104910002DE9F0414FF000081C4C07464246237831
:104920001B4E1C4D0DE02B6813EB421325D0DB68AA
:104930003846984708F1010823785FFA88F29342D5
:1049400006D39342A2EB0303EDD806EB4313EEE745
:10495000114C54220021204602F0EEFE4FF0FF33AE
:10496000251D6360C5E90133EB6004F114002022CA
:10497000BDE8F041FF2102F0DFBE4FF0E023D3F8A5
:10498000F03DDB0700D500BEBDE8F081E525002045
:10499000607D0010001E0020D01F0020704700BF67
:1049A000704700BF0020704700207047704700BF6D
:1049B000704700BF704700BF704700BF024B587878
:1049C000003818BF01207047D01F0020024B187814
:1049D000C0F38000704700BFD01F00202DE9F047D2
:1049E000364F3B78FF2B4ED10C4600294FD000218B
:1049F00054220646324802F09FFE0022314D324BCF
:104A000028461A70FCF740FD304B1D60304D05F113
:104A10001400FCF747FD284601F0C0FB2D4B1D603C
:104A20002D4B23B12D48FFF7E1FD2D4B18604FF0C2
:104A3000000A2A4D53462A78DFF8A890DFF8A080B4
:104A40000CE0D8F8002012EB431311D05B687BB167
:104A500098472A785FFA8AF39A4222D393420AF15E
:104A6000010AEED39B1A09EB43135B68002BEFD1CD
:104A70004FF0E023D3F8F03DDA0700D500BE002464
:104A80002046BDE8F08701242046BDE8F0874FF0BE
:104A9000E023D3F8F03DDB07F1D500BE2046BDE8AA
:104AA000F087214630463E70FFF7B4FD04460028EB
:104AB000EDD03046FFF7F8FDE6E700BFC413002055
:104AC000D01F0020C81F0020E72500202420002040
:104AD000A813002028200020ED450010E525002027
:104AE000001E0020607D00102DE9F04FDFF8BC9221
:104AF0008BB099F80030FF2B00F0EC80A64CDFF86B
:104B0000B0A2DFF8B0B225686B69EFF3108272B61D
:104B1000D3E8CF0F01210028FAD1C3E8401F0028B5
:104B2000F6D1BFF35F8FAA61284607A901F092F979
:104B300000236A69C2E88F3FAB6983F310880028BD
:104B400000F0C8809DF81D30013B072B00F27983EF
:104B5000DFE803F0A4AF909988360A04089B002B85
:104B6000D1D009989847CEE79DF820108B4B01F0E3
:104B70007F0503EB450303EBD11393F834206FF368
:104B8000000283F8342093F834206FF3820283F814
:104B90003420002D00F0A18081481A7D03789A42CC
:104BA00080F09080DBF8003013EB421300F08B8034
:104BB0009D699DF82120099B9DF81C00A847A2E74C
:104BC000784A1378002B7ED01378013BDBB2137048
:104BD000137803F0FF00002B95D1704D9DF81C80D9
:104BE0002B7843F001032B7095F8343060F3000309
:104BF00085F8343095F8343060F3820385F834302A
:104C000095F8353060F3000385F8353095F8353088
:104C100060F3820385F8353000F078FC9DF8203091
:104C200003F06002602A0BD0402A60D003F01F031B
:104C3000012B00F0C180022B00F08680002B62D097
:104C40004FF0E023D3F8F03DDD0700D500BE9DF81E
:104C50001C000021FFF7E8FD80219DF81C00FFF7F4
:104C6000E3FD50E74D4B1B78D9077FF54CAFFFF7BD
:104C7000A3FE48E7494BDB78DA077FF544AF089895
:104C8000FFF78EFE3FE7454B1A78D0077FF53BAF25
:104C90001878C0F3C000FFF78DFE34E79DF81C00C4
:104CA000FFF736FE00F028FC3C4B9DF820209A7060
:104CB00029E79DF81C00FFF72BFE00F01DFCFFF715
:104CC00077FE20E711D04FF0E023D3F8F03DDC076A
:104CD00000D500BE0BB0BDE8F08F099B9DF82120E8
:104CE0009DF81C0000F026FC0DE7534660E72E48B7
:104CF00000F00CFC4046012108AAFFF763FC0028E5
:104D00007FF401AFA3E7202A00F08081002A97D129
:104D10009DF82130092B93D801A252F823F000BF4F
:104D2000AB4F00108F4F0010414C0010CD4F0010C2
:104D3000414C0010754F0010234F0010414C0010E3
:104D40000D4F00103F4E00109DF8241011F0700F11
:104D50007FF476AF124B01F07F06187805EB46031F
:104D600003EBD1131B7DCF0983424FEA460601971F
:104D700053D340F068815746002A00F06881786973
:104D800000F0C4FB404601217B6908AA984700282F
:104D90007FF4B9AE5BE700BF28200020D01F0020C1
:104DA000E5250020E7250020C5450010C41300209C
:104DB000607D0010001E00209DF824300F2B3FF670
:104DC00046AFAE4A2B441B791278934230D37FF41E
:104DD0003EAF5546686900F099FB012140466B697A
:104DE00008AA984700287FF48EAE9DF8203013F073
:104DF00060057FF42CAF9DF821300A3B012B3FF674
:104E000026AF00F083FB9DF821300A2B00F0EE81E5
:104E1000404608A900F0F0FA75E6DBF8007007EBF1
:104E20004317002A00F01381002F3FF410AFA6E7CC
:104E3000DBF8005015EB43153FF409AFCAE76B7878
:104E40009DF822609E4200F04A816B78002B40F072
:104E5000BB816E70002E00F04081701EC0B2FFF763
:104E60004FFA002800F05C814378022B40F0588113
:104E70002B78C27923F03001C2F340131B01C2F337
:104E8000801243EA42130B432B70438800F1090759
:104E9000C3180293CDF80C80029BBB4240F2A18163
:104EA0007B780B2B00F0AC814FF00108042B40F015
:104EB00037810026029B3946DA1B704B37461B7838
:104EC000019692B21BE0DBF8006016EB471600F08B
:104ED0002781019B0398013301933369CDE90412C3
:104EE0009847DDE90412082802D9824280F0FC804C
:104EF000624B9DF804701B78BB42C0F01181BB422D
:104F0000A7EB0303DFD80AEB4316E2E76B784046D2
:104F10008DF81A300DF11A02012308A900F086FA63
:104F2000F1E5BDF82200030A5A1EC0B20E2A3FF670
:104F30008EAE01A151F822F051510010E94F00103E
:104F40008D5100104F4C00104F4C00106F5100104D
:104F5000E94F00104F4C00104F4C00104F4C001008
:104F60004F4C00104F4C00104F4C00104F4C001095
:104F70004351001008A800F0CFFA40469DF82210D7
:104F8000FFF796FB2B7843F002032B70BBE5BDF8CF
:104F90002230012B7FF45BAE2B7840466FF3C303C6
:104FA00008A92B7000F028FAADE540462B789A0846
:104FB00002F00202C3F340131343ADF81A300DF1AF
:104FC0001A02022308A900F031FA9CE5BDF822304C
:104FD000012B7FF43CAE2B78404643F0080308A930
:104FE0002B7000F009FA8EE5022B00F00F81FFF71D
:104FF000DBFC024600283FF42AAE4046538808A94D
:1050000000F014FA00287FF47EAD20E69DF82430ED
:105010000F2B3FF61CAE194A2B441B791278934292
:1050200027D2DBF8005015EB43153FF410AE68694A
:1050300000F06CFA404601216B6908AA98470028E5
:105040007FF461AD03E6002A7FF401AE00279DF8EE
:10505000212002F0FD03012B12D0002A7FF4F0ADD5
:10506000019B35442B4493F834304046C3F340034E
:10507000A3E77FF4ECAD5546D9E700BFE525002056
:10508000BDF82230ABB9012A00F0888099F8000001
:10509000FFF7CAFB019AAB19134493F8342042F08E
:1050A000020283F8342093F8342042F0010283F89E
:1050B0003420002F3FF427AD786900F027FA7B6990
:1050C000012108AA40469847002000F01FFA95F8F1
:1050D0003530DE073FF517AD9AE6FFF769FC40462D
:1050E00008A900F089F90EE5B8F1010F33463E46F4
:1050F0000F4600F09F80B8F1000F00F08E80002373
:10510000B97804E01671DAB2904540F28680CA1888
:1051100055FA82F292F804C00133BCF1FF0FF1D0CE
:105120004FF0E023D3F8F03DDB0700D500BE4FF091
:10513000E023D3F8F03DDF0700D500BE00236B70FD
:1051400085E5FFF73BFA024600287FF456AF7EE57F
:10515000FFF7D2F8024600283FF472AD4046122312
:1051600008A900F063F900287FF4CDAC6FE5FFF7E4
:1051700019FC024600283FF46AAD4046137808A99E
:1051800000F054F900287FF4BEAC60E5BDF82410AF
:10519000FFF7BAF802460028EFD158E599F8000069
:1051A0000293FFF759FB019BAA191A4492F8341095
:1051B000029B63F3410182F8341092F8341063F3D8
:1051C000000182F8341074E700214046FFF778FAB6
:1051D0004046FFF713FBAF784046FFF799FBAF70EF
:1051E00037E6DDF80C80FFF7E1FB78E74046012366
:1051F00008A90DF11A028DF81A5000F017F982E48F
:105200003B7897F803801F447B784FE6FFF778F8E8
:10521000024600287FF4F1AE12E5394602463346D5
:1052200007440C4800F08CFD0B4B1B78B342BFF4D5
:1052300033AE75E71B69094A934208BF4FF0020875
:105240005DE74FF0E023D3F8F03DDB077FF55BAC83
:1052500000BE58E4E41F0020E52500205559001049
:105260002DE9F84F0A9F002A40D00C461E461546ED
:105270004FF0000ADFF87C90DFF87C8018E02046D1
:1052800098F8021099F800B000F026FDE0B1214630
:105290005846FFF731FAF0B1A2780AF1010AD309B2
:1052A00016BF0B9B3A701A702278AA4514441DD081
:1052B0006278052A0FD1E17801F00301B1420AD1E9
:1052C000A27812F0700FDAD04FF0E023D3F8F03D5F
:1052D000DA0700D500BE4FF0E023D3F8F03DDB073E
:1052E00002D40020BDE8F88F00BEFAE70120BDE837
:1052F000F88F00BFC4130020D01F002038B58B7872
:1053000013F0700F08D04FF0E023D3F8F03DDB0727
:1053100000D500BE002038BD074A084B0C460846A1
:1053200091781D7800F0D8FC0028ECD02146284662
:10533000BDE83840FFF7E0B9D01F0020C4130020BB
:105340000B46064A06481168DA09343203F07F0337
:1053500002EB4303184400F079BC00BF2420002076
:10536000D01F00200B46064A06481168DA0934327D
:1053700003F07F0302EB4303184400F091BC00BF2D
:1053800024200020D01F002010B5194C01F07F0C04
:1053900004EB4C0404EBD11090F834C01CF0010F66
:1053A00008D04FF0E023D3F8F03DDA0700D500BE77
:1053B000002010BD90F834C000F130040D484CF0CE
:1053C000010C007884F804C0FFF71AFA0028F0D125
:1053D0004FF0E022237960F300032371237960F317
:1053E00082032371D2F8F03DDB07E1D500BE10BD8A
:1053F000D01F0020C413002030B50B4C8C46A646AD
:1054000000230546086849681A46AEE803009CF97F
:10541000001028469942C4E90233BDE83040ACBFD1
:1054200080211946FFF7B0BF901F00202DE9F04101
:105430002F4F4FF00008BE468C4606460868496864
:10544000BA60AEE80300A7F80E80BCF8065082B040
:10545000AB4228BF2B46BB819DB14BB314467AB3F8
:1054600097F90020402B28BF4023002A32DB414619
:10547000204A3046FFF788FF80B1012002B0BDE826
:10548000F0819CF900202B46002AACBF802100212E
:105490002A463046FFF778FF0028EED14FF0E02390
:1054A000D3F8F03DDB0711D500BE02B0BDE8F081B6
:1054B00097F900101A460029ACBF19468021D8E799
:1054C0004FF0E023D3F8F03DDA070DD4002002B00E
:1054D000BDE8F0811A4621460648019302F054F9CE
:1054E0008021044A019BC4E700BE2046C6E700BFF6
:1054F000901F0020501F00200022034BC3E9002210
:10550000C3E902221A617047901F0020014B186105
:10551000704700BF901F002030B40246044C0025A5
:10552000234600685168C4E9025530BC03C3704784
:10553000901F002070B5414CC90922780546B1EB97
:10554000D21F1E4682B021D04BB14FF0E023D3F8DA
:10555000F03DDA0700D500BE002002B070BD214644
:10556000FFF7BCF8236973B1224603212846984708
:10557000012002B070BD01462846FFF755F9802191
:105580002846FFF751F9012002B070BD94F90020C0
:10559000002A06DBA0680028DED01A46284902F05F
:1055A000F3F8E089A168E288304480B23144824255
:1055B000E081A16016D03F2E14D9A28994F9004051
:1055C000131A9BB2402B28BF4023002C27DB9042AC
:1055D0004FF000012FD01A4A2846FFF7D5FE0028C9
:1055E000D1D114E023692BB102212846134A9847F0
:1055F0000028C0D0002394F9002028469A42ACBF6E
:10560000802119461A46FFF7BFFE0028BBD14FF094
:10561000E023D3F8F03DDB079ED500BE9DE7904226
:1056200008D01A460648019302F0AEF88021044AD9
:10563000019BD1E780210022CEE700BF901F002010
:10564000501F00202DE9F0410446FFF7B7F908B9D3
:10565000BDE8F081FFF7BAF907460028F8D1C82560
:10566000144B05FB0436F278002AF1D005FB043315
:1056700003F11005284600F0DBFB3F28E8D9384647
:10568000F178FFF75DFE0028E2D0284600F0D0FB5D
:105690003F2809D9084A3846F17802EBC412402362
:1056A000BDE8F041FFF770BE3846F178BDE8F04143
:1056B000FFF758BE881E0020041E002010B50446C7
:1056C000FFF77CF908B9002010BDFFF77FF900282B
:1056D000F9D1C823034803FB0400007900F001005E
:1056E00010BD00BF881E0020C82208B5034B02FB76
:1056F0000030103000F082FB08BD00BF881E002083
:105700002DE9F8434FF6FE744FF6FF734FF0C808CB
:10571000A24298BF13461C4E044608FB0065103594
:1057200028469AB200F0E0FB0746FFF747F910B9A8
:105730003846BDE8F883FFF749F981460028F7D1DC
:1057400008FB0466F378002BF2D0284600F070FBCB
:105750003F28EDD94846F178FFF7F2FD0028E7D061
:10576000284600F065FB3F2808D9084A48464023F0
:10577000F17802EBC412FFF707FED9E74846F1784B
:10578000FFF7F0FDD4E700BF881E0020041E0020B4
:105790002DE9F0410546FFF711F910B90020BDE8E9
:1057A000F081FFF713F907460028F7D14FF0C8083A
:1057B000174E08FB05642434204600F01FFB002828
:1057C000ECD008FB05663846B178FFF7B9FD002834
:1057D000E4D040220F4902EBC5150D44204629466E
:1057E00000F082FB044670B103462A463846B17881
:1057F000FFF7CAFD50B94FF0E023D3F8F03DDB07C7
:10580000CCD500BECBE7B178FFF7ACFD2046C6E7AC
:10581000881E0020041E002038B54FF6FE754FF696
:10582000FF734FF0C80CAA4298BF13460B4C9AB2B4
:105830000CFB004424340546204600F001FC0346DE
:1058400020461C4600F0DAFA3F2801D8204638BD31
:105850002846FFF79DFF204638BD00BF881E002068
:10586000C82208B5034B02FB0030243000F0E0FAF8
:1058700008BD00BF881E0020F0B50025184C83B07D
:105880002946C822204601F057FFFF234FF4E1319B
:105890000822144863710570A160A27304F13801F5
:1058A00001234022009504F1100000F075FA012355
:1058B000402204F17801009304F1B80704F12400B8
:1058C00000F06AFA04F1C0063846FBF7DDFD304609
:1058D000FBF7DAFDC4E90757C4E90C6503B0F0BD76
:1058E000881E0020841E0020064B1A6A196B12B114
:1058F0000022C3E9072211B10022C3E90C220120D2
:10590000704700BF881E0020002210B50E4C0F48C3
:10591000237802600271DA0707D59B070BD5BDE833
:10592000104001210A4800F055BC103000F036FC50
:1059300023789B07F3D4064800F030FCBDE8104004
:105940000121034800F046BC841E0020881E002070
:10595000AC1E0020F0B54B7983B0022B02D18B79BD
:10596000022B03D00025284603B0F0BD264FBB789C
:105970003BB14FF0E023D3F8F03DDB07F2D500BE9A
:10598000F0E78B7806463B700C7809250C4461786B
:1059900024290BD1082A02D80FE0AA420DD323787C
:1059A0001C4461782B4424299DB2F6D005290AD0E5
:1059B000042902D163790A2B13D00020FFF742FE9D
:1059C000284603B0F0BD21463046FFF797FC00287B
:1059D000CFD0A3787B7023781C442B4461789DB290
:1059E000E6E70A4B27780193013300930223304600
:1059F0001A46E119FFF734FC0028BAD005F10E036E
:105A000017FA83F39DB2D8E7881E00208A1E002073
:105A1000137803F06003202B08D170B5284C9388CD
:105A200094F800C09C4503D0002070BD0020704752
:105A30005378203B032BF7D8DFE803F028240D022E
:105A4000012930D003291FD11E4BEBB10020518812
:105A5000AFF3008018E0012925D0032914D155881F
:105A6000194805F0010686F00101257100F0B2FB2E
:105A7000164B4BB131460020C5F34002AFF3008016
:105A8000012070BD012913D0012070BD01290FD064
:105A90000329F9D10E4B002BF6D000200D49FEF75B
:105AA000ADFD012070BD1146FFF7A6FC012070BDC1
:105AB00011460723074AFFF7B9FC012070BD00BF5C
:105AC000881E002000000000AC1E00200000000026
:105AD000FD450010901E00202DE9F047374D0C4683
:105AE000EA7807468A421E4655D1DFF8E8809AB226
:105AF000414605F1100000F0A3FA314BC3B16B79B8
:105B0000FF2B15D0A6B105F1100908EB060A02E03B
:105B1000D0450DD06B7918F8012B9A42F8D1484640
:105B200000F07CF90028F3D16979AFF30080EFE74A
:105B3000244B23B1244800F071F900283AD000200A
:105B4000FFF780FDAB78A34203D001242046BDE8D7
:105B5000F0871E4B13B10020AFF300800020FFF749
:105B600017FE0028F1D11A4800F048F90028ECD1BE
:105B7000002EEAD016F03F06E7D13846A978FFF7A5
:105B8000DFFB04460028E0D0334632463846A97889
:105B9000FFF7FAFBDAE7AB788B42DAD04FF0E0237D
:105BA000D3F8F04D14F00104D0D000BE00242046FC
:105BB000BDE8F087AFF30080C1E700BF881E00207A
:105BC0000000000000000000981E002000000000FF
:105BD000AC1E0020041E002010B582B0A9B101281F
:105BE00008D80B7833B1184C012B235420D0012056
:105BF00002B010BD4FF0E023D3F8F03DDA0702D435
:105C0000002002B010BD00BEFAE70124084601A939
:105C1000ADF80440FEF7E2FE38B94FF0E023D3F8C8
:105C2000F03DD907EDD500BEEBE7074B1C70E8E768
:105C3000FEF7D4FE0028DAD14FF0E023D3F8F03D90
:105C4000DB07DDD5EFE700BFC41F0020F8B5037800
:105C500013F001041AD1037805465A07C3F38007ED
:105C600001D52046F8BD0E464FF0FF31304601F019
:105C700097FD2B7813F001040BD12B785B0709D427
:105C80002B78012443F004032B7003E0002420460A
:105C9000F8BD3C46304601F06FFD2046F8BD00BF20
:105CA00070B50D4604464FF0FF31284601F078FDEF
:105CB0002378C3F380065B0708D5237813F001022D
:105CC00011BF0026237862F382032370284601F077
:105CD00053FD304670BD00BFC378828803F00300D7
:105CE0000228C2F30A0205D003281BD0012807D0DE
:105CF0000020704702291ED0402A09D80120704791
:105D0000022940F2FF3308BF4FF480639342F6D27A
:105D10004FF0E023D3F8F00D10F00100EFD000BEFB
:105D20000020704702290CBF4FF480634023934248
:105D3000EED30120E3E7B2F5007FDFD0E8E700BF54
:105D40000A44914226D291F801C0BCF1050F05D05A
:105D500091F800C061448A42F5D8704700B591F8C7
:105D600002C00CF07F0E00EB4E0E4FEADC1C0EF86A
:105D70000C3091F800C061448A4209D991F801C001
:105D8000BCF1050FEBD091F800C061448A42F5D810
:105D90005DF804FB704700BF2DE9F041B2F5004FFC
:105DA0009DF8188027D80446C06817460E461D4641
:105DB00018B14FF0FF3101F0F3FC206918B14FF03A
:105DC000FF3101F0EDFC0022C5F30E03E06843EA69
:105DD000C83362812660A780E380228108B101F088
:105DE000CBFC206920B101F0C7FC0120BDE8F081A7
:105DF0000120BDE8F0810020BDE8F08103894289DF
:105E00009BB292B28088934236BFC2EB40029B1A8B
:105E10009B189BB2984228BF184670470289438955
:105E200090B29BB2C01AB0FA80F04009704700BF30
:105E3000038942899BB2808892B2934236BFC2EBFB
:105E400040029B1A9B189BB2984286BFC01A80B230
:105E50000020704738B5044600690D4618B14FF070
:105E6000FF3101F09DFC2189638989B29BB2A28830
:105E7000994236BFC3EB4200C81A401880B250B3F3
:105E8000824209D291422CBF891A89188BB29A4258
:105E9000638103D89B1A9BB29A42FBD9E28821689E
:105EA000C2F30E0202FB0311284601F06DFC61896A
:105EB000012589B24B1C9BB29942A2880ED90023BE
:105EC00002FA05F15B1A9BB22069638108B101F007
:105ED00053FC284638BD054663899BB2B3EB420F9D
:105EE0004FEA4201F0DBEDE72DE9F0470646006995
:105EF0008846914618B14FF0FF3101F051FC3389CB
:105F000074899BB2A4B2B588A34236BFC4EB4507DF
:105F10001F1BFF18BFB2002F48D0BD423ED34F45D4
:105F200028BF4F46A542BFB203D8641BA4B2A54206
:105F3000FBD9F2882B1B31689BB2C2F30E0C9F4237
:105F4000E2460CFB041123D913FB0CF31FFA83F96F
:105F50004A46404601F018FC7A1B224412FB0AF222
:105F6000316808EB090092B201F00EFC7289B58825
:105F700092B2D3199BB29A421AD96A009B1A9BB269
:105F80003069738108B101F0F7FB3846BDE8F0874E
:105F900040460CFB07F201F0F7FBE7E7AB422CBFF2
:105FA0005B1B5B199CB22F467481B8E773899BB267
:105FB000B3EB450F4FEA4502E2DBDFE7F8B50446F5
:105FC000C0680E4618B14FF0FF3101F0E9FB25899A
:105FD000238961899BB289B2A2888B4236BFC1EB0B
:105FE00042015B1A5B189BB29A42ADB208D8E779BE
:105FF000FF0905D1E06808B101F0BEFB3846F8BDE5
:1060000095422B4603D39B1A9BB29342FBD2E28864
:106010002068C2F30E0202FB0300314601F0B4FB1C
:106020006B1CA2889BB29D424FEA420104D95B1AC5
:106030009BB201272381DDE7B3EB420FF9DBF6E7E3
:106040002DE9F04F144683B0002A5CD00546C068A5
:106050008B4618B14FF0FF3101F0A2FBEA792F898E
:106060006B89D209BFB29BB23BD1AE889F4236BF8B
:10607000C3EB4603FB1ADB199BB29E4248D9A6EB41
:1060800003081FFA88F8A04528BFA046B5F806A067
:1060900008EB07091FFA89F9BE423C4603D8A41B46
:1060A000A4B2B442FBD2331B28689BB2CAF30E02DF
:1060B0004345924602FB040055D3594602FB08F2C1
:1060C00001F062FBAA88B9454FEA420302D3B9EB5B
:1060D000420F03DBA9EB03091FFA89F9A5F8089021
:1060E00018E0B5F8048044451DD3B5F806A0A4EB2C
:1060F0000804CAF30E0202FB04BBB8F1000F09D07A
:106100001F464646C4E79046404603B0BDE8F08FC0
:106110004FF00008E8680028F6D001F02DFB40465B
:1061200003B0BDE8F08F9F4236BFC3EB4802FA1AB6
:10613000D21992B24FEA480122448A420ADB03EBA9
:1061400008091FFA89F9A9EB0407BFB2BB421ED99F
:106150007F1ABFB204EB07094646B5F806A0A04671
:106160001FFA89F998E713FB02F359469AB2019294
:1061700001F00AFB019A28680BEB0201A8EB06026A
:10618000224412FB0AF292B201F0FEFA9AE7B942F7
:10619000DEDD4646B5F806A0A0467DE710B504460C
:1061A000C06818B14FF0FF3101F0FAFA206918B158
:1061B0004FF0FF3101F0F4FA0023E068638123819E
:1061C00008B101F0D9FA206908B101F0D5FA01202F
:1061D00010BD00BF38B50446C0680D4618B14FF079
:1061E000FF3101F0DDFA206918B14FF0FF3101F005
:1061F000D7FAE379E06865F3C713E37108B101F0FA
:10620000BBFA206908B101F0B7FA012038BD00BF20
:10621000384B2DE9F04798420CBF4FF400234FF460
:10622000802307460E46344D344C354A2B6023609C
:10623000956833EA0505FBD10620FBF719FE3946C0
:106240004FF0020A51F8044F4FEAD6594FEA462C54
:1062500001F5405804EA0A0E63464A465446C8F817
:1062600000A008E013EB0C0304F1020442EB090266
:10627000B4F5807F03D0984275EB020AF2D24FF456
:106280008073C4EB042201E0012B30D0B0FBF2FCA0
:1062900066459946A2EB040203F1FF33F4D209FBF1
:1062A00004F91D023C6102243B4603263A6801F5CD
:1062B0000051554007F5805C05F47F45CCF800504F
:1062C000C1F800E07D68C8F8004053F8242B254051
:1062D00082F0070202F0CF0203F50053CCF8002051
:1062E000B0FBF9F00D601E600C60BDE8F087A146C0
:1062F000D8E700BF00800840002002400030024084
:1063000000000240F8B5064605200C46FBF7B0FD3C
:1063100000EB540CBCFBF4FC214B0CEB4C02A3FB3C
:10632000025320499F088C42ACEB930530D801F111
:10633000D64101F5A10101F62C0100EB4003A1FBC0
:1063400003139B0D013300244F2A98BF01223168AB
:10635000B0FBFCF0CC660C6801F5805684F00404B8
:1063600004F00604346088BF0D4CCD6184BFA4FBEB
:10637000024292090F62C1F8A0200A46012452F895
:106380007C5F6B409BB202F580521360CC66F8BD17
:10639000054900EB4003A1FB0313DB0D0133D2E7FA
:1063A000CDCCCCCC3F420F00893BE6550E4A30B4F1
:1063B00090420CBF202210220C4D0D4B0D4C2A6038
:1063C0001A60A36832EA0303FBD140F26515032487
:1063D00002680371D3661560D3639363C2F8884083
:1063E00030BCFFF78FBF00BFC81300200020024061
:1063F000003002400000024008B501210C2000F0EE
:1064000063FC642000F090FC00210C2000F05CFC98
:10641000642000F089FC01210C2000F055FC642070
:1064200000F082FC0021082000F04EFC0021092031
:1064300000F04AFCAE2000F059FC0121092000F0D8
:1064400043FC0021082000F03FFC0021092000F05F
:106450003BFC002000F04AFC0121092000F034FC44
:106460000021082000F030FC0021092000F02CFC65
:10647000102000F03BFC0121092000F025FC002148
:10648000082000F021FC0021092000F01DFCB020B4
:1064900000F02CFC0121092000F016FC002108204E
:1064A00000F012FC0021092000F00EFCDC2000F0BE
:1064B0001DFC0121092000F007FC0021082000F04C
:1064C00003FC0021092000F0FFFB002000F00EFC7F
:1064D0000121092000F0F8FB0021082000F0F4FB66
:1064E0000021092000F0F0FB812000F0FFFB0121DA
:1064F000092000F0E9FB0021082000F0E5FB002165
:10650000092000F0E1FB6F2000F0F0FB01210920E1
:1065100000F0DAFB0021082000F0D6FB0021092062
:1065200000F0D2FB212000F0E1FB0121092000F066
:10653000CBFB0021082000F0C7FB0021092000F060
:10654000C3FBA02000F0D2FB0121092000F0BCFB1E
:106550000021082000F0B8FB0021092000F0B4FB66
:10656000C02000F0C3FB0121092000F0ADFB002199
:10657000082000F0A9FB0021092000F0A5FBA420C1
:1065800000F0B4FB0121092000F09EFB002108204F
:1065900000F09AFB0021092000F096FBA62000F0F5
:1065A000A5FB0121092000F08FFB0021082000F04D
:1065B0008BFB0021092000F087FBA82000F096FB50
:1065C0000121092000F080FB0021082000F07CFB65
:1065D0000021092000F078FB3F2000F087FB01211B
:1065E000092000F071FB0021082000F06DFB002164
:1065F000092000F069FBD32000F078FB012109207D
:1066000000F062FB0021082000F05EFB0021092061
:1066100000F05AFB602000F069FB0121092000F026
:1066200053FB0021082000F04FFB0021092000F05F
:106630004BFBD52000F05AFB0121092000F044FB60
:106640000021082000F040FB0021092000F03CFB65
:10665000412000F04BFB0121092000F035FB002117
:10666000082000F031FB0021092000F02DFBD9208B
:1066700000F03CFB0121092000F026FB002108204E
:1066800000F022FB0021092000F01EFB222000F078
:106690002DFB0121092000F017FB0021082000F04C
:1066A00013FB0021092000F00FFBDB2000F01EFB94
:1066B0000121092000F008FB0021082000F004FB64
:1066C0000021092000F000FB352000F00FFB012124
:1066D000092000F0F9FA0021082000F0F5FA002165
:1066E000092000F0F1FAAD2000F000FB01210920A3
:1066F00000F0EAFA0021082000F0E6FA0021092063
:1067000000F0E2FA8A2000F0F1FA0121092000F0FD
:10671000DBFAC82000F008FB0021082000F0D4FAC2
:106720000021092000F0D0FAAF2000F0DFFABDE828
:1067300008400121092000F0C7BA00BF70B5002150
:10674000082000F0C1FA0021092000F0BDFAB020B5
:1067500000F0CCFA0121092000F0B6FA3F254FF6EF
:10676000FF760021082000F0AFFA0021092000F098
:10677000ABFA05F00F0000F0B9FA0121092000F092
:10678000A3FA0021082000F09FFA0021092000F060
:106790009BFA28091030C0B200F0A8FA01210920A4
:1067A00000F092FA10240121082000F08DFA002157
:1067B000092000F089FA013C002000F097FAA4B209
:1067C0000121092000F080FA002CECD1013DADB28E
:1067D000B542C6D170BD00BF2DE9F041002106468B
:1067E000082000F071FA0021092000F06DFAB020B5
:1067F00000F07CFA012109203F2500F065FA06F13E
:106800000F0406F20F460021082000F05DFA002177
:10681000092000F059FA05F00F0000F067FA012195
:10682000092000F051FA0021082000F04DFA002163
:10683000092000F049FA28091030C0B200F056FAD9
:106840000121092000F040FAA4F11007012117F8F6
:10685000012F082002FA01F30A4102F0550203F069
:10686000AA0313439A009B1002F0CC0203F03303F7
:1068700013434FEA131848EA03134FFA83F800F062
:1068800023FA0021092000F01FFA5FFA88F000F0D7
:106890002DFA0121092000F017FABC42D6D110349C
:1068A000013DA642ADB2AED1BDE8F08130B44C4C52
:1068B000E389B42B30D00ED833B15A2B2AD1238997
:1068C000013B5B1A014698B2238A032B22D8DFE8EA
:1068D00003F052545B2CB3F5877F1BD16389013BD6
:1068E0001B1A084699B2EFE74FF0C00C638A25687F
:1068F000C0F38F0401FB034102F0030200F0030028
:10690000920140006B5C02414CFA00F023EA000364
:1069100013436B5430BC70472389013B181A6389B9
:1069200080B2013B591A89B2CEE7B4F80AC0238974
:106930000CF1FF3CACEB010103F1FF3CACEB0000C0
:1069400089B280B28342E5D363898B42E2D3E38A82
:10695000022B1FD0042BC7D0102B31D0412BD9D103
:10696000638A400001FB03012368100A585423681E
:1069700019444A70CEE72389E4E7238903F1FF3CF9
:10698000ACEB000080B2DDE76389013B591A89B2A4
:106990002389D7E7658AC0F3CF0301FB0531802344
:1069A000246800F00700D2B214F801C003411AB9FC
:1069B0002CEA03036354ADE743EA0C036354A9E7ED
:1069C000638A256802F00F02C0F34F0400F0010053
:1069D0004FF0F00C01FB03411201800092E700BF71
:1069E000E81D00202DE9F04FB3F804C083B09846AD
:1069F000CDE90010D9881CF0070318BF0123203A05
:106A000001FB02F2BDF83040D8F8006003EBDC0374
:106A100007EE904A02FB0366BDF83440002959D0C6
:106A2000DDF8009063464A4607EE104AB1464FF043
:106A3000800B1646294F002B4CD0324600244E4680
:106A400018469146DDF804A017E052450AD3FA88AB
:106A50004A4507D3504617EE102A4946FFF726FF4E
:106A6000B8F804000134072DA2B20AF1010A08BFE8
:106A7000013690421FFA8AFA17D996F800C004F03E
:106A800007054BFA05F21CEA020FBA88DDD1524520
:106A9000E8D3FA884A45E5D3504617EE902A49468E
:106AA000FFF704FFB8F80400DCE74A460346B146A6
:106AB00016465A07009AB8F80600C2F1010232449D
:106AC00092B218BF09F10109904203D9711C8EB22C
:106AD000002BB2D103B0BDE8F08F00BFE81D00204D
:106AE00010B5104C11F0070F20604FEAD1001CBF09
:106AF000013080B24FF0020C60820020BDF808E047
:106B0000A4F816C0A4F80CE021816281A282E3817E
:106B1000208223B1B42B02D00B4611461A46E280E4
:106B2000A18010BDE81D002030B5364CE38A022B51
:106B300006D0042B04D0102B43D0412B1DD030BDE8
:106B4000A38A002BFBD04FF0000C638AC0B2002B4D
:106B5000F5D000220CFB03F3216811FA82F1C8542E
:106B6000638A013291B28B42F4D8A28A0CF1010CF3
:106B70001FFA8CFC6245EAD830BDA38A002BDED018
:106B80004FF0000E638A050AC0B2002BD7D0002256
:106B90000EFB03F321681FFA82FC03EB4C03CD5478
:106BA000216801320B445870638A1FFA82FC6345E6
:106BB000EED8A28A0EF1010E1FFA8EFE7245E4D8BD
:106BC00030BDA38A002BBAD04FF0000E638A002B91
:106BD000B5D000220EFB03F3216800F00F0011FA7C
:106BE00082F140EA001C01F803C0638A013291B2CD
:106BF0008B42EFD8A28A0EF1010E1FFA8EFE72456B
:106C0000E5D830BDE81D002070B5094CBDF8105026
:106C1000B4F804E0BDF81460864508D3E4888C42DB
:106C200005D3CDE90456BDE87040FFF7DBBE70BD6B
:106C3000E81D00202DE9F04FDFF8888085B0B8F816
:106C400004C0BDF838408445BDF83CB0039436D349
:106C50000746B8F806008946884230D316461278AF
:106C60006AB39A460D463C46B3F804E01DE0BAF814
:106C7000061029448142C4BF3C464D4664450BD8AA
:106C8000854209D8039B2046CDE900B329465346E7
:106C9000FFF7A8FEBAF804E016F8012F7444A4B276
:106CA0006AB1B8F804C0B8F8060004EB0E016145FB
:106CB000DDDDBAF806103C460D44ADB2D9E705B0AB
:106CC000BDE8F08FE81D0020003918BF012141EC1C
:106CD000400070474FF050420123526803FA00F021
:106CE000104214BF18460020704700BF034600B58D
:106CF00083B001220DF1070103488DF8073000F041
:106D00001FFD03B05DF804FB0080084010B5044689
:106D1000F9F7B8FF002201212046F9F719FF0023F7
:106D200043EC444010BD00BF70B50546FBF71CF8AE
:106D3000C9B14FF47A72002300F012FD04460D4EE3
:106D4000FBF712F841B100234FF47A7200F008FD0E
:106D5000031B9D42F4D870BDA6FB0023C4EB931324
:106D6000AB42EDD370BD04460248A0FB0434A40935
:106D7000E5E700BFD34D6210F8B5FCF7F7FF3649E1
:106D80003648FFF745FA01210A20F9F7C3FE012131
:106D90000B20F9F7BFFE0C20F9F774FF01240C2338
:106DA00044EC44300820F9F76DFF082744EC4470A8
:106DB0000920F9F767FF092644EC44600D20F9F734
:106DC00061FF0D2544EC44503046F9F75BFF44EC7D
:106DD00044602846F9F756FF44EC445044EC4060C8
:106DE000002646EC407044EC40502846062504211D
:106DF000F9F790FE64231A491A4A0D604FF448715E
:106E0000C2F88830D2F88430174F83F480331B0CDB
:106E10001B04C7F88430D167936F1449DB432340C8
:106E2000BB671348FFF7C2FA28460321F9F772FE41
:106E300003210720F9F76EFE324621462846F9F76E
:106E400087FE324621460720F9F782FE0948FCF703
:106E5000CDFF3046F8BD00BF809698000080084006
:106E6000C825002000800A4000900A40E0930400FA
:106E7000C8130020807D0010024B0146186800F006
:106E80000BB800BFE0130020024B0146186800F069
:106E90004DBB00BFE013002001F10B03162B2DE9C1
:106EA000F04F054683B024D8102900F2FC8000F092
:106EB000A9FA102418220220C44E32445368A2F1C9
:106EC00008018B4200F0F6805A68284622F003023F
:106ED000D3E902411A44E1608C6003F1080453686D
:106EE00043F00103536000F08FFA204603B0BDE881
:106EF000F08F002B23F00704C0F2D580A14200F2EE
:106F0000D28000F07FFAB4F5FC7FC0F0C281630A42
:106F100000F03A81042B00F29881A30903F13900B3
:106F200003F13807C300A94E3344A3F1080C5B6892
:106F30009C4507D1C3E0002980F25081DB689C4565
:106F400000F0BD805A6822F00302111B0F29F2DD08
:106F500033693846DFF878E2734540F0B680831035
:106F6000012172689940914240F2D880B7687B68ED
:106F700023F00309A9EB04030F2B02DD4C4540F27B
:106F80001381DFF850A207EB0903D6F80814DAF8EA
:106F900000200131224400F0CA8141F20F01DFF8E4
:106FA0003882114401EA080841462846009300F05F
:106FB0002DFAB0F1FF3F8346009B00F0A781B74256
:106FC00002D0834200F2A281DAF804105B4541440A
:106FD000CAF8041000F09D81D6F80824013200F0B0
:106FE000A381ABEB03031944CAF804101BF0070399
:106FF00000F0A781C3F1080228460093934441F2B0
:107000000802D844D21AA2EB0801C1F30B01019186
:1070100000F0FCF9421C009B00F0D981A0EB0B00B2
:10702000019900EB0108DAF8042048F00103B742A7
:10703000C6F808B01144CBF80430CAF8041000F0C8
:10704000A281B9F10F0F40F2A0817B68A9F10C0277
:10705000052022F0070203F0010313430F2A7B608F
:1070600007EB0203C3E9010000F2A781DBF804305B
:107070005F46DAF82C208A42DAF8302038BFCAF8A6
:107080002C108A4238BFCAF8301023F00308444558
:10709000A8EB040302D80F2B00F3868028460024B7
:1070A00000F0B2F921E700240C2320462B6003B046
:1070B000BDE8F08FD3689A427FF406AF023033699F
:1070C000DFF80CE173453FF44AAF596821F0030142
:1070D0000A1B0F2A00F3E180002AC6E904EE58DA01
:1070E000B1F5007F80F08C804FEAD10C0122490974
:1070F0000CF1010C8A40716856F83C700A4306EBAB
:10710000CC0108397260C3E9027146F83C30FB607B
:1071100083100121994091423FF628AF114205D1D9
:1071200020F00300490004301142FBD006EBC009F7
:107130008046CC46DCF80C70BC4507D191E0002BB2
:1071400080F29880FF68BC4500F08B807A6822F05E
:107150000302131B0F2BF2DD391944F001042846FA
:107160007C6043F00104D7E902C5CCF80C50C5F8A7
:1071700008C0C6E904114C6007F10804C1E902EE39
:10718000BB5000F041F9B0E64FF4007340203F27B8
:10719000C9E6194403F1080428464B6843F001038B
:1071A0004B6000F031F9A0E63A1944F0010443F0D5
:1071B000010328467C6007F10804B260536000F0C8
:1071C00023F9204603B0BDE8F08F00BF101800205F
:1071D00018180020B01D002000F0FFFF1A4403F132
:1071E00008042846D3E902615368F16043F00103C3
:1071F0008E60536000F008F9204603B0BDE8F08FC0
:10720000B1F5206F4FEA512259D3142A00F2A98018
:1072100002F15C075B32FF0006EB070CF759ACF19B
:10722000080CBC4500F086807A6822F003028A428E
:1072300002D9BF68BC45F7D1D7F80CC07268C3E962
:10724000027CCCF80830FB6062E7142B3DD9542B4C
:1072500000F28F80230B03F16F0003F16E07C30070
:1072600061E608F101080CF1080C18F0030F7FF437
:1072700061AF35E03A443C46F9682846536843F02C
:107280000103536054F8083FD9608B6000F0BCF8EC
:107290002BE6E00804F108020EE628461D1944F02A
:1072A00001045C6042F00104C6E904556C6003F11E
:1072B0000804C5E902EE5A5000F0A6F815E68A095E
:1072C00002F139073832FF00A6E703F15C0003F151
:1072D0005B07C30027E659F808394B4540F090801A
:1072E00010F0030F00F1FF30F5D1736823EA0103BA
:1072F000736049003FF43AAE994203D936E649003B
:1073000008F104081942FAD040460FE7B7687B68D5
:10731000BBE6C3F30B02002A7FF45EAEC844B76835
:1073200048F001037B60A4E6C6F808B45EE602F10B
:10733000100839E692100121914072680A43726088
:107340007DE70BEB0801284600934942C1F30B018E
:10735000019100F05BF8431C009B7FF45FAE19467F
:1073600061E6542A15D80A0B02F16F076E32FF004E
:1073700052E7B3F5AA7F15D8E30B03F1780003F1C8
:107380007707C300CFE55F4673E60123CBF80430EF
:1073900084E6B2F5AA7F20D8CA0B02F178077732CB
:1073A000FF0039E740F25452934220D8A30C03F176
:1073B0007D0003F17C07C300B5E507F1080128460D
:1073C00000F0B4F8B768DAF804107B6851E6083BBF
:1073D00000219844A8EB0B0825E640F25457BA4226
:1073E0000AD88A0C02F17D077C32FF0014E74FF4C3
:1073F0007E737F207E2796E54FF47E777E220BE713
:10740000736876E7704700BF704700BF38B5002249
:10741000064D044608462A60FCF772FB431C00D068
:1074200038BD2B68002BFBD0236038BDE41D002045
:1074300020F0030110F00300C0F1000051F8043BFC
:1074400000F1040C4FEACC0C6FF000021CBF22FAD2
:107450000CF213434FF0010C4CEA0C2C4CEA0C4C90
:10746000A3EB0C0222EA030212EACC1204BF51F889
:10747000043B0430F4D0C2F1000102EA0102B2FA86
:1074800082F2C2F11F0200EBD2007047F8B5234F21
:107490000C460646FFF7B6FFBA6840F6EF7355682C
:1074A0001B1B1F4C25F003052B441C40A4F58054E6
:1074B000B4F5805F07DB00213046FFF7A7FFBB680C
:1074C0002B44984204D03046FFF79EFF0020F8BDC1
:1074D00061423046FFF79AFF01300DD02D1B114B52
:1074E000BA68304645F0010555601A68121B1A60EB
:1074F000FFF78AFF0120F8BD00213046FFF786FF25
:10750000BA68831A0F2BDEDD43F00103054953608F
:10751000054B1B68C01A0860D5E700BF1018002093
:1075200000F0FFFFB41D0020181C0020002961D0CE
:10753000F8B50C460646FFF765FF7C4F54F8042C5F
:10754000A4F10805B86822F0010105EB010CDCF894
:107550000430604523F0030300F08B80D207CCF8A1
:10756000043032D454F8082C07F10800AD1A114445
:10757000AA6882426AD00CEB0304D4F804E0EC68F9
:107580001EF0010FD460A26000F0978041F001036B
:107590006B60CCF80010B1F5007F35D24A09CB08FA
:1075A0000121013391407A68114307EBC3027960EE
:1075B000083A57F83310C5E9021247F83350CD6046
:1075C0003046BDE8F840FFF71FBF0CEB03025268DE
:1075D000D00710D4194407F10800DCF808308342C2
:1075E00073D0DCF80C20DA60936041F001036B602B
:1075F0006950D0E7704741F00103B1F5007F44F8CE
:10760000043CCCF80010C9D3B1F5206F4FEA5123E8
:1076100048D28B0903F1390003F13802C300F8188E
:10762000FB580838984259D05A6822F003028A421F
:1076300002D99B689842F7D1D868C5E902308560C5
:107640003046DD60BDE8F840FFF7DEBE0CEB03021C
:107650005268D20763D40B443046DCE90212CA6098
:10766000916043F001026A60EB50BDE8F840FFF71B
:10767000CBBE0B44D10707D454F8082CAD1A1344E1
:10768000D5E90212CA60916043F001026A60284A9B
:10769000BD6012689A4293D8264B30461968FFF7AE
:1076A000F5FE8DE7142B0AD9542B1FD80B0B03F1D1
:1076B0006F0003F16E02C300B1E719448DE703F1D7
:1076C0005C0003F15B02C300A9E741F00103C7E9D5
:1076D0000455C5E902006B60695071E70121921001
:1076E00001FA02F279680A437A60A6E7B3F5AA7F45
:1076F00006D8CB0B03F1780003F17702C3008EE7C5
:1077000040F25452934206D88B0C03F17D0003F1F2
:107710007C02C30083E74FF47E737E227FE741F053
:1077200001036B60CCF800104AE700BF101800207E
:107730001C1C0020B01D00205FF800F03D1200204E
:107740005FF800F0A10D00205FF800F0F9010020C3
:107750005FF800F0A50A00205FF800F0A102002009
:107760005FF800F0310E00205FF800F0990A002069
:107770005FF800F0E90A00205FF800F059020020ED
:107780005FF800F0710A00205FF800F0511100204E
:107790005FF800F0110100205FF800F0490A0020B6
:1077A0005FF800F02D02002061210010D5200010AC
:1077B0000921001051220010412100105920001011
:1077C0008921001045200010351400108D21001073
:1077D00021180010A520001075210010252100108F
:0C77E000290E0010510E00108143001013
:1077F000737464696F000000646973706C61790070
:107800006E6F6F640000000070756C73650000009F
:1078100053746174652069733A2025640A0000007E
:1078200057616B6575702074696D652069733A20C6
:1078300025640A0050726F626C656D7320776974FD
:107840006820696E697469616C697A696E67202560
:10785000730A0000536C6565702064757261746909
:107860006F6E207368616C6C2062653A2025640A33
:1078700000000000F0770010F8770010007800108A
:10788000087800104F454C445F696E69740D000024
:107890004661696C656420746F206170706C79203A
:1078A000666F7220626C61636B206D656D6F7279BB
:1078B0002E2E2E0D000000004EC3A4797474C3B6A2
:1078C0002070C3A4C3A46C6CC3A40D00554E5441D6
:1078D0004D4F0000303000003130000032300000E9
:1078E000333000003430000035300000303100000B
:1078F00030320000303300003034000030350000FA
:1079000030360000303700003038000030390000D9
:1079100031310000313200003133000031340000D9
:1079200031350000313600003137000031380000B9
:1079300031390000323100003232000032330000B1
:10794000D4780010EC780010F0780010F478001073
:10795000F8780010FC78001000790010047900100D
:10796000087900100C790010D878001010790010F8
:1079700014790010187900101C790010207900107B
:1079800024790010287900102C790010307900102B
:10799000DC78001034790010387900103C79001040
:1079A000D4780010D8780010DC780010E07800104F
:1079B000E4780010E87800100A2A2A2A2050414E64
:1079C0004943202A2A2A0A004E6F207370696E6C80
:1079D0006F636B732061726520617661696C6162AF
:1079E0006C6500004E6F20757365722049525173AB
:1079F0002061726520617661696C61626C6500006E
:107A0000486172647761726520616C61726D2025D6
:107A10006420616C726561647920636C61696D6575
:107A200064000000486172642061737365727400C1
:107A30004F7574206F66206D656D6F727900000060
:107A400052656C6561736500626F6F74325F773287
:107A50003571303830000000302E3100322E332E98
:107A6000300000007069636F32000000756E746151
:107A70006D6F0000536570202037203230323600A1
:107A800005005250DE65F4681CB800100600525024
:107A90005422A29D747A001006005250861C0302E4
:107AA0006C7A001006005250BBFF3CB6647A00109E
:107AB00006005250ABB360535C7A0010060052507F
:107AC0003ABCA911587A001006005250E182887F12
:107AD000487A001006005250D3F07542407A0010E8
:107AE000666E6900666E692B000000006E616E00B4
:107AF000666E692D00000000000000000000F03FED
:107B00000000000000002440000000000000594078
:107B10000000000000408F40000000000088C340CB
:107B200000000000006AF8400000000080842E4140
:107B300000000000D01263410000000084D797418C
:107B40000000000065CDCD410D0A000055534220D4
:107B5000737464696E202F207374646F75740000F1
:107B60000600525053B4F4A14C7B00105261737064
:107B70006265727279205069000000005069636F7D
:107B800000000000426F6172642043444300000023
:107B900052657365740000000902540003010080FF
:107BA0007D080B000202020000090400000102022D
:107BB000000405240020010524010001042402061C
:107BC00005240600010705810308001009040100CF
:107BD000020A0000000705020240000007058202B9
:107BE0004000000904020000FF000105120110021C
:107BF000EF0201408A2E090000010102030100008A
:107C0000000000006C7B00107C7B0010D42500205D
:107C1000847B0010907B0010050F2100011C1005D3
:107C200000DF60DDD88945C74C9CD2659D9E648A83
:107C30009F00000306A60001000000000A000000EB
:107C400000000306A6000800020002009C001400C9
:107C5000030057494E555342000000000000000049
:107C60000000800004000100280044006500760048
:107C700069006300650049006E00740065007200D1
:107C8000660061006300650047005500490044003C
:107C900000004E007B0062006300370033003900B3
:107CA0003800630031002D003700330063006400AA
:107CB0002D0034006300620037002D0039003800C9
:107CC000620038002D0039003100330061003800B7
:107CD00066006300610037006200660036007D00C8
:107CE000000000000000000031450010000000000E
:107CF00035450010414500106D45001069450010E4
:107D000000000000556E68616E646C656420495225
:107D10005120307825780A006570202530325820AF
:107D200077617320616C7265616479206176616945
:107D30006C61626C6500000043616E277420636FA4
:107D40006E74696E75652078666572206F6E206945
:107D50006E61637469766520657020253032580045
:107D60000000000079580010E9580010095900106F
:107D700055590010115A0010D95A00100000000087
:107D80004445565F4D6F64756C655F496E6974203C
:107D90004F4B200D0000000000000000000000001C
:107DA0000000000000101010101000001000000073
:107DB000006C484800000000000000000014142877
:107DC0007C287C2850500000001038404038487013
:107DD00010100000002050200C7008140800000053
:107DE000000000182020544834000000001010103B
:107DF0001000000000000000000808101010101013
:107E00001008080000202010101010101020200072
:107E100000107C1028280000000000000000101056
:107E200010FE1010100000000000000000000018FC
:107E30001030200000000000007C00000000000066
:107E400000000000000000303000000000040408C2
:107E500008101020204000000038444444444444AA
:107E60003800000000301010101010107C000000CE
:107E700000384404081020447C000000003844040A
:107E80001804044438000000000C141424447E0438
:107E90000E000000003C202038040444380000009C
:107EA000001C20407844444438000000007C440416
:107EB00008080810100000000038444438444444C6
:107EC0003800000000384444443C040870000000BE
:107ED00000000030300000303000000000000018CA
:107EE000180000183020000000000C1060806010A6
:107EF0000C000000000000007C007C00000000007E
:107F00000000C02018041820C00000000000182441
:107F100004081000300000003844444C54544C40D5
:107F2000443800000030102828287C44EE0000006F
:107F300000F8444478444444F8000000003C4440C5
:107F4000404040443800000000F048444444444865
:107F5000F000000000FC445070504044FC00000061
:107F6000007E22283828202070000000003C444079
:107F7000404E44443800000000EE44447C444444F5
:107F8000EE000000007C1010101010107C000000AB
:107F9000003C0808084848483000000000EE44480B
:107FA00050704844E6000000007020202020242467
:107FB0007C00000000EE6C6C54544444EE00000061
:107FC00000EE64645454544CEC0000000038444407
:107FD00044444444380000000078242424382020FD
:107FE000700000000038444444444444381C0000FD
:107FF00000F8444444784844E200000000344C4017
:10800000380404645800000000FE92101010101094
:108010003800000000EE444444444444380000006A
:1080200000EE4444282828101000000000EE4444CC
:10803000545454542800000000C64428101028440A
:10804000C600000000EE4428281010103800000080
:10805000007C4408101020447C00000000382020E0
:108060002020202020203800004020202010100850
:108070000808000000380808080808080808380040
:108080000010102844000000000000000000000064
:1080900000000000000000FE0010080000000000CA
:1080A0000000000000000038443C44443E00000052
:1080B00000C0405864444444F80000000000003C04
:1080C0004440404438000000000C04344C44444414
:1080D0003E00000000000038447C40403C000000AE
:1080E000001C207C202020207C00000000000036A6
:1080F0004C4444443C04380000C040586444444468
:10810000EE00000000100070101010107C00000045
:1081100000100078080808080808700000C0405CDB
:1081200048705048DC000000003010101010101093
:108130007C000000000000E854545454FE0000008D
:10814000000000D864444444EE0000000000003801
:108150004444444438000000000000D864444444CF
:108160007840E000000000364C4444443C040E00DB
:108170000000006C302020207C0000000000003C4B
:1081800044380444780000000000207C2020202295
:108190001C000000000000CC4444444C36000000A9
:1081A000000000EE4444282810000000000000EE0B
:1081B0004454545428000000000000CC483030489B
:1081C000CC000000000000EE4424281810107800B5
:1081D0000000007C481020447C00000000081010C3
:1081E00010102010101008000010101010101010A7
:1081F00010100000002010101010081010102000A7
:1082000000000000002458000000000000000000F2
:10821000000000000000000000000000000000005E
:10822000000000000000000000000000000000004E
:10823000000000000000000000000000000000003E
:10824000000000000000000000000000000000002E
:108250000000000000000000000003800003800018
:10826000038000038000038000038000038000037C
:1082700080000380000100000100000000000000F9
:1082800000038000038000000000000000000000E8
:1082900000000000000000000000000000000000DE
:1082A00000000000000E70000E70000E7000042030
:1082B0000004200004200004200000000000000052
:1082C00000000000000000000000000000000000AE
:1082D000000000000000000000000000000000009E
:1082E00000000000000000000000066000066000C2
:1082F0000660000660000660003FF8003FF80006D8
:1083000060000CC0003FF8003FF8000CC0000CC03B
:10831000000CC0000CC0000CC000000000000000F9
:10832000000000000000000000000000000000014C
:10833000800001800007B0000FF000187000187076
:10834000001C00000F800007E00000F00018300063
:108350001C30001C70001FE0001BC00001800001E9
:10836000800001800001800000000000000000008B
:10837000000000000000000000000780000FC000A7
:108380001CE0001860001860001CE0000FF80007F7
:10839000E0001FF000073800061800061800073834
:1083A0000003F00001E000000000000000000000F9
:1083B00000000000000000000000000000000000BD
:1083C000000000000000000003F00007F0000C6057
:1083D000000C00000C00000600000700000F9C00CD
:1083E0001DFC0018F0001870000FFC0007DC0000F6
:1083F000000000000000000000000000000000007D
:1084000000000000000000000000000000038000E9
:108410000380000380000100000100000100000152
:10842000000000000000000000000000000000004C
:10843000000000000000000000000000000000003C
:10844000000000000000000000000000000000002C
:10845000000000180000380000700000F00000E08C
:108460000000E00001C00001C00001C00001C00028
:1084700001C00001C00000E00000E000007000004A
:10848000700000380000180000000000000000002C
:10849000000000000000000000001800001C0000A8
:1084A0000E00000E0000070000070000038000031C
:1084B0008000038000038000038000038000070029
:1084C000000700000F00000E00001C000018000054
:1084D000000000000000000000000000000000009C
:1084E00000000180000180000180001DB8001FF81D
:1084F0000007E00003C00003C00006600006600043
:10850000000000000000000000000000000000006B
:10851000000000000000000000000000000000005B
:10852000000000000000000000000000000000004B
:108530000180000180000180000180000180003F77
:10854000FC003FFC000180000180000180000180F0
:10855000000180000000000000000000000000009A
:10856000000000000000000000000000000000000B
:1085700000000000000000000000000000000000FB
:1085800000000000000000000000000000000000EB
:1085900000000000000000E00000C00001C0000179
:1085A00080000180000300000300000000000000C4
:1085B00000000000000000000000000000000000BB
:1085C0000000000000000000000000000000001F8C
:1085D000F8001FF80000000000000000000000008C
:1085E000000000000000000000000000000000008B
:1085F000000000000000000000000000000000007B
:10860000000000000000000000000000000000006A
:10861000000000000000000000000000000000005A
:1086200000000000000003C00003C00003C0000001
:10863000000000000000000000000000000000003A
:108640000000000000180000180000380000300092
:1086500000700000600000600000C00000C0000169
:1086600080000180000300000300000600000600F7
:10867000000E00000C00001C000018000018000094
:1086800000000000000000000000000000000000EA
:10869000000003C00007E0000C30000C3000181888
:1086A00000181800181800181800181800181800DA
:1086B0001818000C30000C300007E00003C0000068
:1086C00000000000000000000000000000000000AA
:1086D0000000000000000000000000800007800093
:1086E0001F80001D800001800001800001800001CA
:1086F0008000018000018000018000018000018075
:10870000001FF8001FF8000000000000000000003B
:108710000000000000000000000000000000000059
:10872000000007C0001FF00038300030180030187B
:108730000000180000300000600001C0000380004D
:108740000600000C00001800003FF8003FF8000091
:108750000000000000000000000000000000000019
:108760000000000000000000000003C0000FE00057
:108770000C700000300000300000600003C00003F7
:10878000E000007000001800001800001800183801
:10879000001FF0000FC000000000000000000000FB
:1087A00000000000000000000000000000000000C9
:1087B000000000E00001E00001E00003600006604E
:1087C000000660000C60000C600018600030600063
:1087D0003FF8003FF80000600003F80003F80000D5
:1087E0000000000000000000000000000000000089
:1087F000000000000000000000001FF0001FF0005B
:108800001800001800001800001BC0001FF0001C1A
:108810003000001800001800001800001800303068
:10882000003FF0000FC0000000000000000000004A
:108830000000000000000000000000000000000038
:10884000000000F80003F8000700000E00000C0014
:10885000001800001BC0001FF0001C30001818009A
:108860001818001818000C38000FF00003E0000082
:1088700000000000000000000000000000000000F8
:10888000000000000000000000001FF8001FF800BA
:108890001818001838000030000030000070000088
:1088A000600000600000E00000C00000C00001C0E7
:1088B00000018000018000000000000000000000B6
:1088C00000000000000000000000000000000000A8
:1088D000000007E0000FF0001C38001818001818FE
:1088E000000C300007E00007E0000C300018180012
:1088F0001818001818001C38000FF00007E00000DE
:108900000000000000000000000000000000000067
:108910000000000000000000000007C0000FF00091
:108920001C30001818001818001818000C38000F18
:10893000F80003D80000180000300000700000E0CC
:10894000001FC0001F000000000000000000000029
:108950000000000000000000000000000000000017
:10896000000000000000000000000000000003C044
:108970000003C00003C00000000000000000000071
:1089800000000000000003C00003C00003C000009E
:1089900000000000000000000000000000000000D7
:1089A00000000000000000000000000000000000C7
:1089B00000000000000000F00000F00000F00000E7
:1089C000000000000000000000000000E00001C006
:1089D0000001800001800003000002000000000090
:1089E0000000000000000000000000000000000087
:1089F0000000000000000000001C00003C0000F02F
:108A00000003C0000F00003C0000F000003C00002C
:108A10000F000003C00000F000003C00001C00003C
:108A20000000000000000000000000000000000046
:108A30000000000000000000000000000000000036
:108A40000000000000000000007FFC007FFC000030
:108A500000000000007FFC007FFC00000000000020
:108A60000000000000000000000000000000000006
:108A700000000000000000000000000000000000F6
:108A800000000000000000007000007800001E00E0
:108A90000007800001E000007800001E0000780060
:108AA00001E0000780001E00007800007000000058
:108AB00000000000000000000000000000000000B6
:108AC0000000000000000000000000000007C000DF
:108AD0000FE000187000183000183000007000001F
:108AE000E00003C00003800003000000000000005D
:108AF0000007000007000000000000000000000068
:108B00000000000000000000000000000000000065
:108B1000000003E00007F0000E38000C1800187881
:108B20000018F80019D80019980019980019980031
:108B300018F8001878001800000C00000E18000744
:108B4000F80003E00000000000000000000000004A
:108B5000000000000000000000000000001F800076
:108B60001FC00001C0000360000360000630000663
:108B700030000C30000FF8001FF800180C00300C0B
:108B800000FC7F00FC7F00000000000000000000EF
:108B900000000000000000000000000000000000D5
:108BA00000000000007FE0007FF000183800181877
:108BB000001818001838001FF0001FF800181C00DB
:108BC000180C00180C00180C007FF8007FF0000053
:108BD0000000000000000000000000000000000095
:108BE0000000000000000000000000000003EC0096
:108BF0000FFC001C1C00180C00300C003000003072
:108C00000000300000300000300000180C001C1C78
:108C1000000FF80003F0000000000000000000005A
:108C20000000000000000000000000000000000044
:108C300000000000007FC0007FF000183800181806
:108C400000180C00180C00180C00180C00180C0070
:108C5000180C001818001838007FF0007FE00000A2
:108C60000000000000000000000000000000000004
:108C7000000000000000000000000000007FF8007D
:108C80007FF8001818001818001998001980001FA4
:108C900080001F800019800019980018180018180B
:108CA000007FF8007FF800000000000000000000D6
:108CB00000000000000000000000000000000000B4
:108CC00000000000003FFC003FFC000C0C000C0CFE
:108CD000000CCC000CC0000FC0000FC0000CC00086
:108CE0000CC0000C00000C00003FC0003FC00000A2
:108CF0000000000000000000000000000000000074
:108D00000000000000000000000000000003EC0074
:108D10000FFC001C1C00180C00300C003000003050
:108D2000000030FE0030FE00300C00380C001C1C2F
:108D3000000FFC0003F00000000000000000000035
:108D40000000000000000000000000000000000023
:108D500000000000007E7E007E7E001818001818BB
:108D6000001818001818001FF8001FF80018180045
:108D70001818001818001818007E7E007E7E00006B
:108D800000000000000000000000000000000000E3
:108D9000000000000000000000000000001FF800BC
:108DA0001FF80001800001800001800001800001A7
:108DB00080000180000180000180000180000180AE
:108DC000001FF8001FF80000000000000000000075
:108DD0000000000000000000000000000000000093
:108DE000000000000007FE0007FE00003000003019
:108DF0000000300000300000300030300030300023
:108E00003030003030003060003FE0000F80000064
:108E10000000000000000000000000000000000052
:108E2000000000000000000000000000007F3E0085
:108E30007F3E0018300018600018C0001980001B29
:108E400080001FC0001CE0001870001830001838A7
:108E5000007F1F007F1F00000000000000000000D6
:108E60000000000000000000000000000000000002
:108E700000000000007F80007F80000C00000C00DC
:108E8000000C00000C00000C00000C00000C0C009A
:108E90000C0C000C0C000C0C007FFC007FFC000094
:108EA00000000000000000000000000000000000C2
:108EB00000000000000000000000000000F00F00B3
:108EC000F81F00381C003C3C003C3C00366C00366F
:108ED0006C0033CC0033CC00318C00300C00300CF3
:108EE00000FE7F00FE7F0000000000000000000088
:108EF0000000000000000000000000000000000072
:108F0000000000000078FE0078FE001C18001E180B
:108F1000001F18001B18001B980019D80018D80053
:108F200018F8001878001838007F18007F18000023
:108F30000000000000000000000000000000000031
:108F40000000000000000000000000000003C0005E
:108F50000FF0001C3800181800381C00300C0030CE
:108F60000C00300C00300C00381C001818001C38A5
:108F7000000FF00003C0000000000000000000002F
:108F800000000000000000000000000000000000E1
:108F900000000000003FF0003FF8000C1C000C0C2B
:108FA000000C0C000C0C000C18000FF8000FE00077
:108FB0000C00000C00000C00003FC0003FC000008F
:108FC00000000000000000000000000000000000A1
:108FD0000000000000000000000000000003C000CE
:108FE0000FF0001C3800181800381C00300C00303E
:108FF0000C00300C00300C00381C001818001C3815
:10900000000FF00007C00007CC000FFC000C380078
:109010000000000000000000000000000000000050
:1090200000000000007FE0007FF0001838001818F2
:10903000001818001838001FF0001FC00018E000CA
:109040001870001830001838007F1E007F0E0000D6
:109050000000000000000000000000000000000010
:109060000000000000000000000000000007D80021
:109070000FF8001C38001818001818001E00000F08
:10908000C00003F0000078001818001818001C3801
:10909000001FF0001BE000000000000000000000C6
:1090A00000000000000000000000000000000000C0
:1090B00000000000003FFC003FFC00318C00318CC0
:1090C00000318C00318C00018000018000018000A3
:1090D0000180000180000180000FF0000FF000000F
:1090E0000000000000000000000000000000000080
:1090F000000000000000000000000000007E7E0074
:109100007E7E00181800181800181800181800188B
:1091100018001818001818001818001818000C303B
:10912000000FF00003C0000000000000000000007D
:10913000000000000000000000000000000000002F
:1091400000000000007F7F007F7F00180C000C18DB
:10915000000C18000C1800063000063000036000F8
:1091600003600003600001C00001C0000080000037
:1091700000000000000000000000000000000000EF
:1091800000000000000000000000000000FE3F8022
:10919000FE3F8030060030060030860019CC0019F2
:1091A000CC001B6C001B6C001E7C000E38000E38BF
:1091B000000C18000C180000000000000000000067
:1091C000000000000000000000000000000000009F
:1091D00000000000007E7E007E7E001818000C302B
:1091E0000006600003C00001800001800003C00091
:1091F0000660000C30001818007E7E007E7E0000A5
:10920000000000000000000000000000000000005E
:10921000000000000000000000000000007C7E0054
:109220007C7E001818000C30000660000660000309
:10923000C0000180000180000180000180000180E9
:10924000000FF0000FF00000000000000000000020
:10925000000000000000000000000000000000000E
:1092600000000000001FF8001FF800181800183058
:109270000018600018C000018000030000061800FC
:109280000C18001818003018003FF8003FF80000D4
:1092900000000000000000000000000000000000CE
:1092A0000000000000000000000001F00001F000DC
:1092B0000180000180000180000180000180000128
:1092C0008000018000018000018000018000018099
:1092D0000001800001800001800001F00001F00029
:1092E000000000000000000000000000180000184E
:1092F00000001C00000C00000E000006000006002C
:109300000003000003000001800001800000C00095
:1093100000C000006000006000007000003000002D
:1093200038000018000018000000000000000000D5
:10933000000000000000000000000F80000F80000F
:109340000180000180000180000180000180000197
:109350008000018000018000018000018000018008
:10936000000180000180000180000F80000F80005C
:1093700000000000000000000000000000000000ED
:10938000800001C00003E0000770000630000C18E8
:1093900000180C0010040000000000000000000095
:1093A00000000000000000000000000000000000BD
:1093B00000000000000000000000000000000000AD
:1093C000000000000000000000000000000000009D
:1093D000000000000000000000000000000000008D
:1093E000000000000000000000000000000000007D
:1093F000000000000000000000000000000000006D
:10940000000000000000FFFF00FFFF00000000035D
:10941000000003800000E000006000000000000089
:10942000000000000000000000000000000000003C
:10943000000000000000000000000000000000002C
:10944000000000000000000000000000000000001C
:10945000000000000000000000000000000000000C
:109460000000000000000FC0001FE00000300000FE
:10947000300007F0001FF00038300030300030704E
:10948000001FFC000FBC00000000000000000000F6
:1094900000000000000000000000000000000000CC
:1094A00000007800007800001800001800001BE0A1
:1094B000001FF8001C1800180C00180C00180C00F5
:1094C000180C00180C001C18007FF8007BE000004E
:1094D000000000000000000000000000000000008C
:1094E000000000000000000000000000000000007C
:1094F00000000000000003EC000FFC001C1C003802
:109500000C00300C00300000300000380C001C1C37
:10951000000FF80003F00000000000000000000051
:10952000000000000000000000000000000000003B
:10953000000000780000780000180000180007D82C
:10954000001FF800183800301800301800301800DC
:109550003018003018001838001FFE0007DE000029
:1095600000000000000000000000000000000000FB
:1095700000000000000000000000000000000000EB
:1095800000000000000007E0001FF800181800307D
:109590000C003FFC003FFC00300000300000180CC5
:1095A000001FFC0007F000000000000000000000A9
:1095B00000000000000000000000000000000000AB
:1095C000000001FC0003FC000600000600003FF85C
:1095D000003FF8000600000600000600000600003C
:1095E0000600000600000600003FF0003FF000000B
:1095F000000000000000000000000000000000006B
:10960000000000000000000000000000000000005A
:1096100000000000000007DE001FFE0018380030C8
:1096200018003018003018003018003018001838B2
:10963000001FF80007D800001800001800003800CC
:109640000FF0000FC000000000000000000000004C
:1096500000007800007800001800001800001BE0EF
:10966000001FF0001C380018180018180018180007
:109670001818001818001818007E7E007E7E000062
:1096800000000000000000000000000000000000DA
:1096900000000000000000000000018000018000C8
:1096A0000000000000001F80001F800001800001FA
:1096B00080000180000180000180000180000180A5
:1096C000003FFC003FFC0000000000000000000024
:1096D000000000000000000000000000000000008A
:1096E000000000C00000C0000000000000001FF0EB
:1096F000001FF0000030000030000030000030009B
:109700000030000030000030000030000030000069
:1097100030000030000070001FE0001F80000000DB
:10972000000000000000000000003C00003C0000C1
:109730000C00000C00000CF8000CF8000CC0000D30
:1097400080000F80000F00000F80000DC0000CE0B3
:10975000003C7C003C7C0000000000000000000099
:1097600000000000000000000000000000000000F9
:1097700000001F80001F8000018000018000018028
:109780000001800001800001800001800001800054
:109790000180000180000180003FFC003FFC0000D0
:1097A00000000000000000000000000000000000B9
:1097B00000000000000000000000000000000000A9
:1097C000000000000000F77800FFFC0039CC0031F9
:1097D0008C00318C00318C00318C00318C00318C4C
:1097E00000FDEF00FDEF00000000000000000000A1
:1097F0000000000000000000000000000000000069
:1098000000000000000000000000000000007BE0FD
:10981000007FF0001C3800181800181800181800F5
:109820001818001818001818007E7E007E7E0000B0
:109830000000000000000000000000000000000028
:109840000000000000000000000000000000000018
:1098500000000000000003C0000FF0001C380038BA
:109860001C00300C00300C00300C00381C001C3880
:10987000000FF00003C00000000000000000000026
:1098800000000000000000000000000000000000D8
:1098900000000000000000000000000000007BE06D
:1098A000007FF8001C1800180C00180C00180C00A1
:1098B000180C00180C001C18001FF8001BE0001802
:1098C00000001800001800007F00007F000000006A
:1098D0000000000000000000000000000000000088
:1098E00000000000000007DE001FFE0018380030F6
:1098F00018003018003018003018003018001838E0
:10990000001FF80007D80000180000180000180019
:1099100000FE0000FE00000000000000000000004B
:1099200000000000000000000000000000003E7881
:10993000003EFC0007CC0007000006000006000007
:109940000600000600000600003FF0003FF00000A7
:109950000000000000000000000000000000000007
:1099600000000000000000000000000000000000F7
:1099700000000000000007F8000FF8001818001899
:1099800018001F80000FF00000F8001818001838A9
:10999000001FF0001FE000000000000000000000B9
:1099A00000000000000000000000000000000000B7
:1099B00000000C00000C00000C00000C00003FF048
:1099C000003FF0000C00000C00000C00000C000038
:1099D0000C00000C00000C1C0007FC0003F0000051
:1099E0000000000000000000000000000000000077
:1099F0000000000000000000000000000000000067
:109A0000000000000000787800787800181800182E
:109A1000180018180018180018180018180018381E
:109A2000000FFE0007DE0000000000000000000044
:109A30000000000000000000000000000000000026
:109A400000000000000000000000000000007C3E5C
:109A5000007C3E001818001818000C30000C300074
:109A600006600006600007E00003C00003C00000BD
:109A700000000000000000000000000000000000E6
:109A800000000000000000000000000000000000D6
:109A9000000000000000783C00783C0031180033E2
:109AA00098003398001AB0001EF0001EF0001C60F1
:109AB000000C60000C6000000000000000000000CE
:109AC0000000000000000000000000000000000096
:109AD00000000000000000000000000000003E7CCC
:109AE000003E7C000C300006600003C000018000D6
:109AF00003C0000660000C30003E7C003E7C00008D
:109B00000000000000000000000000000000000055
:109B10000000000000000000000000000000000045
:109B20000000000000007E1F007E1F00180C000CCB
:109B300018000C180006300006300003600003E037
:109B40000001C00000C0000180000180000300008F
:109B50003FC0003FC0000000000000000000000007
:109B600000000000000000000000000000001FF8DE
:109B7000001FF80018300018600000C000018000CD
:109B80000300000618000C18001FF8001FF8000062
:109B900000000000000000000000000000000000C5
:109BA0000000000000000000000000E00001E000F4
:109BB000018000018000018000018000018000011F
:109BC0008000038000070000038000018000018006
:109BD0000001800001800001800001E00000E00041
:109BE0000000000000000000000000000000000075
:109BF00000000180000180000180000180000180E0
:109C000000018000018000018000018000018000CF
:109C100001800001800001800001800001800001BE
:109C200080000180000180000000000000000000B2
:109C30000000000000000000000007000007800096
:109C4000018000018000018000018000018000018E
:109C5000800001C00000E00001C000018000018020
:109C600000018000018000018000078000070000E3
:109C700000000000000000000000000000000000E4
:109C800000000000000000000000000000000000D4
:109C9000000000000E00001F18003BB80031F0006B
:109CA00000E00000000000000000000000000000D4
:109CB00000000000000000000000000000000000A4
:049CC00000000000A0
:089CC4009C71FF0F010000007C
:109CCC00807A00108C7A0010987A0010A47A001018
:109CDC00B07A0010BC7A0010C87A0010D47A001048
:049CEC00607B001089
:109CF000034600B50268EFF3108C72B6D2E8CFEFDE
:109D00000120BEF1000FF9D1C2E84E0FBEF1000FE5
:109D1000F4D1BFF35F8F93F90420002A0ADB79B1F5
:109D200000200A6000221B68C3E88F2F8CF3108884
:109D30005DF804FB4FF05042126801201A71F1E700
:109D40000846EFE74FF050412DE9F0470027044661
:109D500016469946DFF87CA0D1F800802568EFF31D
:109D6000108372B6D5E8CF1F01220029FAD1C5E8C9
:109D7000412F0029F6D1BFF35F8F94F90420002A08
:109D80001DDB9AF800C025685FFA8CFCC5E88F7F60
:109D900083F310889AF80030634508D0304649466E
:109DA00001F09AF80028D9D00020BDE8F08720BF44
:109DB0003046494601F090F80028CFD0F4E7002261
:109DC000216884F80480C1E88F2F83F31088012074
:109DD000BDE8F087EA25002070B582B001A90646EB
:109DE00015461C46FFF784FF38B94FF050439DF9E4
:109DF000042093F900309A4201D102B070BD2A4686
:109E000023463046FFF79EFF02B070BD70B5054691
:109E10000C4601F059F84FF47A7C02460B46E4FBFD
:109E20000C23002B2846BDE87040BCBF4FF0FF322A
:109E30006FF00043FFF786BF0368EFF3108172B63F
:109E4000D3E8CFCF0122BCF1000FF9D1C3E84C2FEA
:109E5000BCF1000FF4D1BFF35F8F4FF0FF0C074A46
:109E600080F804C013780133DBB21370026800235A
:109E7000C2E88F3F81F3108840BF7047EA25002079
:109E8000002108B5134B4FF4707299601248D960E5
:109E9000196159619961D961196259629962D962EE
:109EA000196359639963D963196459649964D964CE
:109EB000196559659965D965196659669966D966AE
:109EC000196759679967D96700F0A8FF034B044ADF
:109ED0001A6008BD00001050A82100207025002045
:109EE000800110502DE9F04F234B85B0D3F858A0D6
:109EF000BAF1000F25D0002401254FF002081F4FB2
:109F000003E06D00DCB2202C1BD01AEA050F04F12F
:109F10000103F6D0E6434FEA540906F0010618FBA8
:109F2000096B174B07EB4B1B9D6558462AEA050A40
:109F30006D0000F0FBFB38B90134E4B2BAF1000F58
:109F4000E1D105B0BDE8F08F4FF4E063ADF8043027
:109F5000002306EB490607EB4616B2788DF8093068
:109F6000F38A01A801218DF80820039300F0FEFB7D
:109F7000584600F081FBDFE7000011506821002007
:109F80000030115070B5B24B84B0D3F8985015F42E
:109F9000003674D0AF4BB04C996A94F83B30AF4A5E
:109FA000022B116000F0F980002694F87B30022B20
:109FB00000F0C88194F8BB30022B00F0B98194F80E
:109FC000FB30022B00F0AA8194F83B31022B00F009
:109FD0009A8194F87B31022B00F08A8194F8BB318E
:109FE000022B00F07A8194F8FB31022B00F06A8199
:109FF00094F83B32022B00F0598194F87B32022B0B
:10A0000000F0488194F8BB32022B00F0378194F8BD
:10A01000FB32022B00F0108194F83B33022B00F04E
:10A02000FF8094F87B33022B00F0EE8094F8BB3372
:10A03000022B00F0D58094F8FB33022B00F0BF8098
:10A040003EB9874B1B7823B94FF40032854BC3F8D8
:10A0500090204FF440727E4B01219B6C01A8C3F30A
:10A060000A030293ADF8042000F080FBE9064FF4E8
:10A0700000367D4C07D5FFF735FF264603E0E9069D
:10A080004FF01004F7D4EA0332D5734C46F480360F
:10A09000A37E9BB10221754B6D4A1966536E9B07D7
:10A0A000FCD54FF4405200216B4800F0EBFA6A48AF
:10A0B00000F0E2FA02226B4B5A661A66012394F80A
:10A0C0003A20E370FAB901234FF4C061684A84F87A
:10A0D0002330ADF8041092E8030004AA02E903005B
:10A0E000194601A800F042FB4FF400325D4B1A659F
:10A0F000E9041DD46A0432D42B043FD4AE4240F0AC
:10A100009A8104B070BD594A1366A2F50052536E8D
:10A11000D807FCD54FF440520021564800F0B2FA5F
:10A12000544800F0A9FA01224E4B5A661A66CAE753
:10A130000024474B46F480561C60FFF7A1FE4FF405
:10A140008073012101A8ADF804308DF8084000F0BB
:10A150000DFB4FF40022434B1A656A04CCD54FF433
:10A160008063012101A8ADF8043000F0FFFA10224D
:10A170003C4B46F480461A652B04BFD54FF4A063D0
:10A18000012101A8ADF8043000F0F0FA4FF40062AC
:10A19000344B46F400461A65B0E794F83A60002E56
:10A1A0003FF403AF94F83C30002B3FF4FEAE0023A5
:10A1B00004F1200084F83C3000F086FAF5E694F8CB
:10A1C000FA33002B3FF43CAF94F8FC33002B3FF400
:10A1D00040AF0023284884F8FC3300F075FA38E7D4
:10A1E00094F8BA33002B3FF426AF94F8BC33002B1D
:10A1F00040F0B28094F8FB33022B7FF42AAF94F83E
:10A20000FA33002BE0D124E794F87A33002B3FF4A3
:10A210000DAF94F87C23002A40F005811E4605E727
:10A2200094F83A33002B3FF4FCAE94F83C23002A18
:10A2300040F0F1801E46F4E694F8FA32002B3FF429
:10A24000EBAE94F8FC22002A40F0DD801E46E3E6E7
:10A250000000115000000B40682100205821002010
:10A26000E62500200030115010000200002011509F
:10A2700000001050882100204825002094F8BA32B0
:10A28000002B3FF4C4AE94F8BC22002A40F0B38007
:10A290001E46BCE694F87A32002B3FF4B3AE94F835
:10A2A0007C22002A40F09F801E46ABE694F83A32AA
:10A2B000002B3FF4A2AE94F83C22002A40F08B80A1
:10A2C0001E469AE694F8FA31002B3FF491AE94F8CA
:10A2D000FC21002A77D11E468AE694F8BA31002B79
:10A2E0003FF481AE94F8BC21002A64D11E467AE680
:10A2F00094F87A31002B3FF471AE94F87C21002A57
:10A3000051D11E466AE694F83A31002B3FF461AE13
:10A3100094F83C21002A3ED11E465AE694F8FA30C1
:10A32000002B3FF451AE94F8FC2062BB1E464BE676
:10A3300094F8BA30002B3FF442AE94F8BC20D2B966
:10A340001E463CE694F87A30002B3FF433AE94F886
:10A350007C2042B91E462DE60023394884F8BC33E0
:10A3600000F0B2F946E70022364884F87C201E4609
:10A3700000F0AAF91EE60022334884F8BC201E46ED
:10A3800000F0A2F91BE60022304884F8FC201E46AB
:10A3900000F09AF918E600222D4884F83C211E4668
:10A3A00000F092F915E600222A4884F87C211E4626
:10A3B00000F08AF912E60022274884F8BC211E46E4
:10A3C00000F082F90FE60022244884F8FC211E46A2
:10A3D00000F07AF90CE60022214884F83C221E465F
:10A3E00000F072F909E600221E4884F87C221E461D
:10A3F00000F06AF906E600221B4884F8BC221E46DB
:10A4000000F062F903E60022184884F8FC221E4698
:10A4100000F05AF900E60022154884F83C231E4655
:10A4200000F052F9FDE50022124884F87C231E4614
:10A4300000F04AF9FAE5104886EA050100F050FDFF
:10A4400008250020C82100200822002048220020E2
:10A4500088220020C8220020082300204823002052
:10A4600088230020C823002008240020482400203E
:10A4700088240020C8240020047D0010828A2DE951
:10A48000F043048BC378944228BF1446121B92B247
:10A490008282002B46D044F4105683F00103C3702F
:10A4A00043783546B3BBC56804F1FF3905EB811825
:10A4B00005695CB36A1CA8EB0207022F35D9B9F114
:10A4C000070F32D9AE46C446221F920801325EF809
:10A4D000047B01339A424CF8047BF8D8B4EB820F2A
:10A4E000A9EB820305EB820C08EB82070CD015F870
:10A4F000225008F822503BB19CF80120012B7A70C1
:10A5000002D09CF80230BB700569828A2C44046139
:10A5100046F400450AB945F4804501B12D042846AA
:10A52000BDE8F08344F48066B7E708F1FF382544BE
:10A5300000E0013212F8013CAA4208F8013FF8D1CC
:10A54000E2E700BF83681B6801B11B0C4278C3F3CC
:10A550000903002A3FD0F0B5D0E903248D015F1E26
:10A5600002EB81115BB301352A44A21A022A3CD9BD
:10A57000072F3AD90D46A6460022A3F1040C4FEA54
:10A580009C0C0CF1010C55F8046B013294454EF80B
:10A59000046BF8D8B3EB8C0FA7EB8C0701EB8C05A1
:10A5A00004EB8C020AD011F82C1004F82C102FB1F7
:10A5B0006978012F517001D0A97891700469C28A1D
:10A5C0001C441A44C282028B04619A4284BF002256
:10A5D00082821846F0BDC28A1A44C282028B9A4215
:10A5E00084BF0022828218467047013CCD1811F8C2
:10A5F000012BA94204F8012FF9D1DFE710B5044679
:10A60000836800211B68FFF79DFF63681B685B0080
:10A6100002D5238B834200D010BD2046BDE81040F8
:10A620000121FFF78FBF00BF084B1B6C13F0020323
:10A6300002D18278D20901D100207047C07EA0F1FA
:10A640000200B0FA80F04009704700BF00001150CE
:10A6500008B5FFF7E9FF50B1054A064B906A1B6841
:10A66000A0F54870C01AC6288CBF0020012008BD84
:10A6700000000B40582100200023C0E904338376FA
:10A68000704700BF10B5836809B11C68214082B1D2
:10A69000114352050DD51A6854050CD4084A21F40B
:10A6A00080641C60126C920703D40C23033BFDD220
:10A6B0008368196010BD8178024800F011FC00BF6A
:10A6C00000001150187D001030B54368002183B0A0
:10A6D00004461D68FFF7D2FE134B40F480521B6CFA
:10A6E00013F0020FA3780ED05B060ED025F0A04524
:10A6F00045F000550021204663681D6003B0BDE8A9
:10A700003040FFF7BFBFDB09F0D0A38A002BEDD0AC
:10A71000012120460192FFF7B1FE019A25F0005574
:10A7200045F0A0450243E5E70000115038B5857EAD
:10A730000446A5B1FFF762FFA38A0BB9284638BDCE
:10A740002046FFF785FF054620B10123002523772A
:10A75000284638BD2046FFF7B7FF284638BD817828
:10A76000014800F0BDFB00BF387D00102DE9F0432B
:10A7700043780446023B0E4685B0042B15D8DFE82B
:10A7800013F005004A00A400AD0044000021764B00
:10A790001A786FF300021A701A786FF341021A7078
:10A7A00059701A7861F382021A70704B1D686B69D8
:10A7B000EFF3108272B6D3E8CF0F01210028FAD14F
:10A7C000C3E8401F0028F6D1BFF35F8FAA6121467E
:10A7D000284600F07DFB00236A69C2E88F3FAB6921
:10A7E00083F3108848B94FF0E023D3F8F03DDB073E
:10A7F00008D500BE05B0BDE8F08332466178207808
:10A8000000F05EFB05B0BDE8F083594A13780133D0
:10A81000DBB21370C9E70025564F2B463978DFF8B5
:10A820005881DFF8589108E0D9F8002012EB431363
:10A8300008D10135EBB28B420FD88B42F4D35B1AAF
:10A8400008EB4313DB69002BF3D06168207898474D
:10A8500001353978EBB28B42EFD9434D2B7858074D
:10A8600045D4EB78DA07CDD5002703233F4922787A
:10A870000D6861680397CDE901718DF804208DF8AA
:10A8800005306B69EFF3108272B6D3E8CF0F012168
:10A890000028FAD1C3E8401F0028F6D1BFF35F8F2C
:10A8A000284601A9AA6100F013FB6B69C3E88F7FFA
:10A8B000AB6983F31088002895D032469DF80510C7
:10A8C0009DF8040000F0FCFA9CE7274B1A78D707A4
:10A8D00098D51A7842F004021A7066E7224B1A786B
:10A8E000D5078FD51A786FF382021A705DE74FF0A3
:10A8F000000805222B781D496FF382032B70237803
:10A900000F68CDF804808DF805208DF80430CDE96E
:10A9100002887B69EFF3108272B6D3E8CF0F012172
:10A920000028FAD1C3E8401F0028F6D1BFF35F8F9B
:10A930003846BA6101A900F0CBFA7B69C3E88F8F72
:10A94000BB6983F3108838B94FF0E023D3F8F03DAA
:10A95000D90786D500BE84E732469DF805109DF8DC
:10A96000040000F0ADFA7CE7D01F00202820002072
:10A97000E7250020E5250020607D0010001E002056
:10A98000844610466AB3013900B501EB020EDCF8CB
:10A990000C309B07FBD511F8013F8E45CCF80830F1
:10A9A000F5D1DCF80C30590705D5DCF80830DCF8B7
:10A9B0000C305907F9D4DCF80C30DA0606D5DCF88F
:10A9C0000C30DA06F7D401E0DCF80830DCF80C30A3
:10A9D0005B07F9D40123CCF820305DF804FBDCF8E8
:10A9E0000830DCF80C305907F9D4DCF80C30DA0602
:10A9F00006D5DCF80C30DA06F7D401E0DCF80830D4
:10AA0000DCF80C305B07F9D40123CCF82030704718
:10AA100053B94AB9002908BF00281CBF4FF0FF31C5
:10AA20004FF0FF3000F082B9ADF1080C6DE904CEB3
:10AA300000F006F8DDF804E0DDE9022304B0704719
:10AA40002DE9F04F099D04460F46002B48D18A425C
:10AA5000944661D9B2FA82F343B1C3F120019F4019
:10AA600002FA03FC9C4020FA01F10F434FEA1C411B
:10AA70001FFA8CFE220CB7FBF1F601FB167706FBE2
:10AA80000EF042EA0742904208D91CEB020206F19E
:10AA9000FF3702D2904200F237813E46121AA4B22A
:10AAA000B2FBF1F001FB102200FB0EFE44EA02446F
:10AAB000A64508D91CEB040400F1FF3202D2A645DA
:10AAC00000F21C81104640EA0640A4EB0E0400266A
:10AAD0001DB1DC400023C5E900433146BDE8F08FDD
:10AAE0008B4209D9002D00F0FD800026C5E9000148
:10AAF00030463146BDE8F08FB3FA83F6002E4BD1D5
:10AB00008B42C0F0F280824240F2EF803046002D4E
:10AB1000E3D0C5E90047E0E702B9FFDEB2FA82F30D
:10AB2000002B40F09D80891A4FEA124E97B2012601
:10AB3000200CB1FBFEF20EFB121140EA014107FBB3
:10AB400002F088420FD91CEB010102F1FF382CBF43
:10AB50004FF001094FF00009884203D9B9F1000F05
:10AB600000F0CF804246091AA4B2B1FBFEF00EFB02
:10AB7000101100FB07F744EA0144A74208D91CEB77
:10AB8000040400F1FF3102D2A74200F2B48008466B
:10AB9000E41B40EA02409BE7C6F12007B34001FAFC
:10ABA00006F422FA07FCF940B2404CEA030C20FA02
:10ABB00007F34FEA1C491C431FFA8CFE00FA06F308
:10ABC000200CB1FBF9F809FB181140EA014108FB20
:10ABD0000EF088420FD91CEB010108F1FF3A2CBF9F
:10ABE0004FF0010B4FF0000B884203D9BBF1000F6F
:10ABF00000F08D80D046091AA4B2B1FBF9F009FB30
:10AC0000101100FB0EFE44EA01418E4507D91CEBF2
:10AC1000010100F1FF3401D28E457FD8204640EA81
:10AC20000840A1EB0E01A0FB029841454C46C646E8
:10AC300002D306D14B4504D20138B9EB020468EBCC
:10AC40000C0E002D70D01A1B61EB0E0122FA06F3D8
:10AC500001FA07F7F14000261F43C5E900713CE700
:10AC600002FA03FCC3F1200001FA03F221FA00F614
:10AC70004FEA1C4E24FA00F11FFA8CF79C40114356
:10AC8000B6FBFEF00A0C0EFB106642EA064200FB21
:10AC900007F696420ED91CEB020200F1FF382CBFDA
:10ACA0004FF001094FF00009964202D9B9F1000FA7
:10ACB00031D04046921B89B2B2FBFEF60EFB162243
:10ACC00041EA024106FB07F28A4207D91CEB010167
:10ACD00006F1FF3801D28A4223D84646891A46EA4D
:10ACE000004625E72E462846F7E6841A61EB030363
:10ACF00001201F460BE76444023849E764440238E8
:10AD0000E1E6023A61442EE7023E6244C6E6A8F15B
:10AD1000020861446FE702386244CBE702386144BD
:10AD20007DE7023E6144D9E72E46D6E6704700BF74
:10AD3000844641EA000313F0030349D1403A23D388
:10AD40000B6803604B6843608B688360CB68C360AB
:10AD50000B6903614B6943618B698361CB69C36193
:10AD60000B6A03624B6A43628B6A8362CB6AC3627B
:10AD70000B6B03634B6B43638B6B8363CB6BC36363
:10AD800040304031403ADBD230320BD30B680360A5
:10AD90004B6843608B688360CB68C36010301031B0
:10ADA000103AF3D20C3205D351F8043B40F8043B7F
:10ADB000043AF9D2043208D0D2071CBF11F8013B83
:10ADC00000F8013B01D30B8803806046704700BF49
:10ADD000082A13D38B07B1D010F00303AED0C3F110
:10ADE0000403D21ADB071CBF11F8013B00F8013B3A
:10ADF000A4D331F8023B20F8023B9FE7043AD9D3B1
:10AE0000013A11F8013B00F8013BF9D20B780370CD
:10AE10004B7843708B7883706046704770B58607B7
:10AE200048D0541E002A3FD0CAB2034601E0013C7C
:10AE30003AD303F8012B9D07F9D1032C2DD9CDB2BC
:10AE40000F2C45EA052545EA054536D9A4F1100C35
:10AE500003F1200E03F110022CF00F064FEA1C1C28
:10AE6000B64442E9045542E9025510327245F8D120
:10AE70000CF1010214F00C0F04F00F0C03EB0212A2
:10AE800013D0ACF1040323F003030433134442F85A
:10AE9000045B9342FBD10CF003042CB1CAB21C44F6
:10AEA00003F8012B9C42FBD170BD64461346002C75
:10AEB000F4D1F9E703461446BFE71A46A446E0E793
:10AEC0005FF800F09D4900105FF800F0691D001068
:10AED0005FF800F0BD5F00105FF800F0451C001047
:10AEE0005FF800F0C90C0010011000000000000025
:10AEF000000001000000000000000000000002004F
:10AF0000000000000000000000000300000000003E
:10AF1000000000000000040000000000000000002D
:10AF20000000050000000000000000000000FF001D
:10AF30000000000001B5486801318E4600477046A8
:10AF400009380149884701BD2D1300100000000099
:10AF500000000000000000000000000000000000F1
:10AF6000281C002000000000FFFFFFFFFFFFFF7F05
:10AF70006540001019400010953F0010053F00107B
:10AF800000000000000100002C20002010000C0038
:10AF900000000000000000000000000000000000B1
:10AFA00000000000FF0000000080094000000000D9
:10AFB000987D001007000C000C8200101100180092
:10AFC000E81300200000000000000000D41600205C
:10AFD0003C170020A4170020000000000000000023
:10AFE0000000000000000000000000000000000061
:10AFF0000000000000000000000000000000000051
:10B000000000000000000000000000000000000040
:10B010000000000000000000000000000000000030
:10B020000000000000000000000000000000000020
:10B030000000000000000000000000000000000010
:10B040000000000000000000000000000000000000
:10B0500000000000000000000000000000000000F0
:10B0600000000000000000000000000000000000E0
:10B0700001000000000000000E33CDAB34126DE67D
:10B08000ECDE05000B0000000000000000000000E6
:10B0900000000000000000000000000000000000B0
:10B0A00000000000000000000000000000000000A0
:10B0B0000000000000000000000000000000000090
:10B0C0000000000000000000000000000000000080
:10B0D0000000000000000000000000000000000070
:10B0E0000000000000000000000000000000000060
:10B0F0000000000000000000000000000000000050
:10B10000000000000000000000000000000000003F
:10B11000000000000000000000000000000000002F
:10B12000000000000000000000000000000000001F
:10B13000000000000000000000000000000000000F
:10B1400000000000000000000000000000000000FF
:10B1500000000000000000000000000000000000EF
:10B1600000000000000000000000000000000000DF
:10B1700000000000000000000000000000000000CF
:10B1800000000000000000000000000000000000BF
:10B1900000000000000000000000000000000000AF
:10B1A000000000000000000000000000000000009F
:10B1B000000000000000000000000000000000008F
:10B1C000000000000000000000000000000000007F
:10B1D000000000000000000000000000000000006F
:10B1E000000000000000000000000000000000005F
:10B1F000000000000000000000000000000000004F
:10B20000000000000000000000000000000000003E
:10B21000000000000000000000000000000000002E
:10B22000000000000000000000000000000000001E
:10B23000000000000000000000000000000000000E
:10B2400000000000000000000000000000000000FE
:10B2500000000000000000000000000000000000EE
:10B2600000000000000000000000000000000000DE
:10B2700000000000000000000000000000000000CE
:10B2800000000000000000000000000000000000BE
:10B2900000000000000000000000000000000000AE
:10B2A000000000000000000000000000000000009E
:10B2B000000000000000000000000000000000008E
:10B2C000000000000000000000000000000000007E
:10B2D000000000000000000000000000000000006E
:10B2E000000000000000000000000000000000005E
:10B2F000000000000000000000000000000000004E
:10B30000000000000000000000000000000000003D
:10B31000000000000000000000000000000000002D
:10B32000000000000000000000000000000000001D
:10B33000000000000000000000000000000000000D
:10B3400000000000000000000000000000000000FD
:10B3500000000000000000000000000000000000ED
:10B3600000000000000000000000000000000000DD
:10B3700000000000000000000000000000000000CD
:10B3800000000000000000000000000000000000BD
:10B3900000000000000000000000000000000000AD
:10B3A000000000000000000000000000000000009D
:10B3B000000000000000000000000000000000008D
:10B3C000000000000000000000000000000000007D
:10B3D000000000000000000000000000000000006D
:10B3E000000000000000000000000000000000005D
:10B3F00000000000000000001018002010180020BD
:10B4000018180020181800202018002020180020EC
:10B41000281800202818002030180020301800209C
:10B42000381800203818002040180020401800204C
:10B4300048180020481800205018002050180020FC
:10B4400058180020581800206018002060180020AC
:10B45000681800206818002070180020701800205C
:10B46000781800207818002080180020801800200C
:10B4700088180020881800209018002090180020BC
:10B480009818002098180020A0180020A01800206C
:10B49000A8180020A8180020B0180020B01800201C
:10B4A000B8180020B8180020C0180020C0180020CC
:10B4B000C8180020C8180020D0180020D01800207C
:10B4C000D8180020D8180020E0180020E01800202C
:10B4D000E8180020E8180020F0180020F0180020DC
:10B4E000F8180020F818002000190020001900208A
:10B4F0000819002008190020101900201019002038
:10B5000018190020181900202019002020190020E7
:10B510002819002028190020301900203019002097
:10B520003819002038190020401900204019002047
:10B5300048190020481900205019002050190020F7
:10B5400058190020581900206019002060190020A7
:10B550006819002068190020701900207019002057
:10B560007819002078190020801900208019002007
:10B5700088190020881900209019002090190020B7
:10B580009819002098190020A0190020A019002067
:10B59000A8190020A8190020B0190020B019002017
:10B5A000B8190020B8190020C0190020C0190020C7
:10B5B000C8190020C8190020D0190020D019002077
:10B5C000D8190020D8190020E0190020E019002027
:10B5D000E8190020E8190020F0190020F0190020D7
:10B5E000F8190020F8190020001A0020001A002085
:10B5F000081A0020081A0020101A0020101A002033
:10B60000181A0020181A0020201A0020201A0020E2
:10B61000281A0020281A0020301A0020301A002092
:10B62000381A0020381A0020401A0020401A002042
:10B63000481A0020481A0020501A0020501A0020F2
:10B64000581A0020581A0020601A0020601A0020A2
:10B65000681A0020681A0020701A0020701A002052
:10B66000781A0020781A0020801A0020801A002002
:10B67000881A0020881A0020901A0020901A0020B2
:10B68000981A0020981A0020A01A0020A01A002062
:10B69000A81A0020A81A0020B01A0020B01A002012
:10B6A000B81A0020B81A0020C01A0020C01A0020C2
:10B6B000C81A0020C81A0020D01A0020D01A002072
:10B6C000D81A0020D81A0020E01A0020E01A002022
:10B6D000E81A0020E81A0020F01A0020F01A0020D2
:10B6E000F81A0020F81A0020001B0020001B002080
:10B6F000081B0020081B0020101B0020101B00202E
:10B70000181B0020181B0020201B0020201B0020DD
:10B71000281B0020281B0020301B0020301B00208D
:10B72000381B0020381B0020401B0020401B00203D
:10B73000481B0020481B0020501B0020501B0020ED
:10B74000581B0020581B0020601B0020601B00209D
:10B75000681B0020681B0020701B0020701B00204D
:10B76000781B0020781B0020801B0020801B0020FD
:10B77000881B0020881B0020901B0020901B0020AD
:10B78000981B0020981B0020A01B0020A01B00205D
:10B79000A81B0020A81B0020B01B0020B01B00200D
:10B7A000B81B0020B81B0020C01B0020C01B0020BD
:10B7B000C81B0020C81B0020D01B0020D01B00206D
:10B7C000D81B0020D81B0020E01B0020E01B00201D
:10B7D000E81B0020E81B0020F01B0020F01B0020CD
:10B7E000F81B0020F81B0020001C0020001C00207B
:10B7F000081C0020081C0020FFFFFFFF00000200C3
:08B80000000000000000000040
:10B80800D3DEFFFFFE010000FF0100003049FFFF0B
:04B81800793512ABC1
:040000051000014D99
:00000001FF
