
/home/bryy/Projects/untamo/src/untamo.elf:     file format elf32-littlearm

Sections:
Idx Name          Size      VMA       LMA       File off  Algn
  0 .text         000077ec  10000000  10000000  00001000  2**3
                  CONTENTS, ALLOC, LOAD, READONLY, CODE
  1 .rodata       000024d4  100077f0  100077f0  000087f0  2**3
                  CONTENTS, ALLOC, LOAD, READONLY, DATA
  2 .ARM.exidx    00000008  10009cc4  10009cc4  0000acc4  2**2
                  CONTENTS, ALLOC, LOAD, READONLY, DATA
  3 .binary_info  00000024  10009ccc  10009ccc  0000accc  2**2
                  CONTENTS, ALLOC, LOAD, READONLY, DATA
  4 .psram_load   00000000  11000000  11000000  0000d81c  2**0
                  CONTENTS
  5 .psram_noload 00000000  11000000  11000000  0000d81c  2**0
                  CONTENTS
  6 .xip_ram      00000000  13ffc000  13ffc000  0000d81c  2**0
                  CONTENTS
  7 .ram_vector_table 00000110  20000000  20000000  0000e000  2**2
                  ALLOC
  8 .uninitialized_data 00000000  20000110  20000110  0000d81c  2**0
                  CONTENTS
  9 .data         00001b18  20000110  10009cf0  0000b110  2**3
                  CONTENTS, ALLOC, LOAD, READONLY, CODE
 10 .tdata        00000000  20001c28  20001c28  0000d81c  2**0
                  CONTENTS, ALLOC, LOAD, DATA, THREAD_LOCAL
 11 .tbss         00000000  20001c28  20001c28  00000000  2**0
                  ALLOC, THREAD_LOCAL
 12 .tbss_space   00000000  20001c28  20001c28  0000d81c  2**0
                  CONTENTS
 13 .bss          000009c8  20001c28  1000b808  0000dc28  2**3
                  ALLOC
 14 .tls0         00000000  200025f0  200025f0  0000d81c  2**0
                  CONTENTS
 15 .tls1         00000000  200025f0  200025f0  0000d81c  2**0
                  CONTENTS
 16 .persistent_data 00000000  200025f0  200025f0  0000d81c  2**0
                  CONTENTS
 17 .dummy_pre_heap 00000000  200025f0  200025f0  0000d81c  2**0
                  CONTENTS
 18 .heap         00000800  200025f0  200025f0  0000e5f0  2**2
                  ALLOC, READONLY
 19 .scratch_x    00000000  20080000  20080000  0000d81c  2**0
                  CONTENTS
 20 .scratch_y    00000000  20081000  20081000  0000d81c  2**0
                  CONTENTS
 21 .stack_dummy  00000800  20081000  20081000  0000e000  2**5
                  ALLOC, READONLY
 22 .flash_end    00000014  1000b808  1000b808  0000d808  2**2
                  CONTENTS, ALLOC, LOAD, READONLY, DATA
 23 .debug_info   00044642  00000000  00000000  0000d81c  2**0
                  CONTENTS, READONLY, DEBUGGING, OCTETS
 24 .debug_abbrev 0000ae79  00000000  00000000  00051e5e  2**0
                  CONTENTS, READONLY, DEBUGGING, OCTETS
 25 .debug_loc    0002f5d4  00000000  00000000  0005ccd7  2**0
                  CONTENTS, READONLY, DEBUGGING, OCTETS
 26 .debug_aranges 00001750  00000000  00000000  0008c2b0  2**3
                  CONTENTS, READONLY, DEBUGGING, OCTETS
 27 .debug_ranges 0000ed10  00000000  00000000  0008da00  2**3
                  CONTENTS, READONLY, DEBUGGING, OCTETS
 28 .debug_line   00026c9d  00000000  00000000  0009c710  2**0
                  CONTENTS, READONLY, DEBUGGING, OCTETS
 29 .debug_str    0000ba42  00000000  00000000  000c33ad  2**0
                  CONTENTS, READONLY, DEBUGGING, OCTETS
 30 .comment      00000033  00000000  00000000  000cedef  2**0
                  CONTENTS, READONLY
 31 .ARM.attributes 00000036  00000000  00000000  000cee22  2**0
                  CONTENTS, READONLY
 32 .debug_frame  00003e40  00000000  00000000  000cee58  2**2
                  CONTENTS, READONLY, DEBUGGING, OCTETS

/home/bryy/Projects/untamo/src/untamo.elf:     file format elf32-littlearm


Disassembly of section .text:

10000000 <__VECTOR_TABLE>:
10000000:	20082000 	.word	0x20082000
10000004:	1000015b 	.word	0x1000015b
10000008:	1000011b 	.word	0x1000011b
1000000c:	1000011d 	.word	0x1000011d
10000010:	10000111 	.word	0x10000111
10000014:	10000111 	.word	0x10000111
10000018:	10000111 	.word	0x10000111
1000001c:	10000111 	.word	0x10000111
10000020:	10000119 	.word	0x10000119
10000024:	10000119 	.word	0x10000119
10000028:	10000119 	.word	0x10000119
1000002c:	1000011f 	.word	0x1000011f
10000030:	10000111 	.word	0x10000111
10000034:	10000119 	.word	0x10000119
10000038:	10000121 	.word	0x10000121
1000003c:	10000123 	.word	0x10000123
10000040:	10000111 	.word	0x10000111
10000044:	10000111 	.word	0x10000111
10000048:	10000111 	.word	0x10000111
1000004c:	10000111 	.word	0x10000111
10000050:	10000111 	.word	0x10000111
10000054:	10000111 	.word	0x10000111
10000058:	10000111 	.word	0x10000111
1000005c:	10000111 	.word	0x10000111
10000060:	10000111 	.word	0x10000111
10000064:	10000111 	.word	0x10000111
10000068:	10000111 	.word	0x10000111
1000006c:	10000111 	.word	0x10000111
10000070:	10000111 	.word	0x10000111
10000074:	10000111 	.word	0x10000111
10000078:	10000111 	.word	0x10000111
1000007c:	10000111 	.word	0x10000111
10000080:	10000111 	.word	0x10000111
10000084:	10000111 	.word	0x10000111
10000088:	10000111 	.word	0x10000111
1000008c:	10000111 	.word	0x10000111
10000090:	10000111 	.word	0x10000111
10000094:	10000111 	.word	0x10000111
10000098:	10000111 	.word	0x10000111
1000009c:	10000111 	.word	0x10000111
100000a0:	10000111 	.word	0x10000111
100000a4:	10000111 	.word	0x10000111
100000a8:	10000111 	.word	0x10000111
100000ac:	10000111 	.word	0x10000111
100000b0:	10000111 	.word	0x10000111
100000b4:	10000111 	.word	0x10000111
100000b8:	10000111 	.word	0x10000111
100000bc:	10000111 	.word	0x10000111
100000c0:	10000111 	.word	0x10000111
100000c4:	10000111 	.word	0x10000111
100000c8:	10000111 	.word	0x10000111
100000cc:	10000111 	.word	0x10000111
100000d0:	10000111 	.word	0x10000111
100000d4:	10000111 	.word	0x10000111
100000d8:	10000111 	.word	0x10000111
100000dc:	10000111 	.word	0x10000111
100000e0:	10000111 	.word	0x10000111
100000e4:	10000111 	.word	0x10000111
100000e8:	10000111 	.word	0x10000111
100000ec:	10000111 	.word	0x10000111
100000f0:	10000111 	.word	0x10000111
100000f4:	10000111 	.word	0x10000111
100000f8:	10000111 	.word	0x10000111
100000fc:	10000111 	.word	0x10000111
10000100:	10000111 	.word	0x10000111
10000104:	10000111 	.word	0x10000111
10000108:	10000111 	.word	0x10000111
1000010c:	10000111 	.word	0x10000111

10000110 <__unhandled_user_irq>:
10000110:	f3ef 8005 	mrs	r0, IPSR
10000114:	3810      	subs	r0, #16

10000116 <unhandled_user_irq_num_in_r0>:
10000116:	be00      	bkpt	0x0000

10000118 <isr_invalid>:
10000118:	be00      	bkpt	0x0000

1000011a <isr_nmi>:
1000011a:	be00      	bkpt	0x0000

1000011c <isr_hardfault>:
1000011c:	be00      	bkpt	0x0000

1000011e <isr_svcall>:
1000011e:	be00      	bkpt	0x0000

10000120 <isr_pendsv>:
10000120:	be00      	bkpt	0x0000

10000122 <isr_systick>:
10000122:	be00      	bkpt	0x0000

10000124 <__default_isrs_end>:
10000124:	7188ebf2 	.word	0x7188ebf2
10000128:	10009ccc 	.word	0x10009ccc
1000012c:	10009cf0 	.word	0x10009cf0
10000130:	1000019c 	.word	0x1000019c
10000134:	e71aa390 	.word	0xe71aa390

10000138 <__binary_info_header_end>:
10000138:	ffffded3 	.word	0xffffded3
1000013c:	10210142 	.word	0x10210142
10000140:	000001ff 	.word	0x000001ff
10000144:	0000b6d0 	.word	0x0000b6d0
10000148:	ab123579 	.word	0xab123579

1000014c <_entry_point>:
1000014c:	2000      	movs	r0, #0

1000014e <_enter_vtable_in_r0>:
1000014e:	491e      	ldr	r1, [pc, #120]	; (100001c8 <data_cpy_table+0x2c>)
10000150:	6008      	str	r0, [r1, #0]
10000152:	c806      	ldmia	r0!, {r1, r2}
10000154:	f381 8808 	msr	MSP, r1
10000158:	4710      	bx	r2

1000015a <_reset_handler>:
1000015a:	f04f 4050 	mov.w	r0, #3489660928	; 0xd0000000
1000015e:	6800      	ldr	r0, [r0, #0]
10000160:	b108      	cbz	r0, 10000166 <hold_non_core0_in_bootrom+0x4>

10000162 <hold_non_core0_in_bootrom>:
10000162:	2000      	movs	r0, #0
10000164:	e7f3      	b.n	1000014e <_enter_vtable_in_r0>
10000166:	a40d      	add	r4, pc, #52	; (adr r4, 1000019c <data_cpy_table>)
10000168:	cc0e      	ldmia	r4!, {r1, r2, r3}
1000016a:	2900      	cmp	r1, #0
1000016c:	d002      	beq.n	10000174 <hold_non_core0_in_bootrom+0x12>
1000016e:	f000 f812 	bl	10000196 <data_cpy>
10000172:	e7f9      	b.n	10000168 <hold_non_core0_in_bootrom+0x6>
10000174:	4915      	ldr	r1, [pc, #84]	; (100001cc <data_cpy_table+0x30>)
10000176:	4a16      	ldr	r2, [pc, #88]	; (100001d0 <data_cpy_table+0x34>)
10000178:	2000      	movs	r0, #0
1000017a:	e000      	b.n	1000017e <bss_fill_test>

1000017c <bss_fill_loop>:
1000017c:	c101      	stmia	r1!, {r0}

1000017e <bss_fill_test>:
1000017e:	4291      	cmp	r1, r2
10000180:	d1fc      	bne.n	1000017c <bss_fill_loop>

10000182 <platform_entry>:
10000182:	4914      	ldr	r1, [pc, #80]	; (100001d4 <data_cpy_table+0x38>)
10000184:	4788      	blx	r1
10000186:	4914      	ldr	r1, [pc, #80]	; (100001d8 <data_cpy_table+0x3c>)
10000188:	4788      	blx	r1
1000018a:	4914      	ldr	r1, [pc, #80]	; (100001dc <data_cpy_table+0x40>)
1000018c:	4788      	blx	r1
1000018e:	be00      	bkpt	0x0000
10000190:	e7fd      	b.n	1000018e <platform_entry+0xc>

10000192 <data_cpy_loop>:
10000192:	c901      	ldmia	r1!, {r0}
10000194:	c201      	stmia	r2!, {r0}

10000196 <data_cpy>:
10000196:	429a      	cmp	r2, r3
10000198:	d3fb      	bcc.n	10000192 <data_cpy_loop>

1000019a <data_cpy_done>:
1000019a:	4770      	bx	lr

1000019c <data_cpy_table>:
1000019c:	10009cf0 	.word	0x10009cf0
100001a0:	20000110 	.word	0x20000110
100001a4:	20001c28 	.word	0x20001c28
100001a8:	1000b808 	.word	0x1000b808
100001ac:	20080000 	.word	0x20080000
100001b0:	20080000 	.word	0x20080000
100001b4:	1000b808 	.word	0x1000b808
100001b8:	20081000 	.word	0x20081000
100001bc:	20081000 	.word	0x20081000
100001c0:	00000000 	.word	0x00000000
100001c4:	4770      	bx	lr
100001c6:	0000      	.short	0x0000
100001c8:	e000ed08 	.word	0xe000ed08
100001cc:	20001c28 	.word	0x20001c28
100001d0:	200025f0 	.word	0x200025f0
100001d4:	10003b35 	.word	0x10003b35
100001d8:	10000231 	.word	0x10000231
100001dc:	10003b2d 	.word	0x10003b2d

100001e0 <gpio_callback>:
100001e0:	4b04      	ldr	r3, [pc, #16]	; (100001f4 <gpio_callback+0x14>)
100001e2:	7b1a      	ldrb	r2, [r3, #12]
100001e4:	b112      	cbz	r2, 100001ec <gpio_callback+0xc>
100001e6:	2200      	movs	r2, #0
100001e8:	701a      	strb	r2, [r3, #0]
100001ea:	4770      	bx	lr
100001ec:	2201      	movs	r2, #1
100001ee:	701a      	strb	r2, [r3, #0]
100001f0:	4770      	bx	lr
100001f2:	bf00      	nop
100001f4:	200025ac 	.word	0x200025ac

100001f8 <present_error>:
100001f8:	4604      	mov	r4, r0
100001fa:	b500      	push	{lr}
100001fc:	4b0a      	ldr	r3, [pc, #40]	; (10000228 <present_error+0x30>)
100001fe:	b085      	sub	sp, #20
10000200:	ad04      	add	r5, sp, #16
10000202:	cb0f      	ldmia	r3, {r0, r1, r2, r3}
10000204:	e905 000f 	stmdb	r5, {r0, r1, r2, r3}
10000208:	ab04      	add	r3, sp, #16
1000020a:	eb03 0484 	add.w	r4, r3, r4, lsl #2
1000020e:	4d07      	ldr	r5, [pc, #28]	; (1000022c <present_error+0x34>)
10000210:	f854 4c10 	ldr.w	r4, [r4, #-16]
10000214:	4621      	mov	r1, r4
10000216:	4628      	mov	r0, r5
10000218:	f003 fe66 	bl	10003ee8 <__wrap_printf>
1000021c:	f44f 60fa 	mov.w	r0, #2000	; 0x7d0
10000220:	f001 fcfe 	bl	10001c20 <sleep_ms>
10000224:	e7f6      	b.n	10000214 <present_error+0x1c>
10000226:	bf00      	nop
10000228:	10007874 	.word	0x10007874
1000022c:	10007834 	.word	0x10007834

10000230 <main>:
10000230:	e92d 4ff0 	stmdb	sp!, {r4, r5, r6, r7, r8, r9, sl, fp, lr}
10000234:	b085      	sub	sp, #20
10000236:	f003 fd99 	bl	10003d6c <stdio_init_all>
1000023a:	f000 f9bb 	bl	100005b4 <init_display>
1000023e:	b110      	cbz	r0, 10000246 <main+0x16>
10000240:	2001      	movs	r0, #1
10000242:	f7ff ffd9 	bl	100001f8 <present_error>
10000246:	f000 f927 	bl	10000498 <init_nood>
1000024a:	2800      	cmp	r0, #0
1000024c:	f040 80a0 	bne.w	10000390 <main+0x160>
10000250:	2201      	movs	r2, #1
10000252:	2104      	movs	r1, #4
10000254:	200f      	movs	r0, #15
10000256:	4b54      	ldr	r3, [pc, #336]	; (100003a8 <main+0x178>)
10000258:	f000 fc94 	bl	10000b84 <gpio_set_irq_enabled_with_callback>
1000025c:	2201      	movs	r2, #1
1000025e:	2104      	movs	r1, #4
10000260:	2011      	movs	r0, #17
10000262:	4b51      	ldr	r3, [pc, #324]	; (100003a8 <main+0x178>)
10000264:	f000 fc8e 	bl	10000b84 <gpio_set_irq_enabled_with_callback>
10000268:	46e8      	mov	r8, sp
1000026a:	4c50      	ldr	r4, [pc, #320]	; (100003ac <main+0x17c>)
1000026c:	4f50      	ldr	r7, [pc, #320]	; (100003b0 <main+0x180>)
1000026e:	4e51      	ldr	r6, [pc, #324]	; (100003b4 <main+0x184>)
10000270:	f8df a148 	ldr.w	sl, [pc, #328]	; 100003bc <main+0x18c>
10000274:	f104 0904 	add.w	r9, r4, #4
10000278:	7823      	ldrb	r3, [r4, #0]
1000027a:	2b03      	cmp	r3, #3
1000027c:	d8fc      	bhi.n	10000278 <main+0x48>
1000027e:	e8df f003 	tbb	[pc, r3]
10000282:	5375      	.short	0x5375
10000284:	0224      	.short	0x0224
10000286:	7821      	ldrb	r1, [r4, #0]
10000288:	4638      	mov	r0, r7
1000028a:	f003 fe2d 	bl	10003ee8 <__wrap_printf>
1000028e:	6861      	ldr	r1, [r4, #4]
10000290:	4630      	mov	r0, r6
10000292:	f003 fe29 	bl	10003ee8 <__wrap_printf>
10000296:	2301      	movs	r3, #1
10000298:	f44f 7596 	mov.w	r5, #300	; 0x12c
1000029c:	2000      	movs	r0, #0
1000029e:	7323      	strb	r3, [r4, #12]
100002a0:	f000 f904 	bl	100004ac <set_nood>
100002a4:	7823      	ldrb	r3, [r4, #0]
100002a6:	b2db      	uxtb	r3, r3
100002a8:	f88d 300f 	strb.w	r3, [sp, #15]
100002ac:	2064      	movs	r0, #100	; 0x64
100002ae:	f001 fcb7 	bl	10001c20 <sleep_ms>
100002b2:	7822      	ldrb	r2, [r4, #0]
100002b4:	f89d 300f 	ldrb.w	r3, [sp, #15]
100002b8:	429a      	cmp	r2, r3
100002ba:	d16f      	bne.n	1000039c <main+0x16c>
100002bc:	3d01      	subs	r5, #1
100002be:	d1f5      	bne.n	100002ac <main+0x7c>
100002c0:	f000 f952 	bl	10000568 <stop_nood>
100002c4:	7325      	strb	r5, [r4, #12]
100002c6:	7025      	strb	r5, [r4, #0]
100002c8:	e7d6      	b.n	10000278 <main+0x48>
100002ca:	7821      	ldrb	r1, [r4, #0]
100002cc:	4638      	mov	r0, r7
100002ce:	f003 fe0b 	bl	10003ee8 <__wrap_printf>
100002d2:	6861      	ldr	r1, [r4, #4]
100002d4:	4630      	mov	r0, r6
100002d6:	f003 fe07 	bl	10003ee8 <__wrap_printf>
100002da:	6863      	ldr	r3, [r4, #4]
100002dc:	68a2      	ldr	r2, [r4, #8]
100002de:	ebc3 1303 	rsb	r3, r3, r3, lsl #4
100002e2:	eb02 0b83 	add.w	fp, r2, r3, lsl #2
100002e6:	ebcb 110b 	rsb	r1, fp, fp, lsl #4
100002ea:	4650      	mov	r0, sl
100002ec:	0089      	lsls	r1, r1, #2
100002ee:	f003 fdfb 	bl	10003ee8 <__wrap_printf>
100002f2:	f44f 7216 	mov.w	r2, #600	; 0x258
100002f6:	fb02 fb0b 	mul.w	fp, r2, fp
100002fa:	7823      	ldrb	r3, [r4, #0]
100002fc:	f1bb 0f00 	cmp.w	fp, #0
10000300:	b2db      	uxtb	r3, r3
10000302:	f88d 300e 	strb.w	r3, [sp, #14]
10000306:	dd46      	ble.n	10000396 <main+0x166>
10000308:	2500      	movs	r5, #0
1000030a:	e002      	b.n	10000312 <main+0xe2>
1000030c:	3501      	adds	r5, #1
1000030e:	455d      	cmp	r5, fp
10000310:	d041      	beq.n	10000396 <main+0x166>
10000312:	2064      	movs	r0, #100	; 0x64
10000314:	f001 fc84 	bl	10001c20 <sleep_ms>
10000318:	7822      	ldrb	r2, [r4, #0]
1000031a:	f89d 300e 	ldrb.w	r3, [sp, #14]
1000031e:	429a      	cmp	r2, r3
10000320:	d0f4      	beq.n	1000030c <main+0xdc>
10000322:	2300      	movs	r3, #0
10000324:	7023      	strb	r3, [r4, #0]
10000326:	e7a7      	b.n	10000278 <main+0x48>
10000328:	7821      	ldrb	r1, [r4, #0]
1000032a:	4638      	mov	r0, r7
1000032c:	f003 fddc 	bl	10003ee8 <__wrap_printf>
10000330:	6861      	ldr	r1, [r4, #4]
10000332:	4630      	mov	r0, r6
10000334:	f003 fdd8 	bl	10003ee8 <__wrap_printf>
10000338:	4640      	mov	r0, r8
1000033a:	f000 f959 	bl	100005f0 <set_time>
1000033e:	e898 0003 	ldmia.w	r8, {r0, r1}
10000342:	f04f 4c80 	mov.w	ip, #1073741824	; 0x40000000
10000346:	2202      	movs	r2, #2
10000348:	2540      	movs	r5, #64	; 0x40
1000034a:	e889 0003 	stmia.w	r9, {r0, r1}
1000034e:	4b1a      	ldr	r3, [pc, #104]	; (100003b8 <main+0x188>)
10000350:	4638      	mov	r0, r7
10000352:	f8c3 c234 	str.w	ip, [r3, #564]	; 0x234
10000356:	f8c3 5238 	str.w	r5, [r3, #568]	; 0x238
1000035a:	7022      	strb	r2, [r4, #0]
1000035c:	7821      	ldrb	r1, [r4, #0]
1000035e:	f003 fdc3 	bl	10003ee8 <__wrap_printf>
10000362:	4630      	mov	r0, r6
10000364:	6861      	ldr	r1, [r4, #4]
10000366:	f003 fdbf 	bl	10003ee8 <__wrap_printf>
1000036a:	e785      	b.n	10000278 <main+0x48>
1000036c:	f44f 7516 	mov.w	r5, #600	; 0x258
10000370:	7823      	ldrb	r3, [r4, #0]
10000372:	b2db      	uxtb	r3, r3
10000374:	f88d 300d 	strb.w	r3, [sp, #13]
10000378:	2064      	movs	r0, #100	; 0x64
1000037a:	f001 fc51 	bl	10001c20 <sleep_ms>
1000037e:	7822      	ldrb	r2, [r4, #0]
10000380:	f89d 300d 	ldrb.w	r3, [sp, #13]
10000384:	429a      	cmp	r2, r3
10000386:	f47f af77 	bne.w	10000278 <main+0x48>
1000038a:	3d01      	subs	r5, #1
1000038c:	d1f4      	bne.n	10000378 <main+0x148>
1000038e:	e773      	b.n	10000278 <main+0x48>
10000390:	2002      	movs	r0, #2
10000392:	f7ff ff31 	bl	100001f8 <present_error>
10000396:	2303      	movs	r3, #3
10000398:	7023      	strb	r3, [r4, #0]
1000039a:	e76d      	b.n	10000278 <main+0x48>
1000039c:	f000 f8e4 	bl	10000568 <stop_nood>
100003a0:	2300      	movs	r3, #0
100003a2:	7323      	strb	r3, [r4, #12]
100003a4:	e768      	b.n	10000278 <main+0x48>
100003a6:	bf00      	nop
100003a8:	100001e1 	.word	0x100001e1
100003ac:	200025ac 	.word	0x200025ac
100003b0:	10007810 	.word	0x10007810
100003b4:	10007820 	.word	0x10007820
100003b8:	40028000 	.word	0x40028000
100003bc:	10007854 	.word	0x10007854

100003c0 <on_blink>:
100003c0:	2280      	movs	r2, #128	; 0x80
100003c2:	4918      	ldr	r1, [pc, #96]	; (10000424 <on_blink+0x64>)
100003c4:	4b18      	ldr	r3, [pc, #96]	; (10000428 <on_blink+0x68>)
100003c6:	7808      	ldrb	r0, [r1, #0]
100003c8:	b410      	push	{r4}
100003ca:	f8c3 20f4 	str.w	r2, [r3, #244]	; 0xf4
100003ce:	b158      	cbz	r0, 100003e8 <on_blink+0x28>
100003d0:	4816      	ldr	r0, [pc, #88]	; (1000042c <on_blink+0x6c>)
100003d2:	6802      	ldr	r2, [r0, #0]
100003d4:	3201      	adds	r2, #1
100003d6:	2aff      	cmp	r2, #255	; 0xff
100003d8:	dd19      	ble.n	1000040e <on_blink+0x4e>
100003da:	24ff      	movs	r4, #255	; 0xff
100003dc:	2300      	movs	r3, #0
100003de:	f64f 6201 	movw	r2, #65025	; 0xfe01
100003e2:	6004      	str	r4, [r0, #0]
100003e4:	700b      	strb	r3, [r1, #0]
100003e6:	e007      	b.n	100003f8 <on_blink+0x38>
100003e8:	4c10      	ldr	r4, [pc, #64]	; (1000042c <on_blink+0x6c>)
100003ea:	6823      	ldr	r3, [r4, #0]
100003ec:	1e5a      	subs	r2, r3, #1
100003ee:	d413      	bmi.n	10000418 <on_blink+0x58>
100003f0:	fb12 f302 	smulbb	r3, r2, r2
100003f4:	6022      	str	r2, [r4, #0]
100003f6:	b29a      	uxth	r2, r3
100003f8:	4b0b      	ldr	r3, [pc, #44]	; (10000428 <on_blink+0x68>)
100003fa:	490d      	ldr	r1, [pc, #52]	; (10000430 <on_blink+0x70>)
100003fc:	f8d3 3098 	ldr.w	r3, [r3, #152]	; 0x98
10000400:	f85d 4b04 	ldr.w	r4, [sp], #4
10000404:	4053      	eors	r3, r2
10000406:	b29b      	uxth	r3, r3
10000408:	f8c1 3098 	str.w	r3, [r1, #152]	; 0x98
1000040c:	4770      	bx	lr
1000040e:	fb12 f302 	smulbb	r3, r2, r2
10000412:	6002      	str	r2, [r0, #0]
10000414:	b29a      	uxth	r2, r3
10000416:	e7ef      	b.n	100003f8 <on_blink+0x38>
10000418:	2301      	movs	r3, #1
1000041a:	4602      	mov	r2, r0
1000041c:	6020      	str	r0, [r4, #0]
1000041e:	700b      	strb	r3, [r1, #0]
10000420:	e7ea      	b.n	100003f8 <on_blink+0x38>
10000422:	bf00      	nop
10000424:	20001308 	.word	0x20001308
10000428:	400a8000 	.word	0x400a8000
1000042c:	2000215c 	.word	0x2000215c
10000430:	400a9000 	.word	0x400a9000

10000434 <on_wakeup>:
10000434:	2180      	movs	r1, #128	; 0x80
10000436:	4a14      	ldr	r2, [pc, #80]	; (10000488 <on_wakeup+0x54>)
10000438:	4b14      	ldr	r3, [pc, #80]	; (1000048c <on_wakeup+0x58>)
1000043a:	b410      	push	{r4}
1000043c:	f8c2 10f4 	str.w	r1, [r2, #244]	; 0xf4
10000440:	781a      	ldrb	r2, [r3, #0]
10000442:	b97a      	cbnz	r2, 10000464 <on_wakeup+0x30>
10000444:	4b12      	ldr	r3, [pc, #72]	; (10000490 <on_wakeup+0x5c>)
10000446:	881b      	ldrh	r3, [r3, #0]
10000448:	fb13 f303 	smulbb	r3, r3, r3
1000044c:	b29a      	uxth	r2, r3
1000044e:	4b0e      	ldr	r3, [pc, #56]	; (10000488 <on_wakeup+0x54>)
10000450:	4910      	ldr	r1, [pc, #64]	; (10000494 <on_wakeup+0x60>)
10000452:	f8d3 3098 	ldr.w	r3, [r3, #152]	; 0x98
10000456:	f85d 4b04 	ldr.w	r4, [sp], #4
1000045a:	4053      	eors	r3, r2
1000045c:	b29b      	uxth	r3, r3
1000045e:	f8c1 3098 	str.w	r3, [r1, #152]	; 0x98
10000462:	4770      	bx	lr
10000464:	490a      	ldr	r1, [pc, #40]	; (10000490 <on_wakeup+0x5c>)
10000466:	680a      	ldr	r2, [r1, #0]
10000468:	3201      	adds	r2, #1
1000046a:	2aff      	cmp	r2, #255	; 0xff
1000046c:	dd06      	ble.n	1000047c <on_wakeup+0x48>
1000046e:	24ff      	movs	r4, #255	; 0xff
10000470:	2000      	movs	r0, #0
10000472:	f64f 6201 	movw	r2, #65025	; 0xfe01
10000476:	600c      	str	r4, [r1, #0]
10000478:	7018      	strb	r0, [r3, #0]
1000047a:	e7e8      	b.n	1000044e <on_wakeup+0x1a>
1000047c:	fb12 f302 	smulbb	r3, r2, r2
10000480:	600a      	str	r2, [r1, #0]
10000482:	b29a      	uxth	r2, r3
10000484:	e7e3      	b.n	1000044e <on_wakeup+0x1a>
10000486:	bf00      	nop
10000488:	400a8000 	.word	0x400a8000
1000048c:	20001308 	.word	0x20001308
10000490:	2000215c 	.word	0x2000215c
10000494:	400a9000 	.word	0x400a9000

10000498 <init_nood>:
10000498:	b508      	push	{r3, lr}
1000049a:	200e      	movs	r0, #14
1000049c:	f000 fbf2 	bl	10000c84 <gpio_init>
100004a0:	230e      	movs	r3, #14
100004a2:	2201      	movs	r2, #1
100004a4:	ec42 3044 	gpioc_bit_oe_put r3, r2
100004a8:	2000      	movs	r0, #0
100004aa:	bd08      	pop	{r3, pc}

100004ac <set_nood>:
100004ac:	b5f8      	push	{r3, r4, r5, r6, r7, lr}
100004ae:	2100      	movs	r1, #0
100004b0:	4604      	mov	r4, r0
100004b2:	2008      	movs	r0, #8
100004b4:	f000 fcec 	bl	10000e90 <irq_set_enabled>
100004b8:	2680      	movs	r6, #128	; 0x80
100004ba:	2200      	movs	r2, #0
100004bc:	2001      	movs	r0, #1
100004be:	4d22      	ldr	r5, [pc, #136]	; (10000548 <set_nood+0x9c>)
100004c0:	4b22      	ldr	r3, [pc, #136]	; (1000054c <set_nood+0xa0>)
100004c2:	4923      	ldr	r1, [pc, #140]	; (10000550 <set_nood+0xa4>)
100004c4:	f8c5 60f8 	str.w	r6, [r5, #248]	; 0xf8
100004c8:	7008      	strb	r0, [r1, #0]
100004ca:	601a      	str	r2, [r3, #0]
100004cc:	b3a4      	cbz	r4, 10000538 <set_nood+0x8c>
100004ce:	4284      	cmp	r4, r0
100004d0:	d130      	bne.n	10000534 <set_nood+0x88>
100004d2:	2008      	movs	r0, #8
100004d4:	491f      	ldr	r1, [pc, #124]	; (10000554 <set_nood+0xa8>)
100004d6:	f000 fd1f 	bl	10000f18 <irq_set_exclusive_handler>
100004da:	2650      	movs	r6, #80	; 0x50
100004dc:	2104      	movs	r1, #4
100004de:	200e      	movs	r0, #14
100004e0:	f000 fb18 	bl	10000b14 <gpio_set_function>
100004e4:	2300      	movs	r3, #0
100004e6:	f64f 7cff 	movw	ip, #65535	; 0xffff
100004ea:	2280      	movs	r2, #128	; 0x80
100004ec:	4c1a      	ldr	r4, [pc, #104]	; (10000558 <set_nood+0xac>)
100004ee:	4d1b      	ldr	r5, [pc, #108]	; (1000055c <set_nood+0xb0>)
100004f0:	f8c4 308c 	str.w	r3, [r4, #140]	; 0x8c
100004f4:	f8c4 3094 	str.w	r3, [r4, #148]	; 0x94
100004f8:	f8c4 3098 	str.w	r3, [r4, #152]	; 0x98
100004fc:	f8c4 c09c 	str.w	ip, [r4, #156]	; 0x9c
10000500:	f8c4 6090 	str.w	r6, [r4, #144]	; 0x90
10000504:	f8c4 308c 	str.w	r3, [r4, #140]	; 0x8c
10000508:	f8d4 3098 	ldr.w	r3, [r4, #152]	; 0x98
1000050c:	4f14      	ldr	r7, [pc, #80]	; (10000560 <set_nood+0xb4>)
1000050e:	b29b      	uxth	r3, r3
10000510:	f8c5 3098 	str.w	r3, [r5, #152]	; 0x98
10000514:	2101      	movs	r1, #1
10000516:	f8c4 20f4 	str.w	r2, [r4, #244]	; 0xf4
1000051a:	2008      	movs	r0, #8
1000051c:	f8c7 20f8 	str.w	r2, [r7, #248]	; 0xf8
10000520:	f000 fcb6 	bl	10000e90 <irq_set_enabled>
10000524:	f8d4 308c 	ldr.w	r3, [r4, #140]	; 0x8c
10000528:	43db      	mvns	r3, r3
1000052a:	f003 0301 	and.w	r3, r3, #1
1000052e:	f8c5 308c 	str.w	r3, [r5, #140]	; 0x8c
10000532:	bdf8      	pop	{r3, r4, r5, r6, r7, pc}
10000534:	2610      	movs	r6, #16
10000536:	e7d1      	b.n	100004dc <set_nood+0x30>
10000538:	2008      	movs	r0, #8
1000053a:	490a      	ldr	r1, [pc, #40]	; (10000564 <set_nood+0xb8>)
1000053c:	f000 fcec 	bl	10000f18 <irq_set_exclusive_handler>
10000540:	f44f 7648 	mov.w	r6, #800	; 0x320
10000544:	e7ca      	b.n	100004dc <set_nood+0x30>
10000546:	bf00      	nop
10000548:	400ab000 	.word	0x400ab000
1000054c:	2000215c 	.word	0x2000215c
10000550:	20001308 	.word	0x20001308
10000554:	100003c1 	.word	0x100003c1
10000558:	400a8000 	.word	0x400a8000
1000055c:	400a9000 	.word	0x400a9000
10000560:	400aa000 	.word	0x400aa000
10000564:	10000435 	.word	0x10000435

10000568 <stop_nood>:
10000568:	b510      	push	{r4, lr}
1000056a:	2480      	movs	r4, #128	; 0x80
1000056c:	4b0e      	ldr	r3, [pc, #56]	; (100005a8 <stop_nood+0x40>)
1000056e:	2100      	movs	r1, #0
10000570:	f8c3 40f8 	str.w	r4, [r3, #248]	; 0xf8
10000574:	2008      	movs	r0, #8
10000576:	f000 fc8b 	bl	10000e90 <irq_set_enabled>
1000057a:	4b0c      	ldr	r3, [pc, #48]	; (100005ac <stop_nood+0x44>)
1000057c:	4a0c      	ldr	r2, [pc, #48]	; (100005b0 <stop_nood+0x48>)
1000057e:	f8c3 40f4 	str.w	r4, [r3, #244]	; 0xf4
10000582:	f8d3 308c 	ldr.w	r3, [r3, #140]	; 0x8c
10000586:	2105      	movs	r1, #5
10000588:	f003 0301 	and.w	r3, r3, #1
1000058c:	f8c2 308c 	str.w	r3, [r2, #140]	; 0x8c
10000590:	200e      	movs	r0, #14
10000592:	f000 fabf 	bl	10000b14 <gpio_set_function>
10000596:	230e      	movs	r3, #14
10000598:	2201      	movs	r2, #1
1000059a:	ec42 3044 	gpioc_bit_oe_put r3, r2
1000059e:	2200      	movs	r2, #0
100005a0:	ec42 3040 	gpioc_bit_out_put r3, r2
100005a4:	bd10      	pop	{r4, pc}
100005a6:	bf00      	nop
100005a8:	400ab000 	.word	0x400ab000
100005ac:	400a8000 	.word	0x400a8000
100005b0:	400a9000 	.word	0x400a9000

100005b4 <init_display>:
100005b4:	b510      	push	{r4, lr}
100005b6:	2064      	movs	r0, #100	; 0x64
100005b8:	f006 fbb6 	bl	10006d28 <DEV_Delay_ms>
100005bc:	480b      	ldr	r0, [pc, #44]	; (100005ec <init_display+0x38>)
100005be:	f003 fc15 	bl	10003dec <__wrap_puts>
100005c2:	f006 fbd9 	bl	10006d78 <DEV_Module_Init>
100005c6:	b108      	cbz	r0, 100005cc <init_display+0x18>
100005c8:	2001      	movs	r0, #1
100005ca:	bd10      	pop	{r4, pc}
100005cc:	4604      	mov	r4, r0
100005ce:	f005 ff13 	bl	100063f8 <OLED_1in3_C_Init>
100005d2:	f006 f8b3 	bl	1000673c <OLED_1in3_C_Clear>
100005d6:	200f      	movs	r0, #15
100005d8:	f006 fb98 	bl	10006d0c <DEV_KEY_Config>
100005dc:	2011      	movs	r0, #17
100005de:	f006 fb95 	bl	10006d0c <DEV_KEY_Config>
100005e2:	4620      	mov	r0, r4
100005e4:	f006 faa0 	bl	10006b28 <Paint_Clear>
100005e8:	4620      	mov	r0, r4
100005ea:	bd10      	pop	{r4, pc}
100005ec:	10007884 	.word	0x10007884

100005f0 <set_time>:
100005f0:	4603      	mov	r3, r0
100005f2:	e92d 4ff0 	stmdb	sp!, {r4, r5, r6, r7, r8, r9, sl, fp, lr}
100005f6:	f44f 6080 	mov.w	r0, #1024	; 0x400
100005fa:	b085      	sub	sp, #20
100005fc:	9303      	str	r3, [sp, #12]
100005fe:	f001 fff7 	bl	100025f0 <__wrap_malloc>
10000602:	2800      	cmp	r0, #0
10000604:	f000 818a 	beq.w	1000091c <set_time+0x32c>
10000608:	2500      	movs	r5, #0
1000060a:	4682      	mov	sl, r0
1000060c:	f64f 76ff 	movw	r6, #65535	; 0xffff
10000610:	48c5      	ldr	r0, [pc, #788]	; (10000928 <set_time+0x338>)
10000612:	f8df 9330 	ldr.w	r9, [pc, #816]	; 10000944 <set_time+0x354>
10000616:	f003 fbe9 	bl	10003dec <__wrap_puts>
1000061a:	23b4      	movs	r3, #180	; 0xb4
1000061c:	2240      	movs	r2, #64	; 0x40
1000061e:	2180      	movs	r1, #128	; 0x80
10000620:	4650      	mov	r0, sl
10000622:	9500      	str	r5, [sp, #0]
10000624:	f006 fa5c 	bl	10006ae0 <Paint_NewImage>
10000628:	2114      	movs	r1, #20
1000062a:	464b      	mov	r3, r9
1000062c:	4abf      	ldr	r2, [pc, #764]	; (1000092c <set_time+0x33c>)
1000062e:	200a      	movs	r0, #10
10000630:	e9cd 5600 	strd	r5, r6, [sp]
10000634:	f006 fafe 	bl	10006c34 <Paint_DrawString_EN>
10000638:	4650      	mov	r0, sl
1000063a:	f006 f8cd 	bl	100067d8 <OLED_1in3_C_Display>
1000063e:	f44f 60fa 	mov.w	r0, #2000	; 0x7d0
10000642:	f006 fb71 	bl	10006d28 <DEV_Delay_ms>
10000646:	23b4      	movs	r3, #180	; 0xb4
10000648:	2240      	movs	r2, #64	; 0x40
1000064a:	2180      	movs	r1, #128	; 0x80
1000064c:	4650      	mov	r0, sl
1000064e:	9600      	str	r6, [sp, #0]
10000650:	f006 fa46 	bl	10006ae0 <Paint_NewImage>
10000654:	4628      	mov	r0, r5
10000656:	46a8      	mov	r8, r5
10000658:	f006 fa66 	bl	10006b28 <Paint_Clear>
1000065c:	462f      	mov	r7, r5
1000065e:	4cb4      	ldr	r4, [pc, #720]	; (10000930 <set_time+0x340>)
10000660:	f8df b2e8 	ldr.w	fp, [pc, #744]	; 1000094c <set_time+0x35c>
10000664:	2011      	movs	r0, #17
10000666:	f006 fb35 	bl	10006cd4 <DEV_Digital_Read>
1000066a:	4605      	mov	r5, r0
1000066c:	2800      	cmp	r0, #0
1000066e:	f040 8140 	bne.w	100008f2 <set_time+0x302>
10000672:	222b      	movs	r2, #43	; 0x2b
10000674:	2105      	movs	r1, #5
10000676:	2073      	movs	r0, #115	; 0x73
10000678:	e9cd 5600 	strd	r5, r6, [sp]
1000067c:	4bad      	ldr	r3, [pc, #692]	; (10000934 <set_time+0x344>)
1000067e:	f006 fac3 	bl	10006c08 <Paint_DrawChar>
10000682:	46a8      	mov	r8, r5
10000684:	3701      	adds	r7, #1
10000686:	200f      	movs	r0, #15
10000688:	f006 fb24 	bl	10006cd4 <DEV_Digital_Read>
1000068c:	222d      	movs	r2, #45	; 0x2d
1000068e:	4605      	mov	r5, r0
10000690:	2800      	cmp	r0, #0
10000692:	f040 8120 	bne.w	100008d6 <set_time+0x2e6>
10000696:	2132      	movs	r1, #50	; 0x32
10000698:	2073      	movs	r0, #115	; 0x73
1000069a:	e9cd 5600 	strd	r5, r6, [sp]
1000069e:	4ba5      	ldr	r3, [pc, #660]	; (10000934 <set_time+0x344>)
100006a0:	f006 fab2 	bl	10006c08 <Paint_DrawChar>
100006a4:	f04f 0801 	mov.w	r8, #1
100006a8:	2163      	movs	r1, #99	; 0x63
100006aa:	3f01      	subs	r7, #1
100006ac:	4aa2      	ldr	r2, [pc, #648]	; (10000938 <set_time+0x348>)
100006ae:	17fb      	asrs	r3, r7, #31
100006b0:	fb82 0207 	smull	r0, r2, r2, r7
100006b4:	ebc3 1322 	rsb	r3, r3, r2, asr #4
100006b8:	6023      	str	r3, [r4, #0]
100006ba:	6823      	ldr	r3, [r4, #0]
100006bc:	2b17      	cmp	r3, #23
100006be:	f300 80f0 	bgt.w	100008a2 <set_time+0x2b2>
100006c2:	6823      	ldr	r3, [r4, #0]
100006c4:	3317      	adds	r3, #23
100006c6:	f2c0 80ec 	blt.w	100008a2 <set_time+0x2b2>
100006ca:	6823      	ldr	r3, [r4, #0]
100006cc:	2b00      	cmp	r3, #0
100006ce:	da02      	bge.n	100006d6 <set_time+0xe6>
100006d0:	6823      	ldr	r3, [r4, #0]
100006d2:	3318      	adds	r3, #24
100006d4:	6023      	str	r3, [r4, #0]
100006d6:	29c6      	cmp	r1, #198	; 0xc6
100006d8:	d910      	bls.n	100006fc <set_time+0x10c>
100006da:	f1a5 0364 	sub.w	r3, r5, #100	; 0x64
100006de:	2b63      	cmp	r3, #99	; 0x63
100006e0:	d90c      	bls.n	100006fc <set_time+0x10c>
100006e2:	f5a5 73c8 	sub.w	r3, r5, #400	; 0x190
100006e6:	2bc7      	cmp	r3, #199	; 0xc7
100006e8:	d908      	bls.n	100006fc <set_time+0x10c>
100006ea:	f5a5 7348 	sub.w	r3, r5, #800	; 0x320
100006ee:	2bc7      	cmp	r3, #199	; 0xc7
100006f0:	d904      	bls.n	100006fc <set_time+0x10c>
100006f2:	f5a5 6396 	sub.w	r3, r5, #1200	; 0x4b0
100006f6:	2bc7      	cmp	r3, #199	; 0xc7
100006f8:	f200 810a 	bhi.w	10000910 <set_time+0x320>
100006fc:	2500      	movs	r5, #0
100006fe:	6822      	ldr	r2, [r4, #0]
10000700:	464b      	mov	r3, r9
10000702:	2114      	movs	r1, #20
10000704:	200f      	movs	r0, #15
10000706:	e9cd 6500 	strd	r6, r5, [sp]
1000070a:	f85b 2022 	ldr.w	r2, [fp, r2, lsl #2]
1000070e:	f006 fa91 	bl	10006c34 <Paint_DrawString_EN>
10000712:	2500      	movs	r5, #0
10000714:	464b      	mov	r3, r9
10000716:	223a      	movs	r2, #58	; 0x3a
10000718:	2114      	movs	r1, #20
1000071a:	202d      	movs	r0, #45	; 0x2d
1000071c:	e9cd 5600 	strd	r5, r6, [sp]
10000720:	f006 fa72 	bl	10006c08 <Paint_DrawChar>
10000724:	464b      	mov	r3, r9
10000726:	2114      	movs	r1, #20
10000728:	4a84      	ldr	r2, [pc, #528]	; (1000093c <set_time+0x34c>)
1000072a:	203c      	movs	r0, #60	; 0x3c
1000072c:	e9cd 6500 	strd	r6, r5, [sp]
10000730:	f006 fa80 	bl	10006c34 <Paint_DrawString_EN>
10000734:	4650      	mov	r0, sl
10000736:	f006 f84f 	bl	100067d8 <OLED_1in3_C_Display>
1000073a:	4628      	mov	r0, r5
1000073c:	f006 f9f4 	bl	10006b28 <Paint_Clear>
10000740:	f5b8 6ffa 	cmp.w	r8, #2000	; 0x7d0
10000744:	d18e      	bne.n	10000664 <set_time+0x74>
10000746:	f64f 77ff 	movw	r7, #65535	; 0xffff
1000074a:	46a8      	mov	r8, r5
1000074c:	f8df 91f4 	ldr.w	r9, [pc, #500]	; 10000944 <set_time+0x354>
10000750:	2011      	movs	r0, #17
10000752:	f006 fabf 	bl	10006cd4 <DEV_Digital_Read>
10000756:	4606      	mov	r6, r0
10000758:	2800      	cmp	r0, #0
1000075a:	f040 80b3 	bne.w	100008c4 <set_time+0x2d4>
1000075e:	222b      	movs	r2, #43	; 0x2b
10000760:	2105      	movs	r1, #5
10000762:	2073      	movs	r0, #115	; 0x73
10000764:	e9cd 6700 	strd	r6, r7, [sp]
10000768:	4b72      	ldr	r3, [pc, #456]	; (10000934 <set_time+0x344>)
1000076a:	f006 fa4d 	bl	10006c08 <Paint_DrawChar>
1000076e:	4635      	mov	r5, r6
10000770:	f108 0801 	add.w	r8, r8, #1
10000774:	200f      	movs	r0, #15
10000776:	f006 faad 	bl	10006cd4 <DEV_Digital_Read>
1000077a:	222d      	movs	r2, #45	; 0x2d
1000077c:	4606      	mov	r6, r0
1000077e:	2800      	cmp	r0, #0
10000780:	f040 8093 	bne.w	100008aa <set_time+0x2ba>
10000784:	2132      	movs	r1, #50	; 0x32
10000786:	2073      	movs	r0, #115	; 0x73
10000788:	e9cd 6700 	strd	r6, r7, [sp]
1000078c:	4b69      	ldr	r3, [pc, #420]	; (10000934 <set_time+0x344>)
1000078e:	f006 fa3b 	bl	10006c08 <Paint_DrawChar>
10000792:	2501      	movs	r5, #1
10000794:	2163      	movs	r1, #99	; 0x63
10000796:	f108 38ff 	add.w	r8, r8, #4294967295	; 0xffffffff
1000079a:	4a67      	ldr	r2, [pc, #412]	; (10000938 <set_time+0x348>)
1000079c:	ea4f 73e8 	mov.w	r3, r8, asr #31
100007a0:	fb82 0208 	smull	r0, r2, r2, r8
100007a4:	ebc3 1322 	rsb	r3, r3, r2, asr #4
100007a8:	6063      	str	r3, [r4, #4]
100007aa:	6863      	ldr	r3, [r4, #4]
100007ac:	2b05      	cmp	r3, #5
100007ae:	dc74      	bgt.n	1000089a <set_time+0x2aa>
100007b0:	6863      	ldr	r3, [r4, #4]
100007b2:	3305      	adds	r3, #5
100007b4:	db71      	blt.n	1000089a <set_time+0x2aa>
100007b6:	6863      	ldr	r3, [r4, #4]
100007b8:	2b00      	cmp	r3, #0
100007ba:	da02      	bge.n	100007c2 <set_time+0x1d2>
100007bc:	6863      	ldr	r3, [r4, #4]
100007be:	3306      	adds	r3, #6
100007c0:	6063      	str	r3, [r4, #4]
100007c2:	29c6      	cmp	r1, #198	; 0xc6
100007c4:	d910      	bls.n	100007e8 <set_time+0x1f8>
100007c6:	f1a6 0364 	sub.w	r3, r6, #100	; 0x64
100007ca:	2b63      	cmp	r3, #99	; 0x63
100007cc:	d90c      	bls.n	100007e8 <set_time+0x1f8>
100007ce:	f5a6 73c8 	sub.w	r3, r6, #400	; 0x190
100007d2:	2bc7      	cmp	r3, #199	; 0xc7
100007d4:	d908      	bls.n	100007e8 <set_time+0x1f8>
100007d6:	f5a6 7348 	sub.w	r3, r6, #800	; 0x320
100007da:	2bc7      	cmp	r3, #199	; 0xc7
100007dc:	d904      	bls.n	100007e8 <set_time+0x1f8>
100007de:	f5a6 6396 	sub.w	r3, r6, #1200	; 0x4b0
100007e2:	2bc7      	cmp	r3, #199	; 0xc7
100007e4:	f200 808e 	bhi.w	10000904 <set_time+0x314>
100007e8:	2600      	movs	r6, #0
100007ea:	6862      	ldr	r2, [r4, #4]
100007ec:	4854      	ldr	r0, [pc, #336]	; (10000940 <set_time+0x350>)
100007ee:	464b      	mov	r3, r9
100007f0:	f850 2022 	ldr.w	r2, [r0, r2, lsl #2]
100007f4:	2114      	movs	r1, #20
100007f6:	203c      	movs	r0, #60	; 0x3c
100007f8:	9700      	str	r7, [sp, #0]
100007fa:	9601      	str	r6, [sp, #4]
100007fc:	f006 fa1a 	bl	10006c34 <Paint_DrawString_EN>
10000800:	2600      	movs	r6, #0
10000802:	464b      	mov	r3, r9
10000804:	223a      	movs	r2, #58	; 0x3a
10000806:	2114      	movs	r1, #20
10000808:	202d      	movs	r0, #45	; 0x2d
1000080a:	9701      	str	r7, [sp, #4]
1000080c:	9600      	str	r6, [sp, #0]
1000080e:	f006 f9fb 	bl	10006c08 <Paint_DrawChar>
10000812:	6822      	ldr	r2, [r4, #0]
10000814:	464b      	mov	r3, r9
10000816:	2114      	movs	r1, #20
10000818:	f85b 2022 	ldr.w	r2, [fp, r2, lsl #2]
1000081c:	200f      	movs	r0, #15
1000081e:	e9cd 7600 	strd	r7, r6, [sp]
10000822:	f006 fa07 	bl	10006c34 <Paint_DrawString_EN>
10000826:	4650      	mov	r0, sl
10000828:	f005 ffd6 	bl	100067d8 <OLED_1in3_C_Display>
1000082c:	4630      	mov	r0, r6
1000082e:	f006 f97b 	bl	10006b28 <Paint_Clear>
10000832:	f5b5 6ffa 	cmp.w	r5, #2000	; 0x7d0
10000836:	d18b      	bne.n	10000750 <set_time+0x160>
10000838:	e9cd 7600 	strd	r7, r6, [sp]
1000083c:	4a40      	ldr	r2, [pc, #256]	; (10000940 <set_time+0x350>)
1000083e:	6863      	ldr	r3, [r4, #4]
10000840:	2114      	movs	r1, #20
10000842:	f852 2023 	ldr.w	r2, [r2, r3, lsl #2]
10000846:	203c      	movs	r0, #60	; 0x3c
10000848:	4b3e      	ldr	r3, [pc, #248]	; (10000944 <set_time+0x354>)
1000084a:	f006 f9f3 	bl	10006c34 <Paint_DrawString_EN>
1000084e:	223a      	movs	r2, #58	; 0x3a
10000850:	2114      	movs	r1, #20
10000852:	202d      	movs	r0, #45	; 0x2d
10000854:	e9cd 6700 	strd	r6, r7, [sp]
10000858:	4b3a      	ldr	r3, [pc, #232]	; (10000944 <set_time+0x354>)
1000085a:	f006 f9d5 	bl	10006c08 <Paint_DrawChar>
1000085e:	e9cd 7600 	strd	r7, r6, [sp]
10000862:	6823      	ldr	r3, [r4, #0]
10000864:	2114      	movs	r1, #20
10000866:	f85b 2023 	ldr.w	r2, [fp, r3, lsl #2]
1000086a:	200f      	movs	r0, #15
1000086c:	4b35      	ldr	r3, [pc, #212]	; (10000944 <set_time+0x354>)
1000086e:	f006 f9e1 	bl	10006c34 <Paint_DrawString_EN>
10000872:	4650      	mov	r0, sl
10000874:	f005 ffb0 	bl	100067d8 <OLED_1in3_C_Display>
10000878:	4630      	mov	r0, r6
1000087a:	f006 f955 	bl	10006b28 <Paint_Clear>
1000087e:	4628      	mov	r0, r5
10000880:	f001 f9ce 	bl	10001c20 <sleep_ms>
10000884:	f005 ff5a 	bl	1000673c <OLED_1in3_C_Clear>
10000888:	e894 0003 	ldmia.w	r4, {r0, r1}
1000088c:	9b03      	ldr	r3, [sp, #12]
1000088e:	e883 0003 	stmia.w	r3, {r0, r1}
10000892:	4618      	mov	r0, r3
10000894:	b005      	add	sp, #20
10000896:	e8bd 8ff0 	ldmia.w	sp!, {r4, r5, r6, r7, r8, r9, sl, fp, pc}
1000089a:	2300      	movs	r3, #0
1000089c:	4698      	mov	r8, r3
1000089e:	6063      	str	r3, [r4, #4]
100008a0:	e78f      	b.n	100007c2 <set_time+0x1d2>
100008a2:	2300      	movs	r3, #0
100008a4:	461f      	mov	r7, r3
100008a6:	6023      	str	r3, [r4, #0]
100008a8:	e715      	b.n	100006d6 <set_time+0xe6>
100008aa:	2100      	movs	r1, #0
100008ac:	464b      	mov	r3, r9
100008ae:	9100      	str	r1, [sp, #0]
100008b0:	206e      	movs	r0, #110	; 0x6e
100008b2:	4611      	mov	r1, r2
100008b4:	9701      	str	r7, [sp, #4]
100008b6:	f006 f9a7 	bl	10006c08 <Paint_DrawChar>
100008ba:	462e      	mov	r6, r5
100008bc:	f105 0163 	add.w	r1, r5, #99	; 0x63
100008c0:	3501      	adds	r5, #1
100008c2:	e76a      	b.n	1000079a <set_time+0x1aa>
100008c4:	2100      	movs	r1, #0
100008c6:	464b      	mov	r3, r9
100008c8:	222b      	movs	r2, #43	; 0x2b
100008ca:	206e      	movs	r0, #110	; 0x6e
100008cc:	9701      	str	r7, [sp, #4]
100008ce:	9100      	str	r1, [sp, #0]
100008d0:	f006 f99a 	bl	10006c08 <Paint_DrawChar>
100008d4:	e74e      	b.n	10000774 <set_time+0x184>
100008d6:	2500      	movs	r5, #0
100008d8:	4611      	mov	r1, r2
100008da:	9500      	str	r5, [sp, #0]
100008dc:	464b      	mov	r3, r9
100008de:	206e      	movs	r0, #110	; 0x6e
100008e0:	9601      	str	r6, [sp, #4]
100008e2:	f006 f991 	bl	10006c08 <Paint_DrawChar>
100008e6:	4645      	mov	r5, r8
100008e8:	f108 0163 	add.w	r1, r8, #99	; 0x63
100008ec:	f108 0801 	add.w	r8, r8, #1
100008f0:	e6dc      	b.n	100006ac <set_time+0xbc>
100008f2:	2100      	movs	r1, #0
100008f4:	464b      	mov	r3, r9
100008f6:	222b      	movs	r2, #43	; 0x2b
100008f8:	206e      	movs	r0, #110	; 0x6e
100008fa:	9601      	str	r6, [sp, #4]
100008fc:	9100      	str	r1, [sp, #0]
100008fe:	f006 f983 	bl	10006c08 <Paint_DrawChar>
10000902:	e6c0      	b.n	10000686 <set_time+0x96>
10000904:	f5a6 66c8 	sub.w	r6, r6, #1600	; 0x640
10000908:	2ec7      	cmp	r6, #199	; 0xc7
1000090a:	f63f af79 	bhi.w	10000800 <set_time+0x210>
1000090e:	e76b      	b.n	100007e8 <set_time+0x1f8>
10000910:	f5a5 65c8 	sub.w	r5, r5, #1600	; 0x640
10000914:	2dc7      	cmp	r5, #199	; 0xc7
10000916:	f63f aefc 	bhi.w	10000712 <set_time+0x122>
1000091a:	e6ef      	b.n	100006fc <set_time+0x10c>
1000091c:	4c0a      	ldr	r4, [pc, #40]	; (10000948 <set_time+0x358>)
1000091e:	4620      	mov	r0, r4
10000920:	f003 fa64 	bl	10003dec <__wrap_puts>
10000924:	e7fb      	b.n	1000091e <set_time+0x32e>
10000926:	bf00      	nop
10000928:	100078b8 	.word	0x100078b8
1000092c:	100078cc 	.word	0x100078cc
10000930:	200025c0 	.word	0x200025c0
10000934:	200013d0 	.word	0x200013d0
10000938:	66666667 	.word	0x66666667
1000093c:	100078d4 	.word	0x100078d4
10000940:	100079a0 	.word	0x100079a0
10000944:	200013d8 	.word	0x200013d8
10000948:	10007890 	.word	0x10007890
1000094c:	10007940 	.word	0x10007940

10000950 <gpio_default_irq_handler>:
10000950:	f04f 4150 	mov.w	r1, #3489660928	; 0xd0000000
10000954:	e92d 4ff8 	stmdb	sp!, {r3, r4, r5, r6, r7, r8, r9, sl, fp, lr}
10000958:	2608      	movs	r6, #8
1000095a:	680f      	ldr	r7, [r1, #0]
1000095c:	4b69      	ldr	r3, [pc, #420]	; (10000b04 <gpio_default_irq_handler+0x1b4>)
1000095e:	4a6a      	ldr	r2, [pc, #424]	; (10000b08 <gpio_default_irq_handler+0x1b8>)
10000960:	eb07 08c7 	add.w	r8, r7, r7, lsl #3
10000964:	f8df a1a4 	ldr.w	sl, [pc, #420]	; 10000b0c <gpio_default_irq_handler+0x1bc>
10000968:	f8df 91a4 	ldr.w	r9, [pc, #420]	; 10000b10 <gpio_default_irq_handler+0x1c0>
1000096c:	f853 b027 	ldr.w	fp, [r3, r7, lsl #2]
10000970:	eb02 08c8 	add.w	r8, r2, r8, lsl #3
10000974:	f1a6 0508 	sub.w	r5, r6, #8
10000978:	08ea      	lsrs	r2, r5, #3
1000097a:	f102 030c 	add.w	r3, r2, #12
1000097e:	f858 4023 	ldr.w	r4, [r8, r3, lsl #2]
10000982:	b1e4      	cbz	r4, 100009be <gpio_default_irq_handler+0x6e>
10000984:	f1bb 0f00 	cmp.w	fp, #0
10000988:	d01e      	beq.n	100009c8 <gpio_default_irq_handler+0x78>
1000098a:	f014 010f 	ands.w	r1, r4, #15
1000098e:	d010      	beq.n	100009b2 <gpio_default_irq_handler+0x62>
10000990:	f85a 3027 	ldr.w	r3, [sl, r7, lsl #2]
10000994:	f005 0207 	and.w	r2, r5, #7
10000998:	40eb      	lsrs	r3, r5
1000099a:	08e8      	lsrs	r0, r5, #3
1000099c:	0092      	lsls	r2, r2, #2
1000099e:	07db      	lsls	r3, r3, #31
100009a0:	fa01 f202 	lsl.w	r2, r1, r2
100009a4:	f100 0c8c 	add.w	ip, r0, #140	; 0x8c
100009a8:	d403      	bmi.n	100009b2 <gpio_default_irq_handler+0x62>
100009aa:	4628      	mov	r0, r5
100009ac:	f849 202c 	str.w	r2, [r9, ip, lsl #2]
100009b0:	47d8      	blx	fp
100009b2:	0924      	lsrs	r4, r4, #4
100009b4:	f105 0501 	add.w	r5, r5, #1
100009b8:	d001      	beq.n	100009be <gpio_default_irq_handler+0x6e>
100009ba:	42b5      	cmp	r5, r6
100009bc:	d3e5      	bcc.n	1000098a <gpio_default_irq_handler+0x3a>
100009be:	3608      	adds	r6, #8
100009c0:	2e28      	cmp	r6, #40	; 0x28
100009c2:	d1d7      	bne.n	10000974 <gpio_default_irq_handler+0x24>
100009c4:	e8bd 8ff8 	ldmia.w	sp!, {r3, r4, r5, r6, r7, r8, r9, sl, fp, pc}
100009c8:	f014 010f 	ands.w	r1, r4, #15
100009cc:	d004      	beq.n	100009d8 <gpio_default_irq_handler+0x88>
100009ce:	f85a 3027 	ldr.w	r3, [sl, r7, lsl #2]
100009d2:	40eb      	lsrs	r3, r5
100009d4:	07d8      	lsls	r0, r3, #31
100009d6:	d570      	bpl.n	10000aba <gpio_default_irq_handler+0x16a>
100009d8:	0923      	lsrs	r3, r4, #4
100009da:	f1a6 0107 	sub.w	r1, r6, #7
100009de:	d0ee      	beq.n	100009be <gpio_default_irq_handler+0x6e>
100009e0:	f013 030f 	ands.w	r3, r3, #15
100009e4:	d00c      	beq.n	10000a00 <gpio_default_irq_handler+0xb0>
100009e6:	f85a 2027 	ldr.w	r2, [sl, r7, lsl #2]
100009ea:	40ca      	lsrs	r2, r1
100009ec:	07d2      	lsls	r2, r2, #31
100009ee:	d407      	bmi.n	10000a00 <gpio_default_irq_handler+0xb0>
100009f0:	f001 0007 	and.w	r0, r1, #7
100009f4:	08ca      	lsrs	r2, r1, #3
100009f6:	0081      	lsls	r1, r0, #2
100009f8:	408b      	lsls	r3, r1
100009fa:	328c      	adds	r2, #140	; 0x8c
100009fc:	f849 3022 	str.w	r3, [r9, r2, lsl #2]
10000a00:	0a23      	lsrs	r3, r4, #8
10000a02:	f1a6 0106 	sub.w	r1, r6, #6
10000a06:	d0da      	beq.n	100009be <gpio_default_irq_handler+0x6e>
10000a08:	f013 030f 	ands.w	r3, r3, #15
10000a0c:	d00c      	beq.n	10000a28 <gpio_default_irq_handler+0xd8>
10000a0e:	f85a 2027 	ldr.w	r2, [sl, r7, lsl #2]
10000a12:	40ca      	lsrs	r2, r1
10000a14:	07d5      	lsls	r5, r2, #31
10000a16:	d407      	bmi.n	10000a28 <gpio_default_irq_handler+0xd8>
10000a18:	f001 0007 	and.w	r0, r1, #7
10000a1c:	08ca      	lsrs	r2, r1, #3
10000a1e:	0081      	lsls	r1, r0, #2
10000a20:	408b      	lsls	r3, r1
10000a22:	328c      	adds	r2, #140	; 0x8c
10000a24:	f849 3022 	str.w	r3, [r9, r2, lsl #2]
10000a28:	0b23      	lsrs	r3, r4, #12
10000a2a:	f1a6 0105 	sub.w	r1, r6, #5
10000a2e:	d0c6      	beq.n	100009be <gpio_default_irq_handler+0x6e>
10000a30:	f013 030f 	ands.w	r3, r3, #15
10000a34:	d133      	bne.n	10000a9e <gpio_default_irq_handler+0x14e>
10000a36:	0c23      	lsrs	r3, r4, #16
10000a38:	f1a6 0104 	sub.w	r1, r6, #4
10000a3c:	d0bf      	beq.n	100009be <gpio_default_irq_handler+0x6e>
10000a3e:	f013 030f 	ands.w	r3, r3, #15
10000a42:	d143      	bne.n	10000acc <gpio_default_irq_handler+0x17c>
10000a44:	0d23      	lsrs	r3, r4, #20
10000a46:	f1a6 0103 	sub.w	r1, r6, #3
10000a4a:	d0b8      	beq.n	100009be <gpio_default_irq_handler+0x6e>
10000a4c:	f013 030f 	ands.w	r3, r3, #15
10000a50:	d14a      	bne.n	10000ae8 <gpio_default_irq_handler+0x198>
10000a52:	0e23      	lsrs	r3, r4, #24
10000a54:	f1a6 0102 	sub.w	r1, r6, #2
10000a58:	d0b1      	beq.n	100009be <gpio_default_irq_handler+0x6e>
10000a5a:	f013 030f 	ands.w	r3, r3, #15
10000a5e:	d00c      	beq.n	10000a7a <gpio_default_irq_handler+0x12a>
10000a60:	f85a 2027 	ldr.w	r2, [sl, r7, lsl #2]
10000a64:	40ca      	lsrs	r2, r1
10000a66:	07d0      	lsls	r0, r2, #31
10000a68:	d407      	bmi.n	10000a7a <gpio_default_irq_handler+0x12a>
10000a6a:	f001 0007 	and.w	r0, r1, #7
10000a6e:	08ca      	lsrs	r2, r1, #3
10000a70:	0081      	lsls	r1, r0, #2
10000a72:	408b      	lsls	r3, r1
10000a74:	328c      	adds	r2, #140	; 0x8c
10000a76:	f849 3022 	str.w	r3, [r9, r2, lsl #2]
10000a7a:	0f24      	lsrs	r4, r4, #28
10000a7c:	f106 32ff 	add.w	r2, r6, #4294967295	; 0xffffffff
10000a80:	d09d      	beq.n	100009be <gpio_default_irq_handler+0x6e>
10000a82:	f85a 3027 	ldr.w	r3, [sl, r7, lsl #2]
10000a86:	40d3      	lsrs	r3, r2
10000a88:	07d9      	lsls	r1, r3, #31
10000a8a:	d498      	bmi.n	100009be <gpio_default_irq_handler+0x6e>
10000a8c:	f002 0107 	and.w	r1, r2, #7
10000a90:	08d3      	lsrs	r3, r2, #3
10000a92:	008a      	lsls	r2, r1, #2
10000a94:	4094      	lsls	r4, r2
10000a96:	338c      	adds	r3, #140	; 0x8c
10000a98:	f849 4023 	str.w	r4, [r9, r3, lsl #2]
10000a9c:	e78f      	b.n	100009be <gpio_default_irq_handler+0x6e>
10000a9e:	f85a 2027 	ldr.w	r2, [sl, r7, lsl #2]
10000aa2:	40ca      	lsrs	r2, r1
10000aa4:	07d0      	lsls	r0, r2, #31
10000aa6:	d4c6      	bmi.n	10000a36 <gpio_default_irq_handler+0xe6>
10000aa8:	f001 0007 	and.w	r0, r1, #7
10000aac:	08ca      	lsrs	r2, r1, #3
10000aae:	0081      	lsls	r1, r0, #2
10000ab0:	408b      	lsls	r3, r1
10000ab2:	328c      	adds	r2, #140	; 0x8c
10000ab4:	f849 3022 	str.w	r3, [r9, r2, lsl #2]
10000ab8:	e7bd      	b.n	10000a36 <gpio_default_irq_handler+0xe6>
10000aba:	f005 0307 	and.w	r3, r5, #7
10000abe:	009b      	lsls	r3, r3, #2
10000ac0:	fa01 f303 	lsl.w	r3, r1, r3
10000ac4:	328c      	adds	r2, #140	; 0x8c
10000ac6:	f849 3022 	str.w	r3, [r9, r2, lsl #2]
10000aca:	e785      	b.n	100009d8 <gpio_default_irq_handler+0x88>
10000acc:	f85a 2027 	ldr.w	r2, [sl, r7, lsl #2]
10000ad0:	40ca      	lsrs	r2, r1
10000ad2:	07d2      	lsls	r2, r2, #31
10000ad4:	d4b6      	bmi.n	10000a44 <gpio_default_irq_handler+0xf4>
10000ad6:	f001 0007 	and.w	r0, r1, #7
10000ada:	08ca      	lsrs	r2, r1, #3
10000adc:	0081      	lsls	r1, r0, #2
10000ade:	408b      	lsls	r3, r1
10000ae0:	328c      	adds	r2, #140	; 0x8c
10000ae2:	f849 3022 	str.w	r3, [r9, r2, lsl #2]
10000ae6:	e7ad      	b.n	10000a44 <gpio_default_irq_handler+0xf4>
10000ae8:	f85a 2027 	ldr.w	r2, [sl, r7, lsl #2]
10000aec:	40ca      	lsrs	r2, r1
10000aee:	07d5      	lsls	r5, r2, #31
10000af0:	d4af      	bmi.n	10000a52 <gpio_default_irq_handler+0x102>
10000af2:	f001 0007 	and.w	r0, r1, #7
10000af6:	08ca      	lsrs	r2, r1, #3
10000af8:	0081      	lsls	r1, r0, #2
10000afa:	408b      	lsls	r3, r1
10000afc:	328c      	adds	r2, #140	; 0x8c
10000afe:	f849 3022 	str.w	r3, [r9, r2, lsl #2]
10000b02:	e7a6      	b.n	10000a52 <gpio_default_irq_handler+0x102>
10000b04:	200020ec 	.word	0x200020ec
10000b08:	40028248 	.word	0x40028248
10000b0c:	2000259c 	.word	0x2000259c
10000b10:	40028000 	.word	0x40028000

10000b14 <gpio_set_function>:
10000b14:	b410      	push	{r4}
10000b16:	f44f 7480 	mov.w	r4, #256	; 0x100
10000b1a:	4b0c      	ldr	r3, [pc, #48]	; (10000b4c <gpio_set_function+0x38>)
10000b1c:	f853 2020 	ldr.w	r2, [r3, r0, lsl #2]
10000b20:	eb03 0380 	add.w	r3, r3, r0, lsl #2
10000b24:	00c0      	lsls	r0, r0, #3
10000b26:	f082 0240 	eor.w	r2, r2, #64	; 0x40
10000b2a:	f100 4080 	add.w	r0, r0, #1073741824	; 0x40000000
10000b2e:	f503 5c80 	add.w	ip, r3, #4096	; 0x1000
10000b32:	f002 02c0 	and.w	r2, r2, #192	; 0xc0
10000b36:	f500 3020 	add.w	r0, r0, #163840	; 0x28000
10000b3a:	f503 5340 	add.w	r3, r3, #12288	; 0x3000
10000b3e:	f8cc 2000 	str.w	r2, [ip]
10000b42:	6041      	str	r1, [r0, #4]
10000b44:	601c      	str	r4, [r3, #0]
10000b46:	f85d 4b04 	ldr.w	r4, [sp], #4
10000b4a:	4770      	bx	lr
10000b4c:	40038004 	.word	0x40038004

10000b50 <gpio_set_pulls>:
10000b50:	2900      	cmp	r1, #0
10000b52:	bf15      	itete	ne
10000b54:	210c      	movne	r1, #12
10000b56:	2104      	moveq	r1, #4
10000b58:	f04f 0c08 	movne.w	ip, #8
10000b5c:	f04f 0c00 	moveq.w	ip, #0
10000b60:	2a00      	cmp	r2, #0
10000b62:	bf08      	it	eq
10000b64:	4661      	moveq	r1, ip
10000b66:	4b06      	ldr	r3, [pc, #24]	; (10000b80 <gpio_set_pulls+0x30>)
10000b68:	f853 2020 	ldr.w	r2, [r3, r0, lsl #2]
10000b6c:	eb03 0380 	add.w	r3, r3, r0, lsl #2
10000b70:	404a      	eors	r2, r1
10000b72:	f503 5380 	add.w	r3, r3, #4096	; 0x1000
10000b76:	f002 020c 	and.w	r2, r2, #12
10000b7a:	601a      	str	r2, [r3, #0]
10000b7c:	4770      	bx	lr
10000b7e:	bf00      	nop
10000b80:	40038004 	.word	0x40038004

10000b84 <gpio_set_irq_enabled_with_callback>:
10000b84:	e92d 41f0 	stmdb	sp!, {r4, r5, r6, r7, r8, lr}
10000b88:	4604      	mov	r4, r0
10000b8a:	460e      	mov	r6, r1
10000b8c:	b082      	sub	sp, #8
10000b8e:	bb1a      	cbnz	r2, 10000bd8 <gpio_set_irq_enabled_with_callback+0x54>
10000b90:	f04f 4c50 	mov.w	ip, #3489660928	; 0xd0000000
10000b94:	f004 0407 	and.w	r4, r4, #7
10000b98:	00a4      	lsls	r4, r4, #2
10000b9a:	fa01 f404 	lsl.w	r4, r1, r4
10000b9e:	f8dc 1000 	ldr.w	r1, [ip]
10000ba2:	08c0      	lsrs	r0, r0, #3
10000ba4:	0086      	lsls	r6, r0, #2
10000ba6:	4d32      	ldr	r5, [pc, #200]	; (10000c70 <gpio_set_irq_enabled_with_callback+0xec>)
10000ba8:	eb01 01c1 	add.w	r1, r1, r1, lsl #3
10000bac:	eb06 01c1 	add.w	r1, r6, r1, lsl #3
10000bb0:	f8df e0c4 	ldr.w	lr, [pc, #196]	; 10000c78 <gpio_set_irq_enabled_with_callback+0xf4>
10000bb4:	440d      	add	r5, r1
10000bb6:	308c      	adds	r0, #140	; 0x8c
10000bb8:	f84e 4020 	str.w	r4, [lr, r0, lsl #2]
10000bbc:	602c      	str	r4, [r5, #0]
10000bbe:	4f2d      	ldr	r7, [pc, #180]	; (10000c74 <gpio_set_irq_enabled_with_callback+0xf0>)
10000bc0:	f8dc 4000 	ldr.w	r4, [ip]
10000bc4:	f857 1024 	ldr.w	r1, [r7, r4, lsl #2]
10000bc8:	b369      	cbz	r1, 10000c26 <gpio_set_irq_enabled_with_callback+0xa2>
10000bca:	2b00      	cmp	r3, #0
10000bcc:	d041      	beq.n	10000c52 <gpio_set_irq_enabled_with_callback+0xce>
10000bce:	f847 3024 	str.w	r3, [r7, r4, lsl #2]
10000bd2:	b002      	add	sp, #8
10000bd4:	e8bd 81f0 	ldmia.w	sp!, {r4, r5, r6, r7, r8, pc}
10000bd8:	f04f 4850 	mov.w	r8, #3489660928	; 0xd0000000
10000bdc:	4f25      	ldr	r7, [pc, #148]	; (10000c74 <gpio_set_irq_enabled_with_callback+0xf0>)
10000bde:	f8d8 5000 	ldr.w	r5, [r8]
10000be2:	f857 2025 	ldr.w	r2, [r7, r5, lsl #2]
10000be6:	b34a      	cbz	r2, 10000c3c <gpio_set_irq_enabled_with_callback+0xb8>
10000be8:	2b00      	cmp	r3, #0
10000bea:	d039      	beq.n	10000c60 <gpio_set_irq_enabled_with_callback+0xdc>
10000bec:	f847 3025 	str.w	r3, [r7, r5, lsl #2]
10000bf0:	f04f 4350 	mov.w	r3, #3489660928	; 0xd0000000
10000bf4:	681d      	ldr	r5, [r3, #0]
10000bf6:	08e3      	lsrs	r3, r4, #3
10000bf8:	eb05 05c5 	add.w	r5, r5, r5, lsl #3
10000bfc:	f004 0407 	and.w	r4, r4, #7
10000c00:	00a0      	lsls	r0, r4, #2
10000c02:	491d      	ldr	r1, [pc, #116]	; (10000c78 <gpio_set_irq_enabled_with_callback+0xf4>)
10000c04:	00ed      	lsls	r5, r5, #3
10000c06:	4086      	lsls	r6, r0
10000c08:	eb05 0583 	add.w	r5, r5, r3, lsl #2
10000c0c:	338c      	adds	r3, #140	; 0x8c
10000c0e:	f841 6023 	str.w	r6, [r1, r3, lsl #2]
10000c12:	2015      	movs	r0, #21
10000c14:	2101      	movs	r1, #1
10000c16:	4a19      	ldr	r2, [pc, #100]	; (10000c7c <gpio_set_irq_enabled_with_callback+0xf8>)
10000c18:	442a      	add	r2, r5
10000c1a:	6016      	str	r6, [r2, #0]
10000c1c:	b002      	add	sp, #8
10000c1e:	e8bd 41f0 	ldmia.w	sp!, {r4, r5, r6, r7, r8, lr}
10000c22:	f000 b935 	b.w	10000e90 <irq_set_enabled>
10000c26:	2b00      	cmp	r3, #0
10000c28:	d0d3      	beq.n	10000bd2 <gpio_set_irq_enabled_with_callback+0x4e>
10000c2a:	2015      	movs	r0, #21
10000c2c:	4914      	ldr	r1, [pc, #80]	; (10000c80 <gpio_set_irq_enabled_with_callback+0xfc>)
10000c2e:	f847 3024 	str.w	r3, [r7, r4, lsl #2]
10000c32:	b002      	add	sp, #8
10000c34:	e8bd 41f0 	ldmia.w	sp!, {r4, r5, r6, r7, r8, lr}
10000c38:	f000 b99c 	b.w	10000f74 <irq_add_shared_handler>
10000c3c:	2b00      	cmp	r3, #0
10000c3e:	d0da      	beq.n	10000bf6 <gpio_set_irq_enabled_with_callback+0x72>
10000c40:	2015      	movs	r0, #21
10000c42:	490f      	ldr	r1, [pc, #60]	; (10000c80 <gpio_set_irq_enabled_with_callback+0xfc>)
10000c44:	f847 3025 	str.w	r3, [r7, r5, lsl #2]
10000c48:	f000 f994 	bl	10000f74 <irq_add_shared_handler>
10000c4c:	f8d8 5000 	ldr.w	r5, [r8]
10000c50:	e7d1      	b.n	10000bf6 <gpio_set_irq_enabled_with_callback+0x72>
10000c52:	2015      	movs	r0, #21
10000c54:	490a      	ldr	r1, [pc, #40]	; (10000c80 <gpio_set_irq_enabled_with_callback+0xfc>)
10000c56:	9301      	str	r3, [sp, #4]
10000c58:	f000 fa80 	bl	1000115c <irq_remove_handler>
10000c5c:	9b01      	ldr	r3, [sp, #4]
10000c5e:	e7b6      	b.n	10000bce <gpio_set_irq_enabled_with_callback+0x4a>
10000c60:	2015      	movs	r0, #21
10000c62:	4907      	ldr	r1, [pc, #28]	; (10000c80 <gpio_set_irq_enabled_with_callback+0xfc>)
10000c64:	9301      	str	r3, [sp, #4]
10000c66:	f000 fa79 	bl	1000115c <irq_remove_handler>
10000c6a:	9b01      	ldr	r3, [sp, #4]
10000c6c:	e7be      	b.n	10000bec <gpio_set_irq_enabled_with_callback+0x68>
10000c6e:	bf00      	nop
10000c70:	4002b248 	.word	0x4002b248
10000c74:	200020ec 	.word	0x200020ec
10000c78:	40028000 	.word	0x40028000
10000c7c:	4002a248 	.word	0x4002a248
10000c80:	10000951 	.word	0x10000951

10000c84 <gpio_init>:
10000c84:	b430      	push	{r4, r5}
10000c86:	2300      	movs	r3, #0
10000c88:	ec43 0044 	gpioc_bit_oe_put r0, r3
10000c8c:	ec43 0040 	gpioc_bit_out_put r0, r3
10000c90:	2505      	movs	r5, #5
10000c92:	f44f 7480 	mov.w	r4, #256	; 0x100
10000c96:	4b0b      	ldr	r3, [pc, #44]	; (10000cc4 <gpio_init+0x40>)
10000c98:	00c2      	lsls	r2, r0, #3
10000c9a:	f853 1020 	ldr.w	r1, [r3, r0, lsl #2]
10000c9e:	eb03 0080 	add.w	r0, r3, r0, lsl #2
10000ca2:	f081 0140 	eor.w	r1, r1, #64	; 0x40
10000ca6:	f102 4380 	add.w	r3, r2, #1073741824	; 0x40000000
10000caa:	f503 3320 	add.w	r3, r3, #163840	; 0x28000
10000cae:	f001 02c0 	and.w	r2, r1, #192	; 0xc0
10000cb2:	f500 5180 	add.w	r1, r0, #4096	; 0x1000
10000cb6:	f500 5040 	add.w	r0, r0, #12288	; 0x3000
10000cba:	600a      	str	r2, [r1, #0]
10000cbc:	605d      	str	r5, [r3, #4]
10000cbe:	6004      	str	r4, [r0, #0]
10000cc0:	bc30      	pop	{r4, r5}
10000cc2:	4770      	bx	lr
10000cc4:	40038004 	.word	0x40038004

10000cc8 <panic>:
10000cc8:	b40f      	push	{r0, r1, r2, r3}
10000cca:	b500      	push	{lr}
10000ccc:	b083      	sub	sp, #12
10000cce:	9c04      	ldr	r4, [sp, #16]
10000cd0:	4807      	ldr	r0, [pc, #28]	; (10000cf0 <panic+0x28>)
10000cd2:	f003 f88b 	bl	10003dec <__wrap_puts>
10000cd6:	b13c      	cbz	r4, 10000ce8 <panic+0x20>
10000cd8:	a905      	add	r1, sp, #20
10000cda:	4620      	mov	r0, r4
10000cdc:	9101      	str	r1, [sp, #4]
10000cde:	f002 fef3 	bl	10003ac8 <weak_raw_vprintf>
10000ce2:	4804      	ldr	r0, [pc, #16]	; (10000cf4 <panic+0x2c>)
10000ce4:	f003 f882 	bl	10003dec <__wrap_puts>
10000ce8:	2001      	movs	r0, #1
10000cea:	f002 ff05 	bl	10003af8 <_exit>
10000cee:	bf00      	nop
10000cf0:	100079b8 	.word	0x100079b8
10000cf4:	10007870 	.word	0x10007870

10000cf8 <hw_claim_or_assert>:
10000cf8:	b570      	push	{r4, r5, r6, lr}
10000cfa:	f3ef 8510 	mrs	r5, PRIMASK
10000cfe:	b672      	cpsid	i
10000d00:	4c13      	ldr	r4, [pc, #76]	; (10000d50 <hw_claim_or_assert+0x58>)
10000d02:	e8d4 cfcf 	ldaexb	ip, [r4]
10000d06:	2601      	movs	r6, #1
10000d08:	f1bc 0f00 	cmp.w	ip, #0
10000d0c:	d1f9      	bne.n	10000d02 <hw_claim_or_assert+0xa>
10000d0e:	e8c4 6f4c 	strexb	ip, r6, [r4]
10000d12:	f1bc 0f00 	cmp.w	ip, #0
10000d16:	d1f4      	bne.n	10000d02 <hw_claim_or_assert+0xa>
10000d18:	f3bf 8f5f 	dmb	sy
10000d1c:	f04f 0c01 	mov.w	ip, #1
10000d20:	ea4f 0ed1 	mov.w	lr, r1, lsr #3
10000d24:	f001 0307 	and.w	r3, r1, #7
10000d28:	fa0c f303 	lsl.w	r3, ip, r3
10000d2c:	f810 c00e 	ldrb.w	ip, [r0, lr]
10000d30:	ea1c 0603 	ands.w	r6, ip, r3
10000d34:	d108      	bne.n	10000d48 <hw_claim_or_assert+0x50>
10000d36:	ea4c 0303 	orr.w	r3, ip, r3
10000d3a:	f800 300e 	strb.w	r3, [r0, lr]
10000d3e:	e8c4 6f8f 	stlb	r6, [r4]
10000d42:	f385 8810 	msr	PRIMASK, r5
10000d46:	bd70      	pop	{r4, r5, r6, pc}
10000d48:	4610      	mov	r0, r2
10000d4a:	f7ff ffbd 	bl	10000cc8 <panic>
10000d4e:	bf00      	nop
10000d50:	20001faf 	.word	0x20001faf

10000d54 <hw_claim_unused_from_range>:
10000d54:	b5f8      	push	{r3, r4, r5, r6, r7, lr}
10000d56:	f3ef 8510 	mrs	r5, PRIMASK
10000d5a:	b672      	cpsid	i
10000d5c:	4c23      	ldr	r4, [pc, #140]	; (10000dec <hw_claim_unused_from_range+0x98>)
10000d5e:	e8d4 7fcf 	ldaexb	r7, [r4]
10000d62:	2601      	movs	r6, #1
10000d64:	2f00      	cmp	r7, #0
10000d66:	d1fa      	bne.n	10000d5e <hw_claim_unused_from_range+0xa>
10000d68:	e8c4 6f47 	strexb	r7, r6, [r4]
10000d6c:	2f00      	cmp	r7, #0
10000d6e:	d1f6      	bne.n	10000d5e <hw_claim_unused_from_range+0xa>
10000d70:	f3bf 8f5f 	dmb	sy
10000d74:	429a      	cmp	r2, r3
10000d76:	d827      	bhi.n	10000dc8 <hw_claim_unused_from_range+0x74>
10000d78:	2601      	movs	r6, #1
10000d7a:	08d7      	lsrs	r7, r2, #3
10000d7c:	f810 e007 	ldrb.w	lr, [r0, r7]
10000d80:	f002 0c07 	and.w	ip, r2, #7
10000d84:	fa06 fc0c 	lsl.w	ip, r6, ip
10000d88:	ea1e 0f0c 	tst.w	lr, ip
10000d8c:	eb00 07d2 	add.w	r7, r0, r2, lsr #3
10000d90:	d10d      	bne.n	10000dae <hw_claim_unused_from_range+0x5a>
10000d92:	e025      	b.n	10000de0 <hw_claim_unused_from_range+0x8c>
10000d94:	ea4f 0ed2 	mov.w	lr, r2, lsr #3
10000d98:	f810 e00e 	ldrb.w	lr, [r0, lr]
10000d9c:	f002 0c07 	and.w	ip, r2, #7
10000da0:	fa06 fc0c 	lsl.w	ip, r6, ip
10000da4:	ea1e 0f0c 	tst.w	lr, ip
10000da8:	eb00 07d2 	add.w	r7, r0, r2, lsr #3
10000dac:	d018      	beq.n	10000de0 <hw_claim_unused_from_range+0x8c>
10000dae:	3201      	adds	r2, #1
10000db0:	4293      	cmp	r3, r2
10000db2:	d2ef      	bcs.n	10000d94 <hw_claim_unused_from_range+0x40>
10000db4:	f04f 30ff 	mov.w	r0, #4294967295	; 0xffffffff
10000db8:	2300      	movs	r3, #0
10000dba:	e8c4 3f8f 	stlb	r3, [r4]
10000dbe:	f385 8810 	msr	PRIMASK, r5
10000dc2:	4298      	cmp	r0, r3
10000dc4:	db07      	blt.n	10000dd6 <hw_claim_unused_from_range+0x82>
10000dc6:	bdf8      	pop	{r3, r4, r5, r6, r7, pc}
10000dc8:	2300      	movs	r3, #0
10000dca:	e8c4 3f8f 	stlb	r3, [r4]
10000dce:	f385 8810 	msr	PRIMASK, r5
10000dd2:	f04f 30ff 	mov.w	r0, #4294967295	; 0xffffffff
10000dd6:	2900      	cmp	r1, #0
10000dd8:	d0f5      	beq.n	10000dc6 <hw_claim_unused_from_range+0x72>
10000dda:	9806      	ldr	r0, [sp, #24]
10000ddc:	f7ff ff74 	bl	10000cc8 <panic>
10000de0:	ea4e 0c0c 	orr.w	ip, lr, ip
10000de4:	4610      	mov	r0, r2
10000de6:	f887 c000 	strb.w	ip, [r7]
10000dea:	e7e5      	b.n	10000db8 <hw_claim_unused_from_range+0x64>
10000dec:	20001faf 	.word	0x20001faf

10000df0 <next_striped_spin_lock_num>:
10000df0:	4a04      	ldr	r2, [pc, #16]	; (10000e04 <next_striped_spin_lock_num+0x14>)
10000df2:	7810      	ldrb	r0, [r2, #0]
10000df4:	1c43      	adds	r3, r0, #1
10000df6:	b2db      	uxtb	r3, r3
10000df8:	2b17      	cmp	r3, #23
10000dfa:	bf88      	it	hi
10000dfc:	2310      	movhi	r3, #16
10000dfe:	7013      	strb	r3, [r2, #0]
10000e00:	4770      	bx	lr
10000e02:	bf00      	nop
10000e04:	20001309 	.word	0x20001309

10000e08 <spin_lock_claim_unused>:
10000e08:	b510      	push	{r4, lr}
10000e0a:	4c05      	ldr	r4, [pc, #20]	; (10000e20 <spin_lock_claim_unused+0x18>)
10000e0c:	b082      	sub	sp, #8
10000e0e:	4601      	mov	r1, r0
10000e10:	231f      	movs	r3, #31
10000e12:	2218      	movs	r2, #24
10000e14:	9400      	str	r4, [sp, #0]
10000e16:	4803      	ldr	r0, [pc, #12]	; (10000e24 <spin_lock_claim_unused+0x1c>)
10000e18:	f7ff ff9c 	bl	10000d54 <hw_claim_unused_from_range>
10000e1c:	b002      	add	sp, #8
10000e1e:	bd10      	pop	{r4, pc}
10000e20:	100079c8 	.word	0x100079c8
10000e24:	200020fc 	.word	0x200020fc

10000e28 <spinlock_set_extexclall>:
10000e28:	f04f 22e0 	mov.w	r2, #3758153728	; 0xe000e000
10000e2c:	6893      	ldr	r3, [r2, #8]
10000e2e:	f043 5300 	orr.w	r3, r3, #536870912	; 0x20000000
10000e32:	6093      	str	r3, [r2, #8]
10000e34:	4770      	bx	lr
10000e36:	bf00      	nop

10000e38 <spin_locks_reset>:
10000e38:	2100      	movs	r1, #0
10000e3a:	4b04      	ldr	r3, [pc, #16]	; (10000e4c <spin_locks_reset+0x14>)
10000e3c:	f103 0220 	add.w	r2, r3, #32
10000e40:	e8c3 1f8f 	stlb	r1, [r3]
10000e44:	3301      	adds	r3, #1
10000e46:	4293      	cmp	r3, r2
10000e48:	d1fa      	bne.n	10000e40 <spin_locks_reset+0x8>
10000e4a:	4770      	bx	lr
10000e4c:	20001fa4 	.word	0x20001fa4

10000e50 <runtime_init_per_core_irq_priorities>:
10000e50:	f04f 23e0 	mov.w	r3, #3758153728	; 0xe000e000
10000e54:	f04f 3280 	mov.w	r2, #2155905152	; 0x80808080
10000e58:	f8c3 2400 	str.w	r2, [r3, #1024]	; 0x400
10000e5c:	f8c3 2404 	str.w	r2, [r3, #1028]	; 0x404
10000e60:	f8c3 2408 	str.w	r2, [r3, #1032]	; 0x408
10000e64:	f8c3 240c 	str.w	r2, [r3, #1036]	; 0x40c
10000e68:	f8c3 2410 	str.w	r2, [r3, #1040]	; 0x410
10000e6c:	f8c3 2414 	str.w	r2, [r3, #1044]	; 0x414
10000e70:	f8c3 2418 	str.w	r2, [r3, #1048]	; 0x418
10000e74:	f8c3 241c 	str.w	r2, [r3, #1052]	; 0x41c
10000e78:	f8c3 2420 	str.w	r2, [r3, #1056]	; 0x420
10000e7c:	f8c3 2424 	str.w	r2, [r3, #1060]	; 0x424
10000e80:	f8c3 2428 	str.w	r2, [r3, #1064]	; 0x428
10000e84:	f8c3 242c 	str.w	r2, [r3, #1068]	; 0x42c
10000e88:	f8c3 2430 	str.w	r2, [r3, #1072]	; 0x430
10000e8c:	b662      	cpsie	i
10000e8e:	4770      	bx	lr

10000e90 <irq_set_enabled>:
10000e90:	2301      	movs	r3, #1
10000e92:	f000 021f 	and.w	r2, r0, #31
10000e96:	4093      	lsls	r3, r2
10000e98:	0940      	lsrs	r0, r0, #5
10000e9a:	b141      	cbz	r1, 10000eae <irq_set_enabled+0x1e>
10000e9c:	0080      	lsls	r0, r0, #2
10000e9e:	f100 4060 	add.w	r0, r0, #3758096384	; 0xe0000000
10000ea2:	f500 4061 	add.w	r0, r0, #57600	; 0xe100
10000ea6:	f8c0 3180 	str.w	r3, [r0, #384]	; 0x180
10000eaa:	6003      	str	r3, [r0, #0]
10000eac:	4770      	bx	lr
10000eae:	4a02      	ldr	r2, [pc, #8]	; (10000eb8 <irq_set_enabled+0x28>)
10000eb0:	3020      	adds	r0, #32
10000eb2:	f842 3020 	str.w	r3, [r2, r0, lsl #2]
10000eb6:	4770      	bx	lr
10000eb8:	e000e100 	.word	0xe000e100

10000ebc <irq_is_enabled>:
10000ebc:	2301      	movs	r3, #1
10000ebe:	4a06      	ldr	r2, [pc, #24]	; (10000ed8 <irq_is_enabled+0x1c>)
10000ec0:	0941      	lsrs	r1, r0, #5
10000ec2:	f852 2021 	ldr.w	r2, [r2, r1, lsl #2]
10000ec6:	f000 001f 	and.w	r0, r0, #31
10000eca:	fa03 f000 	lsl.w	r0, r3, r0
10000ece:	4210      	tst	r0, r2
10000ed0:	bf14      	ite	ne
10000ed2:	4618      	movne	r0, r3
10000ed4:	2000      	moveq	r0, #0
10000ed6:	4770      	bx	lr
10000ed8:	e000e100 	.word	0xe000e100

10000edc <irq_set_pending>:
10000edc:	2201      	movs	r2, #1
10000ede:	0943      	lsrs	r3, r0, #5
10000ee0:	4904      	ldr	r1, [pc, #16]	; (10000ef4 <irq_set_pending+0x18>)
10000ee2:	f000 001f 	and.w	r0, r0, #31
10000ee6:	fa02 f000 	lsl.w	r0, r2, r0
10000eea:	3340      	adds	r3, #64	; 0x40
10000eec:	f841 0023 	str.w	r0, [r1, r3, lsl #2]
10000ef0:	4770      	bx	lr
10000ef2:	bf00      	nop
10000ef4:	e000e100 	.word	0xe000e100

10000ef8 <irq_has_shared_handler>:
10000ef8:	4a05      	ldr	r2, [pc, #20]	; (10000f10 <irq_has_shared_handler+0x18>)
10000efa:	3010      	adds	r0, #16
10000efc:	6892      	ldr	r2, [r2, #8]
10000efe:	4b05      	ldr	r3, [pc, #20]	; (10000f14 <irq_has_shared_handler+0x1c>)
10000f00:	f852 0020 	ldr.w	r0, [r2, r0, lsl #2]
10000f04:	1ac0      	subs	r0, r0, r3
10000f06:	2847      	cmp	r0, #71	; 0x47
10000f08:	bf8c      	ite	hi
10000f0a:	2000      	movhi	r0, #0
10000f0c:	2001      	movls	r0, #1
10000f0e:	4770      	bx	lr
10000f10:	e000ed00 	.word	0xe000ed00
10000f14:	2000130c 	.word	0x2000130c

10000f18 <irq_set_exclusive_handler>:
10000f18:	b510      	push	{r4, lr}
10000f1a:	f3ef 8c10 	mrs	ip, PRIMASK
10000f1e:	b672      	cpsid	i
10000f20:	4b11      	ldr	r3, [pc, #68]	; (10000f68 <irq_set_exclusive_handler+0x50>)
10000f22:	e8d3 4fcf 	ldaexb	r4, [r3]
10000f26:	2201      	movs	r2, #1
10000f28:	2c00      	cmp	r4, #0
10000f2a:	d1fa      	bne.n	10000f22 <irq_set_exclusive_handler+0xa>
10000f2c:	e8c3 2f44 	strexb	r4, r2, [r3]
10000f30:	2c00      	cmp	r4, #0
10000f32:	d1f6      	bne.n	10000f22 <irq_set_exclusive_handler+0xa>
10000f34:	f3bf 8f5f 	dmb	sy
10000f38:	4a0c      	ldr	r2, [pc, #48]	; (10000f6c <irq_set_exclusive_handler+0x54>)
10000f3a:	3010      	adds	r0, #16
10000f3c:	6892      	ldr	r2, [r2, #8]
10000f3e:	4c0c      	ldr	r4, [pc, #48]	; (10000f70 <irq_set_exclusive_handler+0x58>)
10000f40:	f852 2020 	ldr.w	r2, [r2, r0, lsl #2]
10000f44:	42a2      	cmp	r2, r4
10000f46:	d003      	beq.n	10000f50 <irq_set_exclusive_handler+0x38>
10000f48:	4291      	cmp	r1, r2
10000f4a:	d001      	beq.n	10000f50 <irq_set_exclusive_handler+0x38>
10000f4c:	f001 f8ac 	bl	100020a8 <hard_assertion_failure>
10000f50:	4a06      	ldr	r2, [pc, #24]	; (10000f6c <irq_set_exclusive_handler+0x54>)
10000f52:	6892      	ldr	r2, [r2, #8]
10000f54:	f842 1020 	str.w	r1, [r2, r0, lsl #2]
10000f58:	f3bf 8f5f 	dmb	sy
10000f5c:	2200      	movs	r2, #0
10000f5e:	e8c3 2f8f 	stlb	r2, [r3]
10000f62:	f38c 8810 	msr	PRIMASK, ip
10000f66:	bd10      	pop	{r4, pc}
10000f68:	20001fad 	.word	0x20001fad
10000f6c:	e000ed00 	.word	0xe000ed00
10000f70:	10000111 	.word	0x10000111

10000f74 <irq_add_shared_handler>:
10000f74:	e92d 4ff0 	stmdb	sp!, {r4, r5, r6, r7, r8, r9, sl, fp, lr}
10000f78:	468a      	mov	sl, r1
10000f7a:	b085      	sub	sp, #20
10000f7c:	f3ef 8b10 	mrs	fp, PRIMASK
10000f80:	b672      	cpsid	i
10000f82:	f8df 91d4 	ldr.w	r9, [pc, #468]	; 10001158 <irq_add_shared_handler+0x1e4>
10000f86:	e8d9 1fcf 	ldaexb	r1, [r9]
10000f8a:	2301      	movs	r3, #1
10000f8c:	2900      	cmp	r1, #0
10000f8e:	d1fa      	bne.n	10000f86 <irq_add_shared_handler+0x12>
10000f90:	e8c9 3f41 	strexb	r1, r3, [r9]
10000f94:	2900      	cmp	r1, #0
10000f96:	d1f6      	bne.n	10000f86 <irq_add_shared_handler+0x12>
10000f98:	f3bf 8f5f 	dmb	sy
10000f9c:	4967      	ldr	r1, [pc, #412]	; (1000113c <irq_add_shared_handler+0x1c8>)
10000f9e:	f991 6000 	ldrsb.w	r6, [r1]
10000fa2:	2e00      	cmp	r6, #0
10000fa4:	f2c0 80c8 	blt.w	10001138 <irq_add_shared_handler+0x1c4>
10000fa8:	4c65      	ldr	r4, [pc, #404]	; (10001140 <irq_add_shared_handler+0x1cc>)
10000faa:	f100 0710 	add.w	r7, r0, #16
10000fae:	eb06 0046 	add.w	r0, r6, r6, lsl #1
10000fb2:	eb04 0380 	add.w	r3, r4, r0, lsl #2
10000fb6:	799d      	ldrb	r5, [r3, #6]
10000fb8:	0080      	lsls	r0, r0, #2
10000fba:	700d      	strb	r5, [r1, #0]
10000fbc:	4961      	ldr	r1, [pc, #388]	; (10001144 <irq_add_shared_handler+0x1d0>)
10000fbe:	4680      	mov	r8, r0
10000fc0:	6889      	ldr	r1, [r1, #8]
10000fc2:	9001      	str	r0, [sp, #4]
10000fc4:	f851 1027 	ldr.w	r1, [r1, r7, lsl #2]
10000fc8:	0070      	lsls	r0, r6, #1
10000fca:	1b0d      	subs	r5, r1, r4
10000fcc:	2d47      	cmp	r5, #71	; 0x47
10000fce:	469e      	mov	lr, r3
10000fd0:	9002      	str	r0, [sp, #8]
10000fd2:	d83a      	bhi.n	1000104a <irq_add_shared_handler+0xd6>
10000fd4:	f021 0c01 	bic.w	ip, r1, #1
10000fd8:	f89c 5007 	ldrb.w	r5, [ip, #7]
10000fdc:	4295      	cmp	r5, r2
10000fde:	d80c      	bhi.n	10000ffa <irq_add_shared_handler+0x86>
10000fe0:	e07e      	b.n	100010e0 <irq_add_shared_handler+0x16c>
10000fe2:	eb03 0043 	add.w	r0, r3, r3, lsl #1
10000fe6:	eb04 0080 	add.w	r0, r4, r0, lsl #2
10000fea:	79c5      	ldrb	r5, [r0, #7]
10000fec:	eb03 0043 	add.w	r0, r3, r3, lsl #1
10000ff0:	4295      	cmp	r5, r2
10000ff2:	eb04 0080 	add.w	r0, r4, r0, lsl #2
10000ff6:	d955      	bls.n	100010a4 <irq_add_shared_handler+0x130>
10000ff8:	4684      	mov	ip, r0
10000ffa:	f99c 3006 	ldrsb.w	r3, [ip, #6]
10000ffe:	2b00      	cmp	r3, #0
10001000:	daef      	bge.n	10000fe2 <irq_add_shared_handler+0x6e>
10001002:	f64b 5001 	movw	r0, #48385	; 0xbd01
10001006:	9003      	str	r0, [sp, #12]
10001008:	f10c 0004 	add.w	r0, ip, #4
1000100c:	9001      	str	r0, [sp, #4]
1000100e:	9801      	ldr	r0, [sp, #4]
10001010:	f1ae 0504 	sub.w	r5, lr, #4
10001014:	1a2d      	subs	r5, r5, r0
10001016:	f3c5 054a 	ubfx	r5, r5, #1, #11
1000101a:	ea6f 45c5 	mvn.w	r5, r5, lsl #19
1000101e:	ea6f 45d5 	mvn.w	r5, r5, lsr #19
10001022:	9802      	ldr	r0, [sp, #8]
10001024:	f8df 812c 	ldr.w	r8, [pc, #300]	; 10001154 <irq_add_shared_handler+0x1e0>
10001028:	4430      	add	r0, r6
1000102a:	f88c 6006 	strb.w	r6, [ip, #6]
1000102e:	f8ac 5004 	strh.w	r5, [ip, #4]
10001032:	eb04 0680 	add.w	r6, r4, r0, lsl #2
10001036:	f844 8020 	str.w	r8, [r4, r0, lsl #2]
1000103a:	4686      	mov	lr, r0
1000103c:	9803      	ldr	r0, [sp, #12]
1000103e:	71b3      	strb	r3, [r6, #6]
10001040:	80b0      	strh	r0, [r6, #4]
10001042:	71f2      	strb	r2, [r6, #7]
10001044:	f8c6 a008 	str.w	sl, [r6, #8]
10001048:	e01e      	b.n	10001088 <irq_add_shared_handler+0x114>
1000104a:	4d3f      	ldr	r5, [pc, #252]	; (10001148 <irq_add_shared_handler+0x1d4>)
1000104c:	42a9      	cmp	r1, r5
1000104e:	d173      	bne.n	10001138 <irq_add_shared_handler+0x1c4>
10001050:	71da      	strb	r2, [r3, #7]
10001052:	4a3e      	ldr	r2, [pc, #248]	; (1000114c <irq_add_shared_handler+0x1d8>)
10001054:	f108 0802 	add.w	r8, r8, #2
10001058:	44a0      	add	r8, r4
1000105a:	3a04      	subs	r2, #4
1000105c:	eba2 0208 	sub.w	r2, r2, r8
10001060:	f3c2 024a 	ubfx	r2, r2, #1, #11
10001064:	ea6f 42c2 	mvn.w	r2, r2, lsl #19
10001068:	ea6f 42d2 	mvn.w	r2, r2, lsr #19
1000106c:	805a      	strh	r2, [r3, #2]
1000106e:	f64b 5201 	movw	r2, #48385	; 0xbd01
10001072:	f44f 4521 	mov.w	r5, #41216	; 0xa100
10001076:	809a      	strh	r2, [r3, #4]
10001078:	22ff      	movs	r2, #255	; 0xff
1000107a:	9801      	ldr	r0, [sp, #4]
1000107c:	f8c3 a008 	str.w	sl, [r3, #8]
10001080:	f043 0101 	orr.w	r1, r3, #1
10001084:	5225      	strh	r5, [r4, r0]
10001086:	719a      	strb	r2, [r3, #6]
10001088:	4b2e      	ldr	r3, [pc, #184]	; (10001144 <irq_add_shared_handler+0x1d0>)
1000108a:	689b      	ldr	r3, [r3, #8]
1000108c:	f843 1027 	str.w	r1, [r3, r7, lsl #2]
10001090:	f3bf 8f5f 	dmb	sy
10001094:	2300      	movs	r3, #0
10001096:	e8c9 3f8f 	stlb	r3, [r9]
1000109a:	f38b 8810 	msr	PRIMASK, fp
1000109e:	b005      	add	sp, #20
100010a0:	e8bd 8ff0 	ldmia.w	sp!, {r4, r5, r6, r7, r8, r9, sl, fp, pc}
100010a4:	f8bc 0004 	ldrh.w	r0, [ip, #4]
100010a8:	f10c 0504 	add.w	r5, ip, #4
100010ac:	0540      	lsls	r0, r0, #21
100010ae:	9501      	str	r5, [sp, #4]
100010b0:	d410      	bmi.n	100010d4 <irq_add_shared_handler+0x160>
100010b2:	9d01      	ldr	r5, [sp, #4]
100010b4:	1540      	asrs	r0, r0, #21
100010b6:	3002      	adds	r0, #2
100010b8:	eb05 0040 	add.w	r0, r5, r0, lsl #1
100010bc:	f06f 0507 	mvn.w	r5, #7
100010c0:	eba5 0508 	sub.w	r5, r5, r8
100010c4:	1b2d      	subs	r5, r5, r4
100010c6:	4428      	add	r0, r5
100010c8:	f3c0 004a 	ubfx	r0, r0, #1, #11
100010cc:	f440 4060 	orr.w	r0, r0, #57344	; 0xe000
100010d0:	9003      	str	r0, [sp, #12]
100010d2:	e79c      	b.n	1000100e <irq_add_shared_handler+0x9a>
100010d4:	f500 10ff 	add.w	r0, r0, #2088960	; 0x1fe000
100010d8:	f500 50ff 	add.w	r0, r0, #8160	; 0x1fe0
100010dc:	301f      	adds	r0, #31
100010de:	e7e8      	b.n	100010b2 <irq_add_shared_handler+0x13e>
100010e0:	f06f 0507 	mvn.w	r5, #7
100010e4:	71da      	strb	r2, [r3, #7]
100010e6:	f44f 4221 	mov.w	r2, #41216	; 0xa100
100010ea:	f64a 26aa 	movw	r6, #43690	; 0xaaaa
100010ee:	9801      	ldr	r0, [sp, #4]
100010f0:	eba5 0508 	sub.w	r5, r5, r8
100010f4:	5222      	strh	r2, [r4, r0]
100010f6:	1b28      	subs	r0, r5, r4
100010f8:	4a14      	ldr	r2, [pc, #80]	; (1000114c <irq_add_shared_handler+0x1d8>)
100010fa:	4635      	mov	r5, r6
100010fc:	f108 0802 	add.w	r8, r8, #2
10001100:	4e13      	ldr	r6, [pc, #76]	; (10001150 <irq_add_shared_handler+0x1dc>)
10001102:	4460      	add	r0, ip
10001104:	44a0      	add	r8, r4
10001106:	f3c0 004a 	ubfx	r0, r0, #1, #11
1000110a:	3a04      	subs	r2, #4
1000110c:	4330      	orrs	r0, r6
1000110e:	eba2 0208 	sub.w	r2, r2, r8
10001112:	8098      	strh	r0, [r3, #4]
10001114:	f3c2 024a 	ubfx	r2, r2, #1, #11
10001118:	480e      	ldr	r0, [pc, #56]	; (10001154 <irq_add_shared_handler+0x1e0>)
1000111a:	4332      	orrs	r2, r6
1000111c:	805a      	strh	r2, [r3, #2]
1000111e:	f8c3 a008 	str.w	sl, [r3, #8]
10001122:	4662      	mov	r2, ip
10001124:	1b12      	subs	r2, r2, r4
10001126:	4152      	adcs	r2, r2
10001128:	4355      	muls	r5, r2
1000112a:	0d2d      	lsrs	r5, r5, #20
1000112c:	f043 0101 	orr.w	r1, r3, #1
10001130:	719d      	strb	r5, [r3, #6]
10001132:	f8cc 0000 	str.w	r0, [ip]
10001136:	e7a7      	b.n	10001088 <irq_add_shared_handler+0x114>
10001138:	f000 ffb6 	bl	100020a8 <hard_assertion_failure>
1000113c:	200025e8 	.word	0x200025e8
10001140:	2000130c 	.word	0x2000130c
10001144:	e000ed00 	.word	0xe000ed00
10001148:	10000111 	.word	0x10000111
1000114c:	20001354 	.word	0x20001354
10001150:	ffffe000 	.word	0xffffe000
10001154:	47804801 	.word	0x47804801
10001158:	20001fad 	.word	0x20001fad

1000115c <irq_remove_handler>:
1000115c:	e92d 4ff8 	stmdb	sp!, {r3, r4, r5, r6, r7, r8, r9, sl, fp, lr}
10001160:	f3ef 8810 	mrs	r8, PRIMASK
10001164:	b672      	cpsid	i
10001166:	4e6a      	ldr	r6, [pc, #424]	; (10001310 <irq_remove_handler+0x1b4>)
10001168:	e8d6 2fcf 	ldaexb	r2, [r6]
1000116c:	2301      	movs	r3, #1
1000116e:	2a00      	cmp	r2, #0
10001170:	d1fa      	bne.n	10001168 <irq_remove_handler+0xc>
10001172:	e8c6 3f42 	strexb	r2, r3, [r6]
10001176:	2a00      	cmp	r2, #0
10001178:	d1f6      	bne.n	10001168 <irq_remove_handler+0xc>
1000117a:	f3bf 8f5f 	dmb	sy
1000117e:	4b65      	ldr	r3, [pc, #404]	; (10001314 <irq_remove_handler+0x1b8>)
10001180:	f100 0e10 	add.w	lr, r0, #16
10001184:	689b      	ldr	r3, [r3, #8]
10001186:	f853 502e 	ldr.w	r5, [r3, lr, lsl #2]
1000118a:	4b63      	ldr	r3, [pc, #396]	; (10001318 <irq_remove_handler+0x1bc>)
1000118c:	429d      	cmp	r5, r3
1000118e:	d03a      	beq.n	10001206 <irq_remove_handler+0xaa>
10001190:	428d      	cmp	r5, r1
10001192:	d045      	beq.n	10001220 <irq_remove_handler+0xc4>
10001194:	4c61      	ldr	r4, [pc, #388]	; (1000131c <irq_remove_handler+0x1c0>)
10001196:	1b2b      	subs	r3, r5, r4
10001198:	2b47      	cmp	r3, #71	; 0x47
1000119a:	d834      	bhi.n	10001206 <irq_remove_handler+0xaa>
1000119c:	f04f 0901 	mov.w	r9, #1
100011a0:	0947      	lsrs	r7, r0, #5
100011a2:	00bf      	lsls	r7, r7, #2
100011a4:	f107 4760 	add.w	r7, r7, #3758096384	; 0xe0000000
100011a8:	f507 4761 	add.w	r7, r7, #57600	; 0xe100
100011ac:	683b      	ldr	r3, [r7, #0]
100011ae:	f000 001f 	and.w	r0, r0, #31
100011b2:	fa09 f900 	lsl.w	r9, r9, r0
100011b6:	f8c7 9080 	str.w	r9, [r7, #128]	; 0x80
100011ba:	ea09 0a03 	and.w	sl, r9, r3
100011be:	f3bf 8f5f 	dmb	sy
100011c2:	f3ef 8305 	mrs	r3, IPSR
100011c6:	b2db      	uxtb	r3, r3
100011c8:	469b      	mov	fp, r3
100011ca:	bb5b      	cbnz	r3, 10001224 <irq_remove_handler+0xc8>
100011cc:	f025 0c01 	bic.w	ip, r5, #1
100011d0:	f8dc 0008 	ldr.w	r0, [ip, #8]
100011d4:	4281      	cmp	r1, r0
100011d6:	d109      	bne.n	100011ec <irq_remove_handler+0x90>
100011d8:	e090      	b.n	100012fc <irq_remove_handler+0x1a0>
100011da:	eb03 0243 	add.w	r2, r3, r3, lsl #1
100011de:	eb04 0282 	add.w	r2, r4, r2, lsl #2
100011e2:	6890      	ldr	r0, [r2, #8]
100011e4:	4613      	mov	r3, r2
100011e6:	4281      	cmp	r1, r0
100011e8:	d023      	beq.n	10001232 <irq_remove_handler+0xd6>
100011ea:	469c      	mov	ip, r3
100011ec:	f99c 3006 	ldrsb.w	r3, [ip, #6]
100011f0:	2b00      	cmp	r3, #0
100011f2:	daf2      	bge.n	100011da <irq_remove_handler+0x7e>
100011f4:	4281      	cmp	r1, r0
100011f6:	d056      	beq.n	100012a6 <irq_remove_handler+0x14a>
100011f8:	f1ba 0f00 	cmp.w	sl, #0
100011fc:	d016      	beq.n	1000122c <irq_remove_handler+0xd0>
100011fe:	f8c7 9180 	str.w	r9, [r7, #384]	; 0x180
10001202:	f8c7 9000 	str.w	r9, [r7]
10001206:	4b43      	ldr	r3, [pc, #268]	; (10001314 <irq_remove_handler+0x1b8>)
10001208:	689b      	ldr	r3, [r3, #8]
1000120a:	f843 502e 	str.w	r5, [r3, lr, lsl #2]
1000120e:	f3bf 8f5f 	dmb	sy
10001212:	2300      	movs	r3, #0
10001214:	e8c6 3f8f 	stlb	r3, [r6]
10001218:	f388 8810 	msr	PRIMASK, r8
1000121c:	e8bd 8ff8 	ldmia.w	sp!, {r3, r4, r5, r6, r7, r8, r9, sl, fp, pc}
10001220:	461d      	mov	r5, r3
10001222:	e7f0      	b.n	10001206 <irq_remove_handler+0xaa>
10001224:	459e      	cmp	lr, r3
10001226:	d0d1      	beq.n	100011cc <irq_remove_handler+0x70>
10001228:	f000 ff3e 	bl	100020a8 <hard_assertion_failure>
1000122c:	f8c7 9080 	str.w	r9, [r7, #128]	; 0x80
10001230:	e7e9      	b.n	10001206 <irq_remove_handler+0xaa>
10001232:	f992 1006 	ldrsb.w	r1, [r2, #6]
10001236:	2900      	cmp	r1, #0
10001238:	db36      	blt.n	100012a8 <irq_remove_handler+0x14c>
1000123a:	eb01 0c41 	add.w	ip, r1, r1, lsl #1
1000123e:	eb04 0c8c 	add.w	ip, r4, ip, lsl #2
10001242:	f8dc 2008 	ldr.w	r2, [ip, #8]
10001246:	0048      	lsls	r0, r1, #1
10001248:	609a      	str	r2, [r3, #8]
1000124a:	f89c 2007 	ldrb.w	r2, [ip, #7]
1000124e:	71da      	strb	r2, [r3, #7]
10001250:	f99c 2006 	ldrsb.w	r2, [ip, #6]
10001254:	2a00      	cmp	r2, #0
10001256:	719a      	strb	r2, [r3, #6]
10001258:	db3e      	blt.n	100012d8 <irq_remove_handler+0x17c>
1000125a:	f8bc 2004 	ldrh.w	r2, [ip, #4]
1000125e:	0552      	lsls	r2, r2, #21
10001260:	d504      	bpl.n	1000126c <irq_remove_handler+0x110>
10001262:	f502 12ff 	add.w	r2, r2, #2088960	; 0x1fe000
10001266:	f502 52ff 	add.w	r2, r2, #8160	; 0x1fe0
1000126a:	321f      	adds	r2, #31
1000126c:	1552      	asrs	r2, r2, #21
1000126e:	f102 0c02 	add.w	ip, r2, #2
10001272:	f04f 0b04 	mov.w	fp, #4
10001276:	220c      	movs	r2, #12
10001278:	fb12 b201 	smlabb	r2, r2, r1, fp
1000127c:	eb02 024c 	add.w	r2, r2, ip, lsl #1
10001280:	f06f 0c07 	mvn.w	ip, #7
10001284:	4422      	add	r2, r4
10001286:	ebac 0c03 	sub.w	ip, ip, r3
1000128a:	4462      	add	r2, ip
1000128c:	f3c2 024a 	ubfx	r2, r2, #1, #11
10001290:	f442 4260 	orr.w	r2, r2, #57344	; 0xe000
10001294:	809a      	strh	r2, [r3, #4]
10001296:	4b22      	ldr	r3, [pc, #136]	; (10001320 <irq_remove_handler+0x1c4>)
10001298:	4408      	add	r0, r1
1000129a:	781a      	ldrb	r2, [r3, #0]
1000129c:	eb04 0480 	add.w	r4, r4, r0, lsl #2
100012a0:	7019      	strb	r1, [r3, #0]
100012a2:	71a2      	strb	r2, [r4, #6]
100012a4:	e7a8      	b.n	100011f8 <irq_remove_handler+0x9c>
100012a6:	4663      	mov	r3, ip
100012a8:	f1bb 0f00 	cmp.w	fp, #0
100012ac:	d117      	bne.n	100012de <irq_remove_handler+0x182>
100012ae:	22ff      	movs	r2, #255	; 0xff
100012b0:	f88c 2006 	strb.w	r2, [ip, #6]
100012b4:	f64b 5201 	movw	r2, #48385	; 0xbd01
100012b8:	f8ac 2004 	strh.w	r2, [ip, #4]
100012bc:	4818      	ldr	r0, [pc, #96]	; (10001320 <irq_remove_handler+0x1c4>)
100012be:	f64a 22aa 	movw	r2, #43690	; 0xaaaa
100012c2:	f890 c000 	ldrb.w	ip, [r0]
100012c6:	4619      	mov	r1, r3
100012c8:	1b09      	subs	r1, r1, r4
100012ca:	4149      	adcs	r1, r1
100012cc:	434a      	muls	r2, r1
100012ce:	0d12      	lsrs	r2, r2, #20
100012d0:	f883 c006 	strb.w	ip, [r3, #6]
100012d4:	7002      	strb	r2, [r0, #0]
100012d6:	e78f      	b.n	100011f8 <irq_remove_handler+0x9c>
100012d8:	f64b 5201 	movw	r2, #48385	; 0xbd01
100012dc:	e7da      	b.n	10001294 <irq_remove_handler+0x138>
100012de:	4a11      	ldr	r2, [pc, #68]	; (10001324 <irq_remove_handler+0x1c8>)
100012e0:	4811      	ldr	r0, [pc, #68]	; (10001328 <irq_remove_handler+0x1cc>)
100012e2:	1ad2      	subs	r2, r2, r3
100012e4:	3a08      	subs	r2, #8
100012e6:	f3c2 310a 	ubfx	r1, r2, #12, #11
100012ea:	ea6f 5101 	mvn.w	r1, r1, lsl #20
100012ee:	ea6f 5111 	mvn.w	r1, r1, lsr #20
100012f2:	ea40 0252 	orr.w	r2, r0, r2, lsr #1
100012f6:	80da      	strh	r2, [r3, #6]
100012f8:	8099      	strh	r1, [r3, #4]
100012fa:	e77d      	b.n	100011f8 <irq_remove_handler+0x9c>
100012fc:	f99c 1006 	ldrsb.w	r1, [ip, #6]
10001300:	4663      	mov	r3, ip
10001302:	2900      	cmp	r1, #0
10001304:	da99      	bge.n	1000123a <irq_remove_handler+0xde>
10001306:	f1bb 0f00 	cmp.w	fp, #0
1000130a:	d1e8      	bne.n	100012de <irq_remove_handler+0x182>
1000130c:	4d02      	ldr	r5, [pc, #8]	; (10001318 <irq_remove_handler+0x1bc>)
1000130e:	e7d5      	b.n	100012bc <irq_remove_handler+0x160>
10001310:	20001fad 	.word	0x20001fad
10001314:	e000ed00 	.word	0xe000ed00
10001318:	10000111 	.word	0x10000111
1000131c:	2000130c 	.word	0x2000130c
10001320:	200025e8 	.word	0x200025e8
10001324:	2000135e 	.word	0x2000135e
10001328:	fffff800 	.word	0xfffff800

1000132c <irq_add_tail_to_free_list>:
1000132c:	b5f0      	push	{r4, r5, r6, r7, lr}
1000132e:	f3ef 8505 	mrs	r5, IPSR
10001332:	b2ed      	uxtb	r5, r5
10001334:	f3ef 8c10 	mrs	ip, PRIMASK
10001338:	b672      	cpsid	i
1000133a:	492c      	ldr	r1, [pc, #176]	; (100013ec <irq_add_tail_to_free_list+0xc0>)
1000133c:	e8d1 2fcf 	ldaexb	r2, [r1]
10001340:	2301      	movs	r3, #1
10001342:	2a00      	cmp	r2, #0
10001344:	d1fa      	bne.n	1000133c <irq_add_tail_to_free_list+0x10>
10001346:	e8c1 3f42 	strexb	r2, r3, [r1]
1000134a:	2a00      	cmp	r2, #0
1000134c:	d1f6      	bne.n	1000133c <irq_add_tail_to_free_list+0x10>
1000134e:	f3bf 8f5f 	dmb	sy
10001352:	4e27      	ldr	r6, [pc, #156]	; (100013f0 <irq_add_tail_to_free_list+0xc4>)
10001354:	f040 0e01 	orr.w	lr, r0, #1
10001358:	68b4      	ldr	r4, [r6, #8]
1000135a:	f64a 23aa 	movw	r3, #43690	; 0xaaaa
1000135e:	f854 7025 	ldr.w	r7, [r4, r5, lsl #2]
10001362:	4a24      	ldr	r2, [pc, #144]	; (100013f4 <irq_add_tail_to_free_list+0xc8>)
10001364:	4604      	mov	r4, r0
10001366:	1aa4      	subs	r4, r4, r2
10001368:	4164      	adcs	r4, r4
1000136a:	4363      	muls	r3, r4
1000136c:	0d1b      	lsrs	r3, r3, #20
1000136e:	4577      	cmp	r7, lr
10001370:	b25b      	sxtb	r3, r3
10001372:	d023      	beq.n	100013bc <irq_add_tail_to_free_list+0x90>
10001374:	f992 4006 	ldrsb.w	r4, [r2, #6]
10001378:	429c      	cmp	r4, r3
1000137a:	d024      	beq.n	100013c6 <irq_add_tail_to_free_list+0x9a>
1000137c:	f992 4012 	ldrsb.w	r4, [r2, #18]
10001380:	429c      	cmp	r4, r3
10001382:	d02b      	beq.n	100013dc <irq_add_tail_to_free_list+0xb0>
10001384:	f992 401e 	ldrsb.w	r4, [r2, #30]
10001388:	429c      	cmp	r4, r3
1000138a:	d029      	beq.n	100013e0 <irq_add_tail_to_free_list+0xb4>
1000138c:	f992 402a 	ldrsb.w	r4, [r2, #42]	; 0x2a
10001390:	429c      	cmp	r4, r3
10001392:	d027      	beq.n	100013e4 <irq_add_tail_to_free_list+0xb8>
10001394:	f992 4036 	ldrsb.w	r4, [r2, #54]	; 0x36
10001398:	429c      	cmp	r4, r3
1000139a:	d025      	beq.n	100013e8 <irq_add_tail_to_free_list+0xbc>
1000139c:	f992 4042 	ldrsb.w	r4, [r2, #66]	; 0x42
100013a0:	429c      	cmp	r4, r3
100013a2:	bf08      	it	eq
100013a4:	2405      	moveq	r4, #5
100013a6:	d00f      	beq.n	100013c8 <irq_add_tail_to_free_list+0x9c>
100013a8:	4a13      	ldr	r2, [pc, #76]	; (100013f8 <irq_add_tail_to_free_list+0xcc>)
100013aa:	2400      	movs	r4, #0
100013ac:	7815      	ldrb	r5, [r2, #0]
100013ae:	7013      	strb	r3, [r2, #0]
100013b0:	7185      	strb	r5, [r0, #6]
100013b2:	e8c1 4f8f 	stlb	r4, [r1]
100013b6:	f38c 8810 	msr	PRIMASK, ip
100013ba:	bdf0      	pop	{r4, r5, r6, r7, pc}
100013bc:	68b2      	ldr	r2, [r6, #8]
100013be:	4c0f      	ldr	r4, [pc, #60]	; (100013fc <irq_add_tail_to_free_list+0xd0>)
100013c0:	f842 4025 	str.w	r4, [r2, r5, lsl #2]
100013c4:	e7f0      	b.n	100013a8 <irq_add_tail_to_free_list+0x7c>
100013c6:	2400      	movs	r4, #0
100013c8:	eb04 0444 	add.w	r4, r4, r4, lsl #1
100013cc:	eb02 0284 	add.w	r2, r2, r4, lsl #2
100013d0:	24ff      	movs	r4, #255	; 0xff
100013d2:	7194      	strb	r4, [r2, #6]
100013d4:	f64b 5401 	movw	r4, #48385	; 0xbd01
100013d8:	8094      	strh	r4, [r2, #4]
100013da:	e7e5      	b.n	100013a8 <irq_add_tail_to_free_list+0x7c>
100013dc:	2401      	movs	r4, #1
100013de:	e7f3      	b.n	100013c8 <irq_add_tail_to_free_list+0x9c>
100013e0:	2402      	movs	r4, #2
100013e2:	e7f1      	b.n	100013c8 <irq_add_tail_to_free_list+0x9c>
100013e4:	2403      	movs	r4, #3
100013e6:	e7ef      	b.n	100013c8 <irq_add_tail_to_free_list+0x9c>
100013e8:	2404      	movs	r4, #4
100013ea:	e7ed      	b.n	100013c8 <irq_add_tail_to_free_list+0x9c>
100013ec:	20001fad 	.word	0x20001fad
100013f0:	e000ed00 	.word	0xe000ed00
100013f4:	2000130c 	.word	0x2000130c
100013f8:	200025e8 	.word	0x200025e8
100013fc:	10000111 	.word	0x10000111

10001400 <user_irq_claim_unused>:
10001400:	b510      	push	{r4, lr}
10001402:	4c07      	ldr	r4, [pc, #28]	; (10001420 <user_irq_claim_unused+0x20>)
10001404:	b082      	sub	sp, #8
10001406:	4601      	mov	r1, r0
10001408:	2305      	movs	r3, #5
1000140a:	2200      	movs	r2, #0
1000140c:	9400      	str	r4, [sp, #0]
1000140e:	4805      	ldr	r0, [pc, #20]	; (10001424 <user_irq_claim_unused+0x24>)
10001410:	f7ff fca0 	bl	10000d54 <hw_claim_unused_from_range>
10001414:	2800      	cmp	r0, #0
10001416:	bfa8      	it	ge
10001418:	f1c0 0033 	rsbge	r0, r0, #51	; 0x33
1000141c:	b002      	add	sp, #8
1000141e:	bd10      	pop	{r4, pc}
10001420:	100079e4 	.word	0x100079e4
10001424:	200025ed 	.word	0x200025ed

10001428 <lock_init>:
10001428:	4b01      	ldr	r3, [pc, #4]	; (10001430 <lock_init+0x8>)
1000142a:	4419      	add	r1, r3
1000142c:	6001      	str	r1, [r0, #0]
1000142e:	4770      	bx	lr
10001430:	20001fa4 	.word	0x20001fa4

10001434 <runtime_init_mutex>:
10001434:	b5f8      	push	{r3, r4, r5, r6, r7, lr}
10001436:	4d12      	ldr	r5, [pc, #72]	; (10001480 <runtime_init_mutex+0x4c>)
10001438:	4e12      	ldr	r6, [pc, #72]	; (10001484 <runtime_init_mutex+0x50>)
1000143a:	42b5      	cmp	r5, r6
1000143c:	d21f      	bcs.n	1000147e <runtime_init_mutex+0x4a>
1000143e:	462c      	mov	r4, r5
10001440:	6823      	ldr	r3, [r4, #0]
10001442:	27ff      	movs	r7, #255	; 0xff
10001444:	b17b      	cbz	r3, 10001466 <runtime_init_mutex+0x32>
10001446:	f7ff fcd3 	bl	10000df0 <next_striped_spin_lock_num>
1000144a:	4601      	mov	r1, r0
1000144c:	4628      	mov	r0, r5
1000144e:	f7ff ffeb 	bl	10001428 <lock_init>
10001452:	80a7      	strh	r7, [r4, #4]
10001454:	f3bf 8f5f 	dmb	sy
10001458:	3408      	adds	r4, #8
1000145a:	42b4      	cmp	r4, r6
1000145c:	d20f      	bcs.n	1000147e <runtime_init_mutex+0x4a>
1000145e:	6823      	ldr	r3, [r4, #0]
10001460:	4625      	mov	r5, r4
10001462:	2b00      	cmp	r3, #0
10001464:	d1ef      	bne.n	10001446 <runtime_init_mutex+0x12>
10001466:	f7ff fcc3 	bl	10000df0 <next_striped_spin_lock_num>
1000146a:	4601      	mov	r1, r0
1000146c:	4628      	mov	r0, r5
1000146e:	f7ff ffdb 	bl	10001428 <lock_init>
10001472:	7127      	strb	r7, [r4, #4]
10001474:	f3bf 8f5f 	dmb	sy
10001478:	3408      	adds	r4, #8
1000147a:	42b4      	cmp	r4, r6
1000147c:	d3ef      	bcc.n	1000145e <runtime_init_mutex+0x2a>
1000147e:	bdf8      	pop	{r3, r4, r5, r6, r7, pc}
10001480:	20001c20 	.word	0x20001c20
10001484:	20001c28 	.word	0x20001c28

10001488 <mutex_init>:
10001488:	b510      	push	{r4, lr}
1000148a:	4604      	mov	r4, r0
1000148c:	f7ff fcb0 	bl	10000df0 <next_striped_spin_lock_num>
10001490:	4601      	mov	r1, r0
10001492:	4620      	mov	r0, r4
10001494:	f7ff ffc8 	bl	10001428 <lock_init>
10001498:	23ff      	movs	r3, #255	; 0xff
1000149a:	7123      	strb	r3, [r4, #4]
1000149c:	f3bf 8f5f 	dmb	sy
100014a0:	bd10      	pop	{r4, pc}
100014a2:	bf00      	nop

100014a4 <critical_section_init>:
100014a4:	b510      	push	{r4, lr}
100014a6:	4604      	mov	r4, r0
100014a8:	2001      	movs	r0, #1
100014aa:	f7ff fcad 	bl	10000e08 <spin_lock_claim_unused>
100014ae:	4b03      	ldr	r3, [pc, #12]	; (100014bc <critical_section_init+0x18>)
100014b0:	4418      	add	r0, r3
100014b2:	6020      	str	r0, [r4, #0]
100014b4:	f3bf 8f5f 	dmb	sy
100014b8:	bd10      	pop	{r4, pc}
100014ba:	bf00      	nop
100014bc:	20001fa4 	.word	0x20001fa4

100014c0 <critical_section_init_with_lock_num>:
100014c0:	4b02      	ldr	r3, [pc, #8]	; (100014cc <critical_section_init_with_lock_num+0xc>)
100014c2:	4419      	add	r1, r3
100014c4:	6001      	str	r1, [r0, #0]
100014c6:	f3bf 8f5f 	dmb	sy
100014ca:	4770      	bx	lr
100014cc:	20001fa4 	.word	0x20001fa4

100014d0 <sleep_until_callback>:
100014d0:	4910      	ldr	r1, [pc, #64]	; (10001514 <sleep_until_callback+0x44>)
100014d2:	680b      	ldr	r3, [r1, #0]
100014d4:	f3ef 8010 	mrs	r0, PRIMASK
100014d8:	b672      	cpsid	i
100014da:	e8d3 cfcf 	ldaexb	ip, [r3]
100014de:	2201      	movs	r2, #1
100014e0:	f1bc 0f00 	cmp.w	ip, #0
100014e4:	d1f9      	bne.n	100014da <sleep_until_callback+0xa>
100014e6:	e8c3 2f4c 	strexb	ip, r2, [r3]
100014ea:	f1bc 0f00 	cmp.w	ip, #0
100014ee:	d1f4      	bne.n	100014da <sleep_until_callback+0xa>
100014f0:	f3bf 8f5f 	dmb	sy
100014f4:	4a08      	ldr	r2, [pc, #32]	; (10001518 <sleep_until_callback+0x48>)
100014f6:	f04f 0c00 	mov.w	ip, #0
100014fa:	7813      	ldrb	r3, [r2, #0]
100014fc:	6809      	ldr	r1, [r1, #0]
100014fe:	3301      	adds	r3, #1
10001500:	b2db      	uxtb	r3, r3
10001502:	7013      	strb	r3, [r2, #0]
10001504:	e8c1 cf8f 	stlb	ip, [r1]
10001508:	f380 8810 	msr	PRIMASK, r0
1000150c:	bf40      	sev
1000150e:	2000      	movs	r0, #0
10001510:	2100      	movs	r1, #0
10001512:	4770      	bx	lr
10001514:	200025bc 	.word	0x200025bc
10001518:	200025ea 	.word	0x200025ea
1000151c:	00000000 	.word	0x00000000

10001520 <alarm_pool_irq_handler>:
10001520:	e92d 4ff0 	stmdb	sp!, {r4, r5, r6, r7, r8, r9, sl, fp, lr}
10001524:	ed2d 8b02 	vpush	{d8}
10001528:	b085      	sub	sp, #20
1000152a:	f3ef 8305 	mrs	r3, IPSR
1000152e:	b2db      	uxtb	r3, r3
10001530:	3b10      	subs	r3, #16
10001532:	089a      	lsrs	r2, r3, #2
10001534:	bf18      	it	ne
10001536:	2201      	movne	r2, #1
10001538:	f04f 0101 	mov.w	r1, #1
1000153c:	f003 0003 	and.w	r0, r3, #3
10001540:	4bad      	ldr	r3, [pc, #692]	; (100017f8 <alarm_pool_irq_handler+0x2d8>)
10001542:	eb00 0282 	add.w	r2, r0, r2, lsl #2
10001546:	bf0c      	ite	eq
10001548:	4fac      	ldreq	r7, [pc, #688]	; (100017fc <alarm_pool_irq_handler+0x2dc>)
1000154a:	4fad      	ldrne	r7, [pc, #692]	; (10001800 <alarm_pool_irq_handler+0x2e0>)
1000154c:	f853 6022 	ldr.w	r6, [r3, r2, lsl #2]
10001550:	fa01 f200 	lsl.w	r2, r1, r0
10001554:	f507 5341 	add.w	r3, r7, #12352	; 0x3040
10001558:	ed9f 8ba5 	vldr	d8, [pc, #660]	; 100017f0 <alarm_pool_irq_handler+0x2d0>
1000155c:	46b0      	mov	r8, r6
1000155e:	9001      	str	r0, [sp, #4]
10001560:	9200      	str	r2, [sp, #0]
10001562:	605a      	str	r2, [r3, #4]
10001564:	e035      	b.n	100015d2 <alarm_pool_irq_handler+0xb2>
10001566:	f8b8 3004 	ldrh.w	r3, [r8, #4]
1000156a:	041b      	lsls	r3, r3, #16
1000156c:	f140 8092 	bpl.w	10001694 <alarm_pool_irq_handler+0x174>
10001570:	f898 3006 	ldrb.w	r3, [r8, #6]
10001574:	2b00      	cmp	r3, #0
10001576:	f040 80df 	bne.w	10001738 <alarm_pool_irq_handler+0x218>
1000157a:	f9b8 2008 	ldrsh.w	r2, [r8, #8]
1000157e:	2a00      	cmp	r2, #0
10001580:	f2c0 8125 	blt.w	100017ce <alarm_pool_irq_handler+0x2ae>
10001584:	f8d8 3014 	ldr.w	r3, [r8, #20]
10001588:	eb02 0242 	add.w	r2, r2, r2, lsl #1
1000158c:	eb03 02c2 	add.w	r2, r3, r2, lsl #3
10001590:	e9d2 4502 	ldrd	r4, r5, [r2, #8]
10001594:	f1b5 3fff 	cmp.w	r5, #4294967295	; 0xffffffff
10001598:	bf08      	it	eq
1000159a:	f1b4 3fff 	cmpeq.w	r4, #4294967295	; 0xffffffff
1000159e:	d00d      	beq.n	100015bc <alarm_pool_irq_handler+0x9c>
100015a0:	9b01      	ldr	r3, [sp, #4]
100015a2:	eb07 0183 	add.w	r1, r7, r3, lsl #2
100015a6:	6abb      	ldr	r3, [r7, #40]	; 0x28
100015a8:	690a      	ldr	r2, [r1, #16]
100015aa:	1ad2      	subs	r2, r2, r3
100015ac:	1ae3      	subs	r3, r4, r3
100015ae:	4293      	cmp	r3, r2
100015b0:	d303      	bcc.n	100015ba <alarm_pool_irq_handler+0x9a>
100015b2:	6a3b      	ldr	r3, [r7, #32]
100015b4:	9a00      	ldr	r2, [sp, #0]
100015b6:	4213      	tst	r3, r2
100015b8:	d100      	bne.n	100015bc <alarm_pool_irq_handler+0x9c>
100015ba:	610c      	str	r4, [r1, #16]
100015bc:	4638      	mov	r0, r7
100015be:	f000 fbcb 	bl	10001d58 <timer_time_us_64>
100015c2:	1a20      	subs	r0, r4, r0
100015c4:	eb65 0501 	sbc.w	r5, r5, r1
100015c8:	2801      	cmp	r0, #1
100015ca:	f175 0300 	sbcs.w	r3, r5, #0
100015ce:	f280 80fe 	bge.w	100017ce <alarm_pool_irq_handler+0x2ae>
100015d2:	f9b8 4008 	ldrsh.w	r4, [r8, #8]
100015d6:	9b00      	ldr	r3, [sp, #0]
100015d8:	2c00      	cmp	r4, #0
100015da:	63fb      	str	r3, [r7, #60]	; 0x3c
100015dc:	dbc3      	blt.n	10001566 <alarm_pool_irq_handler+0x46>
100015de:	f8d8 a014 	ldr.w	sl, [r8, #20]
100015e2:	eb04 0b44 	add.w	fp, r4, r4, lsl #1
100015e6:	4638      	mov	r0, r7
100015e8:	eb0a 05cb 	add.w	r5, sl, fp, lsl #3
100015ec:	e9d5 9602 	ldrd	r9, r6, [r5, #8]
100015f0:	f000 fbb2 	bl	10001d58 <timer_time_us_64>
100015f4:	4548      	cmp	r0, r9
100015f6:	eb61 0106 	sbc.w	r1, r1, r6
100015fa:	2900      	cmp	r1, #0
100015fc:	dbb3      	blt.n	10001566 <alarm_pool_irq_handler+0x46>
100015fe:	2e00      	cmp	r6, #0
10001600:	f2c0 80c3 	blt.w	1000178a <alarm_pool_irq_handler+0x26a>
10001604:	692b      	ldr	r3, [r5, #16]
10001606:	4a7f      	ldr	r2, [pc, #508]	; (10001804 <alarm_pool_irq_handler+0x2e4>)
10001608:	4293      	cmp	r3, r2
1000160a:	f000 80fd 	beq.w	10001808 <alarm_pool_irq_handler+0x2e8>
1000160e:	886a      	ldrh	r2, [r5, #2]
10001610:	f9b8 0008 	ldrsh.w	r0, [r8, #8]
10001614:	b292      	uxth	r2, r2
10001616:	ea42 4000 	orr.w	r0, r2, r0, lsl #16
1000161a:	6969      	ldr	r1, [r5, #20]
1000161c:	4798      	blx	r3
1000161e:	4602      	mov	r2, r0
10001620:	460b      	mov	r3, r1
10001622:	ea52 0103 	orrs.w	r1, r2, r3
10001626:	f000 80b0 	beq.w	1000178a <alarm_pool_irq_handler+0x26a>
1000162a:	2b00      	cmp	r3, #0
1000162c:	f280 80d5 	bge.w	100017da <alarm_pool_irq_handler+0x2ba>
10001630:	ebb9 0002 	subs.w	r0, r9, r2
10001634:	eb66 0303 	sbc.w	r3, r6, r3
10001638:	e9c5 0302 	strd	r0, r3, [r5, #8]
1000163c:	f93a 503b 	ldrsh.w	r5, [sl, fp, lsl #3]
10001640:	2d00      	cmp	r5, #0
10001642:	db90      	blt.n	10001566 <alarm_pool_irq_handler+0x46>
10001644:	f8d8 c014 	ldr.w	ip, [r8, #20]
10001648:	eb05 0145 	add.w	r1, r5, r5, lsl #1
1000164c:	eb0c 01c1 	add.w	r1, ip, r1, lsl #3
10001650:	688a      	ldr	r2, [r1, #8]
10001652:	1a82      	subs	r2, r0, r2
10001654:	68ca      	ldr	r2, [r1, #12]
10001656:	eb63 0202 	sbc.w	r2, r3, r2
1000165a:	2a00      	cmp	r2, #0
1000165c:	db83      	blt.n	10001566 <alarm_pool_irq_handler+0x46>
1000165e:	f8a8 5008 	strh.w	r5, [r8, #8]
10001662:	e007      	b.n	10001674 <alarm_pool_irq_handler+0x154>
10001664:	6895      	ldr	r5, [r2, #8]
10001666:	1b45      	subs	r5, r0, r5
10001668:	68d5      	ldr	r5, [r2, #12]
1000166a:	eb63 0505 	sbc.w	r5, r3, r5
1000166e:	2d00      	cmp	r5, #0
10001670:	db08      	blt.n	10001684 <alarm_pool_irq_handler+0x164>
10001672:	4611      	mov	r1, r2
10001674:	f9b1 6000 	ldrsh.w	r6, [r1]
10001678:	eb06 0246 	add.w	r2, r6, r6, lsl #1
1000167c:	2e00      	cmp	r6, #0
1000167e:	eb0c 02c2 	add.w	r2, ip, r2, lsl #3
10001682:	daef      	bge.n	10001664 <alarm_pool_irq_handler+0x144>
10001684:	f82a 603b 	strh.w	r6, [sl, fp, lsl #3]
10001688:	800c      	strh	r4, [r1, #0]
1000168a:	f8b8 3004 	ldrh.w	r3, [r8, #4]
1000168e:	041b      	lsls	r3, r3, #16
10001690:	f53f af6e 	bmi.w	10001570 <alarm_pool_irq_handler+0x50>
10001694:	f8d8 3010 	ldr.w	r3, [r8, #16]
10001698:	f3ef 8210 	mrs	r2, PRIMASK
1000169c:	b672      	cpsid	i
1000169e:	e8d3 0fcf 	ldaexb	r0, [r3]
100016a2:	2101      	movs	r1, #1
100016a4:	2800      	cmp	r0, #0
100016a6:	d1fa      	bne.n	1000169e <alarm_pool_irq_handler+0x17e>
100016a8:	e8c3 1f40 	strexb	r0, r1, [r3]
100016ac:	2800      	cmp	r0, #0
100016ae:	d1f6      	bne.n	1000169e <alarm_pool_irq_handler+0x17e>
100016b0:	f3bf 8f5f 	dmb	sy
100016b4:	f64f 70ff 	movw	r0, #65535	; 0xffff
100016b8:	f8b8 9004 	ldrh.w	r9, [r8, #4]
100016bc:	2300      	movs	r3, #0
100016be:	f8d8 1010 	ldr.w	r1, [r8, #16]
100016c2:	fa0f f989 	sxth.w	r9, r9
100016c6:	f8a8 0004 	strh.w	r0, [r8, #4]
100016ca:	e8c1 3f8f 	stlb	r3, [r1]
100016ce:	f382 8810 	msr	PRIMASK, r2
100016d2:	4599      	cmp	r9, r3
100016d4:	f6ff af4c 	blt.w	10001570 <alarm_pool_irq_handler+0x50>
100016d8:	46ba      	mov	sl, r7
100016da:	f8d8 5014 	ldr.w	r5, [r8, #20]
100016de:	f108 0b08 	add.w	fp, r8, #8
100016e2:	eb09 0e49 	add.w	lr, r9, r9, lsl #1
100016e6:	eb05 03ce 	add.w	r3, r5, lr, lsl #3
100016ea:	e9d3 6702 	ldrd	r6, r7, [r3, #8]
100016ee:	f9b8 3008 	ldrsh.w	r3, [r8, #8]
100016f2:	46dc      	mov	ip, fp
100016f4:	2b00      	cmp	r3, #0
100016f6:	da05      	bge.n	10001704 <alarm_pool_irq_handler+0x1e4>
100016f8:	e00f      	b.n	1000171a <alarm_pool_irq_handler+0x1fa>
100016fa:	f935 3034 	ldrsh.w	r3, [r5, r4, lsl #3]
100016fe:	4684      	mov	ip, r0
10001700:	2b00      	cmp	r3, #0
10001702:	db0a      	blt.n	1000171a <alarm_pool_irq_handler+0x1fa>
10001704:	eb03 0443 	add.w	r4, r3, r3, lsl #1
10001708:	eb05 00c4 	add.w	r0, r5, r4, lsl #3
1000170c:	e9d0 1202 	ldrd	r1, r2, [r0, #8]
10001710:	1a71      	subs	r1, r6, r1
10001712:	eb67 0202 	sbc.w	r2, r7, r2
10001716:	2a00      	cmp	r2, #0
10001718:	daef      	bge.n	100016fa <alarm_pool_irq_handler+0x1da>
1000171a:	f8ac 9000 	strh.w	r9, [ip]
1000171e:	f935 903e 	ldrsh.w	r9, [r5, lr, lsl #3]
10001722:	f825 303e 	strh.w	r3, [r5, lr, lsl #3]
10001726:	f1b9 0f00 	cmp.w	r9, #0
1000172a:	dada      	bge.n	100016e2 <alarm_pool_irq_handler+0x1c2>
1000172c:	f898 3006 	ldrb.w	r3, [r8, #6]
10001730:	4657      	mov	r7, sl
10001732:	2b00      	cmp	r3, #0
10001734:	f43f af21 	beq.w	1000157a <alarm_pool_irq_handler+0x5a>
10001738:	2300      	movs	r3, #0
1000173a:	f888 3006 	strb.w	r3, [r8, #6]
1000173e:	f9b8 3008 	ldrsh.w	r3, [r8, #8]
10001742:	f108 0c08 	add.w	ip, r8, #8
10001746:	1c5e      	adds	r6, r3, #1
10001748:	d041      	beq.n	100017ce <alarm_pool_irq_handler+0x2ae>
1000174a:	461a      	mov	r2, r3
1000174c:	f8d8 4014 	ldr.w	r4, [r8, #20]
10001750:	e003      	b.n	1000175a <alarm_pool_irq_handler+0x23a>
10001752:	4684      	mov	ip, r0
10001754:	1c59      	adds	r1, r3, #1
10001756:	f43f af12 	beq.w	1000157e <alarm_pool_irq_handler+0x5e>
1000175a:	eb03 0143 	add.w	r1, r3, r3, lsl #1
1000175e:	eb04 00c1 	add.w	r0, r4, r1, lsl #3
10001762:	8845      	ldrh	r5, [r0, #2]
10001764:	461e      	mov	r6, r3
10001766:	042d      	lsls	r5, r5, #16
10001768:	f934 3031 	ldrsh.w	r3, [r4, r1, lsl #3]
1000176c:	d5f1      	bpl.n	10001752 <alarm_pool_irq_handler+0x232>
1000176e:	4296      	cmp	r6, r2
10001770:	ed80 8b02 	vstr	d8, [r0, #8]
10001774:	d0ee      	beq.n	10001754 <alarm_pool_irq_handler+0x234>
10001776:	f8ac 3000 	strh.w	r3, [ip]
1000177a:	f8b8 2008 	ldrh.w	r2, [r8, #8]
1000177e:	f824 2031 	strh.w	r2, [r4, r1, lsl #3]
10001782:	4632      	mov	r2, r6
10001784:	f8a8 6008 	strh.w	r6, [r8, #8]
10001788:	e7e4      	b.n	10001754 <alarm_pool_irq_handler+0x234>
1000178a:	f83a 303b 	ldrh.w	r3, [sl, fp, lsl #3]
1000178e:	f8a8 3008 	strh.w	r3, [r8, #8]
10001792:	f8d8 3010 	ldr.w	r3, [r8, #16]
10001796:	f3ef 8210 	mrs	r2, PRIMASK
1000179a:	b672      	cpsid	i
1000179c:	e8d3 0fcf 	ldaexb	r0, [r3]
100017a0:	2101      	movs	r1, #1
100017a2:	2800      	cmp	r0, #0
100017a4:	d1fa      	bne.n	1000179c <alarm_pool_irq_handler+0x27c>
100017a6:	e8c3 1f40 	strexb	r0, r1, [r3]
100017aa:	2800      	cmp	r0, #0
100017ac:	d1f6      	bne.n	1000179c <alarm_pool_irq_handler+0x27c>
100017ae:	f3bf 8f5f 	dmb	sy
100017b2:	f8b8 3002 	ldrh.w	r3, [r8, #2]
100017b6:	f8d8 1010 	ldr.w	r1, [r8, #16]
100017ba:	f82a 303b 	strh.w	r3, [sl, fp, lsl #3]
100017be:	2300      	movs	r3, #0
100017c0:	f8a8 4002 	strh.w	r4, [r8, #2]
100017c4:	e8c1 3f8f 	stlb	r3, [r1]
100017c8:	f382 8810 	msr	PRIMASK, r2
100017cc:	e6cb      	b.n	10001566 <alarm_pool_irq_handler+0x46>
100017ce:	bf40      	sev
100017d0:	b005      	add	sp, #20
100017d2:	ecbd 8b02 	vpop	{d8}
100017d6:	e8bd 8ff0 	ldmia.w	sp!, {r4, r5, r6, r7, r8, r9, sl, fp, pc}
100017da:	4638      	mov	r0, r7
100017dc:	e9cd 2302 	strd	r2, r3, [sp, #8]
100017e0:	f000 faba 	bl	10001d58 <timer_time_us_64>
100017e4:	9a02      	ldr	r2, [sp, #8]
100017e6:	9b03      	ldr	r3, [sp, #12]
100017e8:	1880      	adds	r0, r0, r2
100017ea:	eb43 0301 	adc.w	r3, r3, r1
100017ee:	e723      	b.n	10001638 <alarm_pool_irq_handler+0x118>
100017f0:	ffffffff 	.word	0xffffffff
100017f4:	ffffffff 	.word	0xffffffff
100017f8:	2000257c 	.word	0x2000257c
100017fc:	400b0000 	.word	0x400b0000
10001800:	400b8000 	.word	0x400b8000
10001804:	10001521 	.word	0x10001521
10001808:	696b      	ldr	r3, [r5, #20]
1000180a:	4618      	mov	r0, r3
1000180c:	691a      	ldr	r2, [r3, #16]
1000180e:	9302      	str	r3, [sp, #8]
10001810:	4790      	blx	r2
10001812:	2800      	cmp	r0, #0
10001814:	d0b9      	beq.n	1000178a <alarm_pool_irq_handler+0x26a>
10001816:	9b02      	ldr	r3, [sp, #8]
10001818:	e9d3 2300 	ldrd	r2, r3, [r3]
1000181c:	e701      	b.n	10001622 <alarm_pool_irq_handler+0x102>
1000181e:	bf00      	nop

10001820 <runtime_init_default_alarm_pool>:
10001820:	e92d 4ff8 	stmdb	sp!, {r3, r4, r5, r6, r7, r8, r9, sl, fp, lr}
10001824:	4c36      	ldr	r4, [pc, #216]	; (10001900 <runtime_init_default_alarm_pool+0xe0>)
10001826:	6925      	ldr	r5, [r4, #16]
10001828:	b12d      	cbz	r5, 10001836 <runtime_init_default_alarm_pool+0x16>
1000182a:	e8bd 4ff8 	ldmia.w	sp!, {r3, r4, r5, r6, r7, r8, r9, sl, fp, lr}
1000182e:	210a      	movs	r1, #10
10001830:	4834      	ldr	r0, [pc, #208]	; (10001904 <runtime_init_default_alarm_pool+0xe4>)
10001832:	f7ff bdf9 	b.w	10001428 <lock_init>
10001836:	f8df 80e4 	ldr.w	r8, [pc, #228]	; 1000191c <runtime_init_default_alarm_pool+0xfc>
1000183a:	2603      	movs	r6, #3
1000183c:	2103      	movs	r1, #3
1000183e:	4640      	mov	r0, r8
10001840:	f000 fa78 	bl	10001d34 <timer_hardware_alarm_claim>
10001844:	f8c4 800c 	str.w	r8, [r4, #12]
10001848:	f7ff fad2 	bl	10000df0 <next_striped_spin_lock_num>
1000184c:	f04f 4c50 	mov.w	ip, #3489660928	; 0xd0000000
10001850:	4b2d      	ldr	r3, [pc, #180]	; (10001908 <runtime_init_default_alarm_pool+0xe8>)
10001852:	7026      	strb	r6, [r4, #0]
10001854:	4418      	add	r0, r3
10001856:	f8dc 3000 	ldr.w	r3, [ip]
1000185a:	210f      	movs	r1, #15
1000185c:	7063      	strb	r3, [r4, #1]
1000185e:	6963      	ldr	r3, [r4, #20]
10001860:	8061      	strh	r1, [r4, #2]
10001862:	831d      	strh	r5, [r3, #24]
10001864:	f04f 0504 	mov.w	r5, #4
10001868:	f8a3 5078 	strh.w	r5, [r3, #120]	; 0x78
1000186c:	f04f 0505 	mov.w	r5, #5
10001870:	f8a3 5090 	strh.w	r5, [r3, #144]	; 0x90
10001874:	f04f 0506 	mov.w	r5, #6
10001878:	f8a3 50a8 	strh.w	r5, [r3, #168]	; 0xa8
1000187c:	f04f 0507 	mov.w	r5, #7
10001880:	210e      	movs	r1, #14
10001882:	6120      	str	r0, [r4, #16]
10001884:	2708      	movs	r7, #8
10001886:	f64f 72ff 	movw	r2, #65535	; 0xffff
1000188a:	f04f 0e0a 	mov.w	lr, #10
1000188e:	f8a3 50c0 	strh.w	r5, [r3, #192]	; 0xc0
10001892:	f04f 0901 	mov.w	r9, #1
10001896:	f04f 0c0c 	mov.w	ip, #12
1000189a:	f04f 0b02 	mov.w	fp, #2
1000189e:	f04f 0a09 	mov.w	sl, #9
100018a2:	200d      	movs	r0, #13
100018a4:	f04f 050b 	mov.w	r5, #11
100018a8:	f8a3 1168 	strh.w	r1, [r3, #360]	; 0x168
100018ac:	4917      	ldr	r1, [pc, #92]	; (1000190c <runtime_init_default_alarm_pool+0xec>)
100018ae:	80a2      	strh	r2, [r4, #4]
100018b0:	f8a3 e108 	strh.w	lr, [r3, #264]	; 0x108
100018b4:	60a1      	str	r1, [r4, #8]
100018b6:	f8a3 b048 	strh.w	fp, [r3, #72]	; 0x48
100018ba:	f8a3 a0f0 	strh.w	sl, [r3, #240]	; 0xf0
100018be:	f8a3 5120 	strh.w	r5, [r3, #288]	; 0x120
100018c2:	f8a3 c138 	strh.w	ip, [r3, #312]	; 0x138
100018c6:	f8a3 0150 	strh.w	r0, [r3, #336]	; 0x150
100018ca:	f8a3 9030 	strh.w	r9, [r3, #48]	; 0x30
100018ce:	f8a3 6060 	strh.w	r6, [r3, #96]	; 0x60
100018d2:	f8a3 70d8 	strh.w	r7, [r3, #216]	; 0xd8
100018d6:	801a      	strh	r2, [r3, #0]
100018d8:	4b0d      	ldr	r3, [pc, #52]	; (10001910 <runtime_init_default_alarm_pool+0xf0>)
100018da:	4630      	mov	r0, r6
100018dc:	f8c8 7020 	str.w	r7, [r8, #32]
100018e0:	490c      	ldr	r1, [pc, #48]	; (10001914 <runtime_init_default_alarm_pool+0xf4>)
100018e2:	60dc      	str	r4, [r3, #12]
100018e4:	f7ff fb18 	bl	10000f18 <irq_set_exclusive_handler>
100018e8:	4649      	mov	r1, r9
100018ea:	4630      	mov	r0, r6
100018ec:	f7ff fad0 	bl	10000e90 <irq_set_enabled>
100018f0:	4b09      	ldr	r3, [pc, #36]	; (10001918 <runtime_init_default_alarm_pool+0xf8>)
100018f2:	210a      	movs	r1, #10
100018f4:	601f      	str	r7, [r3, #0]
100018f6:	4803      	ldr	r0, [pc, #12]	; (10001904 <runtime_init_default_alarm_pool+0xe4>)
100018f8:	e8bd 4ff8 	ldmia.w	sp!, {r3, r4, r5, r6, r7, r8, r9, sl, fp, lr}
100018fc:	f7ff bd94 	b.w	10001428 <lock_init>
10001900:	2000136c 	.word	0x2000136c
10001904:	200025bc 	.word	0x200025bc
10001908:	20001fa4 	.word	0x20001fa4
1000190c:	0010ffff 	.word	0x0010ffff
10001910:	2000257c 	.word	0x2000257c
10001914:	10001521 	.word	0x10001521
10001918:	400b2040 	.word	0x400b2040
1000191c:	400b0000 	.word	0x400b0000

10001920 <alarm_pool_get_default>:
10001920:	4800      	ldr	r0, [pc, #0]	; (10001924 <alarm_pool_get_default+0x4>)
10001922:	4770      	bx	lr
10001924:	2000136c 	.word	0x2000136c

10001928 <alarm_pool_add_alarm_at>:
10001928:	e92d 41f0 	stmdb	sp!, {r4, r5, r6, r7, r8, lr}
1000192c:	f89d 5020 	ldrb.w	r5, [sp, #32]
10001930:	4604      	mov	r4, r0
10001932:	4617      	mov	r7, r2
10001934:	461e      	mov	r6, r3
10001936:	b935      	cbnz	r5, 10001946 <alarm_pool_add_alarm_at+0x1e>
10001938:	f000 fa16 	bl	10001d68 <time_us_64>
1000193c:	4287      	cmp	r7, r0
1000193e:	eb66 0101 	sbc.w	r1, r6, r1
10001942:	2900      	cmp	r1, #0
10001944:	db57      	blt.n	100019f6 <alarm_pool_add_alarm_at+0xce>
10001946:	6921      	ldr	r1, [r4, #16]
10001948:	f3ef 8010 	mrs	r0, PRIMASK
1000194c:	b672      	cpsid	i
1000194e:	e8d1 2fcf 	ldaexb	r2, [r1]
10001952:	2301      	movs	r3, #1
10001954:	2a00      	cmp	r2, #0
10001956:	d1fa      	bne.n	1000194e <alarm_pool_add_alarm_at+0x26>
10001958:	e8c1 3f42 	strexb	r2, r3, [r1]
1000195c:	2a00      	cmp	r2, #0
1000195e:	d1f6      	bne.n	1000194e <alarm_pool_add_alarm_at+0x26>
10001960:	f3bf 8f5f 	dmb	sy
10001964:	f9b4 2002 	ldrsh.w	r2, [r4, #2]
10001968:	f8d4 c014 	ldr.w	ip, [r4, #20]
1000196c:	eb02 0142 	add.w	r1, r2, r2, lsl #1
10001970:	2a00      	cmp	r2, #0
10001972:	ea4f 0ec1 	mov.w	lr, r1, lsl #3
10001976:	eb0c 01c1 	add.w	r1, ip, r1, lsl #3
1000197a:	db02      	blt.n	10001982 <alarm_pool_add_alarm_at+0x5a>
1000197c:	f83c 300e 	ldrh.w	r3, [ip, lr]
10001980:	8063      	strh	r3, [r4, #2]
10001982:	f04f 0800 	mov.w	r8, #0
10001986:	6923      	ldr	r3, [r4, #16]
10001988:	e8c3 8f8f 	stlb	r8, [r3]
1000198c:	f380 8810 	msr	PRIMASK, r0
10001990:	4542      	cmp	r2, r8
10001992:	db33      	blt.n	100019fc <alarm_pool_add_alarm_at+0xd4>
10001994:	8848      	ldrh	r0, [r1, #2]
10001996:	9b06      	ldr	r3, [sp, #24]
10001998:	3001      	adds	r0, #1
1000199a:	f3c0 000e 	ubfx	r0, r0, #0, #15
1000199e:	2801      	cmp	r0, #1
100019a0:	bf38      	it	cc
100019a2:	2001      	movcc	r0, #1
100019a4:	610b      	str	r3, [r1, #16]
100019a6:	9b07      	ldr	r3, [sp, #28]
100019a8:	8048      	strh	r0, [r1, #2]
100019aa:	614b      	str	r3, [r1, #20]
100019ac:	e9c1 7602 	strd	r7, r6, [r1, #8]
100019b0:	ea40 4002 	orr.w	r0, r0, r2, lsl #16
100019b4:	6923      	ldr	r3, [r4, #16]
100019b6:	f3ef 8110 	mrs	r1, PRIMASK
100019ba:	b672      	cpsid	i
100019bc:	e8d3 6fcf 	ldaexb	r6, [r3]
100019c0:	2501      	movs	r5, #1
100019c2:	2e00      	cmp	r6, #0
100019c4:	d1fa      	bne.n	100019bc <alarm_pool_add_alarm_at+0x94>
100019c6:	e8c3 5f46 	strexb	r6, r5, [r3]
100019ca:	2e00      	cmp	r6, #0
100019cc:	d1f6      	bne.n	100019bc <alarm_pool_add_alarm_at+0x94>
100019ce:	f3bf 8f5f 	dmb	sy
100019d2:	88a3      	ldrh	r3, [r4, #4]
100019d4:	f82c 300e 	strh.w	r3, [ip, lr]
100019d8:	80a2      	strh	r2, [r4, #4]
100019da:	6923      	ldr	r3, [r4, #16]
100019dc:	e8c3 8f8f 	stlb	r8, [r3]
100019e0:	f381 8810 	msr	PRIMASK, r1
100019e4:	2201      	movs	r2, #1
100019e6:	68e3      	ldr	r3, [r4, #12]
100019e8:	7821      	ldrb	r1, [r4, #0]
100019ea:	f503 5301 	add.w	r3, r3, #8256	; 0x2040
100019ee:	408a      	lsls	r2, r1
100019f0:	605a      	str	r2, [r3, #4]
100019f2:	e8bd 81f0 	ldmia.w	sp!, {r4, r5, r6, r7, r8, pc}
100019f6:	4628      	mov	r0, r5
100019f8:	e8bd 81f0 	ldmia.w	sp!, {r4, r5, r6, r7, r8, pc}
100019fc:	f04f 30ff 	mov.w	r0, #4294967295	; 0xffffffff
10001a00:	e7f7      	b.n	100019f2 <alarm_pool_add_alarm_at+0xca>
10001a02:	bf00      	nop

10001a04 <alarm_pool_add_alarm_at_force_in_context>:
10001a04:	4601      	mov	r1, r0
10001a06:	b5f0      	push	{r4, r5, r6, r7, lr}
10001a08:	6900      	ldr	r0, [r0, #16]
10001a0a:	f3ef 8710 	mrs	r7, PRIMASK
10001a0e:	b672      	cpsid	i
10001a10:	e8d0 5fcf 	ldaexb	r5, [r0]
10001a14:	2401      	movs	r4, #1
10001a16:	2d00      	cmp	r5, #0
10001a18:	d1fa      	bne.n	10001a10 <alarm_pool_add_alarm_at_force_in_context+0xc>
10001a1a:	e8c0 4f45 	strexb	r5, r4, [r0]
10001a1e:	2d00      	cmp	r5, #0
10001a20:	d1f6      	bne.n	10001a10 <alarm_pool_add_alarm_at_force_in_context+0xc>
10001a22:	f3bf 8f5f 	dmb	sy
10001a26:	f9b1 e002 	ldrsh.w	lr, [r1, #2]
10001a2a:	694c      	ldr	r4, [r1, #20]
10001a2c:	eb0e 0c4e 	add.w	ip, lr, lr, lsl #1
10001a30:	ea4f 06cc 	mov.w	r6, ip, lsl #3
10001a34:	f1be 0f00 	cmp.w	lr, #0
10001a38:	bfa8      	it	ge
10001a3a:	5ba0      	ldrhge	r0, [r4, r6]
10001a3c:	f04f 0500 	mov.w	r5, #0
10001a40:	bfa8      	it	ge
10001a42:	8048      	strhge	r0, [r1, #2]
10001a44:	eb04 0ccc 	add.w	ip, r4, ip, lsl #3
10001a48:	6908      	ldr	r0, [r1, #16]
10001a4a:	e8c0 5f8f 	stlb	r5, [r0]
10001a4e:	f387 8810 	msr	PRIMASK, r7
10001a52:	45ae      	cmp	lr, r5
10001a54:	db35      	blt.n	10001ac2 <alarm_pool_add_alarm_at_force_in_context+0xbe>
10001a56:	f8bc 0002 	ldrh.w	r0, [ip, #2]
10001a5a:	e9cc 2302 	strd	r2, r3, [ip, #8]
10001a5e:	3001      	adds	r0, #1
10001a60:	f3c0 000e 	ubfx	r0, r0, #0, #15
10001a64:	2801      	cmp	r0, #1
10001a66:	bf38      	it	cc
10001a68:	2001      	movcc	r0, #1
10001a6a:	9b05      	ldr	r3, [sp, #20]
10001a6c:	f8ac 0002 	strh.w	r0, [ip, #2]
10001a70:	f8cc 3010 	str.w	r3, [ip, #16]
10001a74:	9b06      	ldr	r3, [sp, #24]
10001a76:	ea40 400e 	orr.w	r0, r0, lr, lsl #16
10001a7a:	f8cc 3014 	str.w	r3, [ip, #20]
10001a7e:	690b      	ldr	r3, [r1, #16]
10001a80:	f3ef 8210 	mrs	r2, PRIMASK
10001a84:	b672      	cpsid	i
10001a86:	e8d3 cfcf 	ldaexb	ip, [r3]
10001a8a:	2701      	movs	r7, #1
10001a8c:	f1bc 0f00 	cmp.w	ip, #0
10001a90:	d1f9      	bne.n	10001a86 <alarm_pool_add_alarm_at_force_in_context+0x82>
10001a92:	e8c3 7f4c 	strexb	ip, r7, [r3]
10001a96:	f1bc 0f00 	cmp.w	ip, #0
10001a9a:	d1f4      	bne.n	10001a86 <alarm_pool_add_alarm_at_force_in_context+0x82>
10001a9c:	f3bf 8f5f 	dmb	sy
10001aa0:	888b      	ldrh	r3, [r1, #4]
10001aa2:	53a3      	strh	r3, [r4, r6]
10001aa4:	f8a1 e004 	strh.w	lr, [r1, #4]
10001aa8:	690b      	ldr	r3, [r1, #16]
10001aaa:	e8c3 5f8f 	stlb	r5, [r3]
10001aae:	f382 8810 	msr	PRIMASK, r2
10001ab2:	2201      	movs	r2, #1
10001ab4:	68cb      	ldr	r3, [r1, #12]
10001ab6:	7809      	ldrb	r1, [r1, #0]
10001ab8:	f503 5301 	add.w	r3, r3, #8256	; 0x2040
10001abc:	408a      	lsls	r2, r1
10001abe:	605a      	str	r2, [r3, #4]
10001ac0:	bdf0      	pop	{r4, r5, r6, r7, pc}
10001ac2:	f04f 30ff 	mov.w	r0, #4294967295	; 0xffffffff
10001ac6:	bdf0      	pop	{r4, r5, r6, r7, pc}

10001ac8 <alarm_pool_cancel_alarm>:
10001ac8:	8942      	ldrh	r2, [r0, #10]
10001aca:	ebb2 4f21 	cmp.w	r2, r1, asr #16
10001ace:	dd38      	ble.n	10001b42 <alarm_pool_cancel_alarm+0x7a>
10001ad0:	6942      	ldr	r2, [r0, #20]
10001ad2:	140b      	asrs	r3, r1, #16
10001ad4:	eb03 0343 	add.w	r3, r3, r3, lsl #1
10001ad8:	b510      	push	{r4, lr}
10001ada:	eb02 03c3 	add.w	r3, r2, r3, lsl #3
10001ade:	6904      	ldr	r4, [r0, #16]
10001ae0:	f3ef 8c10 	mrs	ip, PRIMASK
10001ae4:	b672      	cpsid	i
10001ae6:	e8d4 efcf 	ldaexb	lr, [r4]
10001aea:	2201      	movs	r2, #1
10001aec:	f1be 0f00 	cmp.w	lr, #0
10001af0:	d1f9      	bne.n	10001ae6 <alarm_pool_cancel_alarm+0x1e>
10001af2:	e8c4 2f4e 	strexb	lr, r2, [r4]
10001af6:	f1be 0f00 	cmp.w	lr, #0
10001afa:	d1f4      	bne.n	10001ae6 <alarm_pool_cancel_alarm+0x1e>
10001afc:	f3bf 8f5f 	dmb	sy
10001b00:	885a      	ldrh	r2, [r3, #2]
10001b02:	b289      	uxth	r1, r1
10001b04:	b292      	uxth	r2, r2
10001b06:	428a      	cmp	r2, r1
10001b08:	d007      	beq.n	10001b1a <alarm_pool_cancel_alarm+0x52>
10001b0a:	2300      	movs	r3, #0
10001b0c:	6902      	ldr	r2, [r0, #16]
10001b0e:	e8c2 3f8f 	stlb	r3, [r2]
10001b12:	f38c 8810 	msr	PRIMASK, ip
10001b16:	4618      	mov	r0, r3
10001b18:	bd10      	pop	{r4, pc}
10001b1a:	f442 4200 	orr.w	r2, r2, #32768	; 0x8000
10001b1e:	805a      	strh	r2, [r3, #2]
10001b20:	2301      	movs	r3, #1
10001b22:	2200      	movs	r2, #0
10001b24:	6901      	ldr	r1, [r0, #16]
10001b26:	7183      	strb	r3, [r0, #6]
10001b28:	e8c1 2f8f 	stlb	r2, [r1]
10001b2c:	f38c 8810 	msr	PRIMASK, ip
10001b30:	68c2      	ldr	r2, [r0, #12]
10001b32:	7801      	ldrb	r1, [r0, #0]
10001b34:	f502 5201 	add.w	r2, r2, #8256	; 0x2040
10001b38:	fa03 f101 	lsl.w	r1, r3, r1
10001b3c:	4618      	mov	r0, r3
10001b3e:	6051      	str	r1, [r2, #4]
10001b40:	bd10      	pop	{r4, pc}
10001b42:	2000      	movs	r0, #0
10001b44:	4770      	bx	lr
10001b46:	bf00      	nop

10001b48 <alarm_pool_core_num>:
10001b48:	7840      	ldrb	r0, [r0, #1]
10001b4a:	4770      	bx	lr

10001b4c <sleep_until>:
10001b4c:	e92d 43f0 	stmdb	sp!, {r4, r5, r6, r7, r8, r9, lr}
10001b50:	1f86      	subs	r6, r0, #6
10001b52:	f141 35ff 	adc.w	r5, r1, #4294967295	; 0xffffffff
10001b56:	42b0      	cmp	r0, r6
10001b58:	eb71 0305 	sbcs.w	r3, r1, r5
10001b5c:	bf38      	it	cc
10001b5e:	2600      	movcc	r6, #0
10001b60:	b083      	sub	sp, #12
10001b62:	bf38      	it	cc
10001b64:	4635      	movcc	r5, r6
10001b66:	4604      	mov	r4, r0
10001b68:	460f      	mov	r7, r1
10001b6a:	f000 f8fd 	bl	10001d68 <time_us_64>
10001b6e:	1a30      	subs	r0, r6, r0
10001b70:	eb65 0101 	sbc.w	r1, r5, r1
10001b74:	2801      	cmp	r0, #1
10001b76:	f171 0300 	sbcs.w	r3, r1, #0
10001b7a:	da06      	bge.n	10001b8a <sleep_until+0x3e>
10001b7c:	4620      	mov	r0, r4
10001b7e:	4639      	mov	r1, r7
10001b80:	b003      	add	sp, #12
10001b82:	e8bd 43f0 	ldmia.w	sp!, {r4, r5, r6, r7, r8, r9, lr}
10001b86:	f000 b8f9 	b.w	10001d7c <busy_wait_until>
10001b8a:	f000 f8ed 	bl	10001d68 <time_us_64>
10001b8e:	4286      	cmp	r6, r0
10001b90:	eb65 0101 	sbc.w	r1, r5, r1
10001b94:	2900      	cmp	r1, #0
10001b96:	db0a      	blt.n	10001bae <sleep_until+0x62>
10001b98:	2100      	movs	r1, #0
10001b9a:	4b1c      	ldr	r3, [pc, #112]	; (10001c0c <sleep_until+0xc0>)
10001b9c:	4632      	mov	r2, r6
10001b9e:	9300      	str	r3, [sp, #0]
10001ba0:	481b      	ldr	r0, [pc, #108]	; (10001c10 <sleep_until+0xc4>)
10001ba2:	462b      	mov	r3, r5
10001ba4:	9101      	str	r1, [sp, #4]
10001ba6:	f7ff ff2d 	bl	10001a04 <alarm_pool_add_alarm_at_force_in_context>
10001baa:	2800      	cmp	r0, #0
10001bac:	dbe6      	blt.n	10001b7c <sleep_until+0x30>
10001bae:	f04f 0e00 	mov.w	lr, #0
10001bb2:	f8df c068 	ldr.w	ip, [pc, #104]	; 10001c1c <sleep_until+0xd0>
10001bb6:	4917      	ldr	r1, [pc, #92]	; (10001c14 <sleep_until+0xc8>)
10001bb8:	4a17      	ldr	r2, [pc, #92]	; (10001c18 <sleep_until+0xcc>)
10001bba:	f8dc 3024 	ldr.w	r3, [ip, #36]	; 0x24
10001bbe:	429d      	cmp	r5, r3
10001bc0:	d805      	bhi.n	10001bce <sleep_until+0x82>
10001bc2:	f8dc 0028 	ldr.w	r0, [ip, #40]	; 0x28
10001bc6:	42b0      	cmp	r0, r6
10001bc8:	d2d8      	bcs.n	10001b7c <sleep_until+0x30>
10001bca:	429d      	cmp	r5, r3
10001bcc:	d1d6      	bne.n	10001b7c <sleep_until+0x30>
10001bce:	680b      	ldr	r3, [r1, #0]
10001bd0:	f3ef 8810 	mrs	r8, PRIMASK
10001bd4:	b672      	cpsid	i
10001bd6:	e8d3 9fcf 	ldaexb	r9, [r3]
10001bda:	2001      	movs	r0, #1
10001bdc:	f1b9 0f00 	cmp.w	r9, #0
10001be0:	d1f9      	bne.n	10001bd6 <sleep_until+0x8a>
10001be2:	e8c3 0f49 	strexb	r9, r0, [r3]
10001be6:	f1b9 0f00 	cmp.w	r9, #0
10001bea:	d1f4      	bne.n	10001bd6 <sleep_until+0x8a>
10001bec:	f3bf 8f5f 	dmb	sy
10001bf0:	7810      	ldrb	r0, [r2, #0]
10001bf2:	680b      	ldr	r3, [r1, #0]
10001bf4:	b2c0      	uxtb	r0, r0
10001bf6:	e8c3 ef8f 	stlb	lr, [r3]
10001bfa:	f388 8810 	msr	PRIMASK, r8
10001bfe:	7813      	ldrb	r3, [r2, #0]
10001c00:	4283      	cmp	r3, r0
10001c02:	d100      	bne.n	10001c06 <sleep_until+0xba>
10001c04:	bf20      	wfe
10001c06:	bf20      	wfe
10001c08:	e7d7      	b.n	10001bba <sleep_until+0x6e>
10001c0a:	bf00      	nop
10001c0c:	100014d1 	.word	0x100014d1
10001c10:	2000136c 	.word	0x2000136c
10001c14:	200025bc 	.word	0x200025bc
10001c18:	200025ea 	.word	0x200025ea
10001c1c:	400b0000 	.word	0x400b0000

10001c20 <sleep_ms>:
10001c20:	b510      	push	{r4, lr}
10001c22:	4604      	mov	r4, r0
10001c24:	f000 f8a0 	bl	10001d68 <time_us_64>
10001c28:	f44f 737a 	mov.w	r3, #1000	; 0x3e8
10001c2c:	fbe4 0103 	umlal	r0, r1, r4, r3
10001c30:	e8bd 4010 	ldmia.w	sp!, {r4, lr}
10001c34:	2900      	cmp	r1, #0
10001c36:	bfbc      	itt	lt
10001c38:	f04f 30ff 	movlt.w	r0, #4294967295	; 0xffffffff
10001c3c:	f06f 4100 	mvnlt.w	r1, #2147483648	; 0x80000000
10001c40:	f7ff bf84 	b.w	10001b4c <sleep_until>

10001c44 <best_effort_wfe_or_timeout>:
10001c44:	e92d 47f0 	stmdb	sp!, {r4, r5, r6, r7, r8, r9, sl, lr}
10001c48:	4605      	mov	r5, r0
10001c4a:	460c      	mov	r4, r1
10001c4c:	b082      	sub	sp, #8
10001c4e:	f3ef 8705 	mrs	r7, IPSR
10001c52:	b2ff      	uxtb	r7, r7
10001c54:	2f00      	cmp	r7, #0
10001c56:	d151      	bne.n	10001cfc <best_effort_wfe_or_timeout+0xb8>
10001c58:	4e32      	ldr	r6, [pc, #200]	; (10001d24 <best_effort_wfe_or_timeout+0xe0>)
10001c5a:	e9d6 2300 	ldrd	r2, r3, [r6]
10001c5e:	428b      	cmp	r3, r1
10001c60:	bf08      	it	eq
10001c62:	4282      	cmpeq	r2, r0
10001c64:	d03c      	beq.n	10001ce0 <best_effort_wfe_or_timeout+0x9c>
10001c66:	f8df 80c8 	ldr.w	r8, [pc, #200]	; 10001d30 <best_effort_wfe_or_timeout+0xec>
10001c6a:	f8d8 a00c 	ldr.w	sl, [r8, #12]
10001c6e:	f898 9000 	ldrb.w	r9, [r8]
10001c72:	4650      	mov	r0, sl
10001c74:	f000 f870 	bl	10001d58 <timer_time_us_64>
10001c78:	f109 0904 	add.w	r9, r9, #4
10001c7c:	f85a 3029 	ldr.w	r3, [sl, r9, lsl #2]
10001c80:	1a1b      	subs	r3, r3, r0
10001c82:	1a28      	subs	r0, r5, r0
10001c84:	eb64 0101 	sbc.w	r1, r4, r1
10001c88:	4298      	cmp	r0, r3
10001c8a:	f171 0300 	sbcs.w	r3, r1, #0
10001c8e:	da27      	bge.n	10001ce0 <best_effort_wfe_or_timeout+0x9c>
10001c90:	f000 f86a 	bl	10001d68 <time_us_64>
10001c94:	4285      	cmp	r5, r0
10001c96:	eb64 0101 	sbc.w	r1, r4, r1
10001c9a:	2900      	cmp	r1, #0
10001c9c:	db15      	blt.n	10001cca <best_effort_wfe_or_timeout+0x86>
10001c9e:	4b22      	ldr	r3, [pc, #136]	; (10001d28 <best_effort_wfe_or_timeout+0xe4>)
10001ca0:	4640      	mov	r0, r8
10001ca2:	9300      	str	r3, [sp, #0]
10001ca4:	462a      	mov	r2, r5
10001ca6:	4623      	mov	r3, r4
10001ca8:	9701      	str	r7, [sp, #4]
10001caa:	f7ff feab 	bl	10001a04 <alarm_pool_add_alarm_at_force_in_context>
10001cae:	1e01      	subs	r1, r0, #0
10001cb0:	dd0b      	ble.n	10001cca <best_effort_wfe_or_timeout+0x86>
10001cb2:	4b1e      	ldr	r3, [pc, #120]	; (10001d2c <best_effort_wfe_or_timeout+0xe8>)
10001cb4:	e9c6 5400 	strd	r5, r4, [r6]
10001cb8:	6a5a      	ldr	r2, [r3, #36]	; 0x24
10001cba:	4294      	cmp	r4, r2
10001cbc:	d82f      	bhi.n	10001d1e <best_effort_wfe_or_timeout+0xda>
10001cbe:	6a9b      	ldr	r3, [r3, #40]	; 0x28
10001cc0:	42ab      	cmp	r3, r5
10001cc2:	d32a      	bcc.n	10001d1a <best_effort_wfe_or_timeout+0xd6>
10001cc4:	481a      	ldr	r0, [pc, #104]	; (10001d30 <best_effort_wfe_or_timeout+0xec>)
10001cc6:	f7ff feff 	bl	10001ac8 <alarm_pool_cancel_alarm>
10001cca:	4b18      	ldr	r3, [pc, #96]	; (10001d2c <best_effort_wfe_or_timeout+0xe8>)
10001ccc:	6a58      	ldr	r0, [r3, #36]	; 0x24
10001cce:	4284      	cmp	r4, r0
10001cd0:	d818      	bhi.n	10001d04 <best_effort_wfe_or_timeout+0xc0>
10001cd2:	6a9b      	ldr	r3, [r3, #40]	; 0x28
10001cd4:	42ab      	cmp	r3, r5
10001cd6:	d30b      	bcc.n	10001cf0 <best_effort_wfe_or_timeout+0xac>
10001cd8:	2001      	movs	r0, #1
10001cda:	b002      	add	sp, #8
10001cdc:	e8bd 87f0 	ldmia.w	sp!, {r4, r5, r6, r7, r8, r9, sl, pc}
10001ce0:	bf20      	wfe
10001ce2:	4a12      	ldr	r2, [pc, #72]	; (10001d2c <best_effort_wfe_or_timeout+0xe8>)
10001ce4:	6a50      	ldr	r0, [r2, #36]	; 0x24
10001ce6:	4284      	cmp	r4, r0
10001ce8:	d80c      	bhi.n	10001d04 <best_effort_wfe_or_timeout+0xc0>
10001cea:	6a93      	ldr	r3, [r2, #40]	; 0x28
10001cec:	42ab      	cmp	r3, r5
10001cee:	d2f3      	bcs.n	10001cd8 <best_effort_wfe_or_timeout+0x94>
10001cf0:	1a20      	subs	r0, r4, r0
10001cf2:	bf18      	it	ne
10001cf4:	2001      	movne	r0, #1
10001cf6:	b002      	add	sp, #8
10001cf8:	e8bd 87f0 	ldmia.w	sp!, {r4, r5, r6, r7, r8, r9, sl, pc}
10001cfc:	4a0b      	ldr	r2, [pc, #44]	; (10001d2c <best_effort_wfe_or_timeout+0xe8>)
10001cfe:	6a50      	ldr	r0, [r2, #36]	; 0x24
10001d00:	4288      	cmp	r0, r1
10001d02:	d203      	bcs.n	10001d0c <best_effort_wfe_or_timeout+0xc8>
10001d04:	2000      	movs	r0, #0
10001d06:	b002      	add	sp, #8
10001d08:	e8bd 87f0 	ldmia.w	sp!, {r4, r5, r6, r7, r8, r9, sl, pc}
10001d0c:	6a93      	ldr	r3, [r2, #40]	; 0x28
10001d0e:	42ab      	cmp	r3, r5
10001d10:	d2e2      	bcs.n	10001cd8 <best_effort_wfe_or_timeout+0x94>
10001d12:	1a40      	subs	r0, r0, r1
10001d14:	bf18      	it	ne
10001d16:	2001      	movne	r0, #1
10001d18:	e7df      	b.n	10001cda <best_effort_wfe_or_timeout+0x96>
10001d1a:	4294      	cmp	r4, r2
10001d1c:	d1d2      	bne.n	10001cc4 <best_effort_wfe_or_timeout+0x80>
10001d1e:	bf20      	wfe
10001d20:	e7d0      	b.n	10001cc4 <best_effort_wfe_or_timeout+0x80>
10001d22:	bf00      	nop
10001d24:	20001388 	.word	0x20001388
10001d28:	100014d1 	.word	0x100014d1
10001d2c:	400b0000 	.word	0x400b0000
10001d30:	2000136c 	.word	0x2000136c

10001d34 <timer_hardware_alarm_claim>:
10001d34:	b410      	push	{r4}
10001d36:	4b05      	ldr	r3, [pc, #20]	; (10001d4c <timer_hardware_alarm_claim+0x18>)
10001d38:	4c05      	ldr	r4, [pc, #20]	; (10001d50 <timer_hardware_alarm_claim+0x1c>)
10001d3a:	4a06      	ldr	r2, [pc, #24]	; (10001d54 <timer_hardware_alarm_claim+0x20>)
10001d3c:	42a0      	cmp	r0, r4
10001d3e:	bf14      	ite	ne
10001d40:	4618      	movne	r0, r3
10001d42:	1c58      	addeq	r0, r3, #1
10001d44:	f85d 4b04 	ldr.w	r4, [sp], #4
10001d48:	f7fe bfd6 	b.w	10000cf8 <hw_claim_or_assert>
10001d4c:	20002100 	.word	0x20002100
10001d50:	400b8000 	.word	0x400b8000
10001d54:	10007a00 	.word	0x10007a00

10001d58 <timer_time_us_64>:
10001d58:	6a41      	ldr	r1, [r0, #36]	; 0x24
10001d5a:	460b      	mov	r3, r1
10001d5c:	6a82      	ldr	r2, [r0, #40]	; 0x28
10001d5e:	6a41      	ldr	r1, [r0, #36]	; 0x24
10001d60:	428b      	cmp	r3, r1
10001d62:	d1fa      	bne.n	10001d5a <timer_time_us_64+0x2>
10001d64:	4610      	mov	r0, r2
10001d66:	4770      	bx	lr

10001d68 <time_us_64>:
10001d68:	4b03      	ldr	r3, [pc, #12]	; (10001d78 <time_us_64+0x10>)
10001d6a:	6a59      	ldr	r1, [r3, #36]	; 0x24
10001d6c:	460a      	mov	r2, r1
10001d6e:	6a98      	ldr	r0, [r3, #40]	; 0x28
10001d70:	6a59      	ldr	r1, [r3, #36]	; 0x24
10001d72:	4291      	cmp	r1, r2
10001d74:	d1fa      	bne.n	10001d6c <time_us_64+0x4>
10001d76:	4770      	bx	lr
10001d78:	400b0000 	.word	0x400b0000

10001d7c <busy_wait_until>:
10001d7c:	4a07      	ldr	r2, [pc, #28]	; (10001d9c <busy_wait_until+0x20>)
10001d7e:	6a53      	ldr	r3, [r2, #36]	; 0x24
10001d80:	4299      	cmp	r1, r3
10001d82:	d8fc      	bhi.n	10001d7e <busy_wait_until+0x2>
10001d84:	4299      	cmp	r1, r3
10001d86:	d107      	bne.n	10001d98 <busy_wait_until+0x1c>
10001d88:	4b04      	ldr	r3, [pc, #16]	; (10001d9c <busy_wait_until+0x20>)
10001d8a:	e002      	b.n	10001d92 <busy_wait_until+0x16>
10001d8c:	6a5a      	ldr	r2, [r3, #36]	; 0x24
10001d8e:	4291      	cmp	r1, r2
10001d90:	d102      	bne.n	10001d98 <busy_wait_until+0x1c>
10001d92:	6a9a      	ldr	r2, [r3, #40]	; 0x28
10001d94:	4282      	cmp	r2, r0
10001d96:	d3f9      	bcc.n	10001d8c <busy_wait_until+0x10>
10001d98:	4770      	bx	lr
10001d9a:	bf00      	nop
10001d9c:	400b0000 	.word	0x400b0000

10001da0 <clock_configure_undivided>:
10001da0:	eb00 0c40 	add.w	ip, r0, r0, lsl #1
10001da4:	ea4f 0c8c 	mov.w	ip, ip, lsl #2
10001da8:	f10c 4c80 	add.w	ip, ip, #1073741824	; 0x40000000
10001dac:	f50c 3c80 	add.w	ip, ip, #65536	; 0x10000
10001db0:	b570      	push	{r4, r5, r6, lr}
10001db2:	f8dc 4004 	ldr.w	r4, [ip, #4]
10001db6:	f1a0 0e04 	sub.w	lr, r0, #4
10001dba:	f5b4 3f80 	cmp.w	r4, #65536	; 0x10000
10001dbe:	bf38      	it	cc
10001dc0:	f44f 3480 	movcc.w	r4, #65536	; 0x10000
10001dc4:	fa5f fe8e 	uxtb.w	lr, lr
10001dc8:	bf38      	it	cc
10001dca:	f8cc 4004 	strcc.w	r4, [ip, #4]
10001dce:	f1be 0f01 	cmp.w	lr, #1
10001dd2:	d929      	bls.n	10001e28 <clock_configure_undivided+0x88>
10001dd4:	f44f 6600 	mov.w	r6, #2048	; 0x800
10001dd8:	4d24      	ldr	r5, [pc, #144]	; (10001e6c <clock_configure_undivided+0xcc>)
10001dda:	f50c 5440 	add.w	r4, ip, #12288	; 0x3000
10001dde:	6026      	str	r6, [r4, #0]
10001de0:	f855 6020 	ldr.w	r6, [r5, r0, lsl #2]
10001de4:	b9be      	cbnz	r6, 10001e16 <clock_configure_undivided+0x76>
10001de6:	f8dc 4000 	ldr.w	r4, [ip]
10001dea:	f50c 5680 	add.w	r6, ip, #4096	; 0x1000
10001dee:	ea84 1242 	eor.w	r2, r4, r2, lsl #5
10001df2:	f002 02e0 	and.w	r2, r2, #224	; 0xe0
10001df6:	f1be 0f01 	cmp.w	lr, #1
10001dfa:	6032      	str	r2, [r6, #0]
10001dfc:	d928      	bls.n	10001e50 <clock_configure_undivided+0xb0>
10001dfe:	f44f 6100 	mov.w	r1, #2048	; 0x800
10001e02:	f845 3020 	str.w	r3, [r5, r0, lsl #2]
10001e06:	f44f 3380 	mov.w	r3, #65536	; 0x10000
10001e0a:	f50c 5200 	add.w	r2, ip, #8192	; 0x2000
10001e0e:	6011      	str	r1, [r2, #0]
10001e10:	f8cc 3004 	str.w	r3, [ip, #4]
10001e14:	bd70      	pop	{r4, r5, r6, pc}
10001e16:	696c      	ldr	r4, [r5, #20]
10001e18:	fbb4 f4f6 	udiv	r4, r4, r6
10001e1c:	3401      	adds	r4, #1
10001e1e:	eb04 0444 	add.w	r4, r4, r4, lsl #1
10001e22:	3c03      	subs	r4, #3
10001e24:	d2fd      	bcs.n	10001e22 <clock_configure_undivided+0x82>
10001e26:	e7de      	b.n	10001de6 <clock_configure_undivided+0x46>
10001e28:	2901      	cmp	r1, #1
10001e2a:	d1d3      	bne.n	10001dd4 <clock_configure_undivided+0x34>
10001e2c:	2503      	movs	r5, #3
10001e2e:	f50c 5440 	add.w	r4, ip, #12288	; 0x3000
10001e32:	6025      	str	r5, [r4, #0]
10001e34:	f8dc 4008 	ldr.w	r4, [ip, #8]
10001e38:	07e4      	lsls	r4, r4, #31
10001e3a:	d5fb      	bpl.n	10001e34 <clock_configure_undivided+0x94>
10001e3c:	f8dc 4000 	ldr.w	r4, [ip]
10001e40:	f50c 5680 	add.w	r6, ip, #4096	; 0x1000
10001e44:	ea84 1242 	eor.w	r2, r4, r2, lsl #5
10001e48:	f002 02e0 	and.w	r2, r2, #224	; 0xe0
10001e4c:	4d07      	ldr	r5, [pc, #28]	; (10001e6c <clock_configure_undivided+0xcc>)
10001e4e:	6032      	str	r2, [r6, #0]
10001e50:	2201      	movs	r2, #1
10001e52:	f8dc 4000 	ldr.w	r4, [ip]
10001e56:	404c      	eors	r4, r1
10001e58:	f004 0403 	and.w	r4, r4, #3
10001e5c:	6034      	str	r4, [r6, #0]
10001e5e:	fa02 f101 	lsl.w	r1, r2, r1
10001e62:	f8dc 2008 	ldr.w	r2, [ip, #8]
10001e66:	420a      	tst	r2, r1
10001e68:	d0fb      	beq.n	10001e62 <clock_configure_undivided+0xc2>
10001e6a:	e7c8      	b.n	10001dfe <clock_configure_undivided+0x5e>
10001e6c:	20002104 	.word	0x20002104

10001e70 <clock_get_hz>:
10001e70:	4b01      	ldr	r3, [pc, #4]	; (10001e78 <clock_get_hz+0x8>)
10001e72:	f853 0020 	ldr.w	r0, [r3, r0, lsl #2]
10001e76:	4770      	bx	lr
10001e78:	20002104 	.word	0x20002104

10001e7c <pll_init>:
10001e7c:	b470      	push	{r4, r5, r6}
10001e7e:	9c03      	ldr	r4, [sp, #12]
10001e80:	6805      	ldr	r5, [r0, #0]
10001e82:	0324      	lsls	r4, r4, #12
10001e84:	ea44 4303 	orr.w	r3, r4, r3, lsl #16
10001e88:	4c1b      	ldr	r4, [pc, #108]	; (10001ef8 <pll_init+0x7c>)
10001e8a:	2d00      	cmp	r5, #0
10001e8c:	fbb4 f4f1 	udiv	r4, r4, r1
10001e90:	fbb2 f2f4 	udiv	r2, r2, r4
10001e94:	db1f      	blt.n	10001ed6 <pll_init+0x5a>
10001e96:	4d19      	ldr	r5, [pc, #100]	; (10001efc <pll_init+0x80>)
10001e98:	4c19      	ldr	r4, [pc, #100]	; (10001f00 <pll_init+0x84>)
10001e9a:	42a8      	cmp	r0, r5
10001e9c:	bf0c      	ite	eq
10001e9e:	f44f 4500 	moveq.w	r5, #32768	; 0x8000
10001ea2:	f44f 4580 	movne.w	r5, #16384	; 0x4000
10001ea6:	4e17      	ldr	r6, [pc, #92]	; (10001f04 <pll_init+0x88>)
10001ea8:	6025      	str	r5, [r4, #0]
10001eaa:	f504 5480 	add.w	r4, r4, #4096	; 0x1000
10001eae:	6025      	str	r5, [r4, #0]
10001eb0:	68b4      	ldr	r4, [r6, #8]
10001eb2:	ea35 0404 	bics.w	r4, r5, r4
10001eb6:	d1fb      	bne.n	10001eb0 <pll_init+0x34>
10001eb8:	2521      	movs	r5, #33	; 0x21
10001eba:	f500 5440 	add.w	r4, r0, #12288	; 0x3000
10001ebe:	3404      	adds	r4, #4
10001ec0:	6001      	str	r1, [r0, #0]
10001ec2:	6082      	str	r2, [r0, #8]
10001ec4:	6025      	str	r5, [r4, #0]
10001ec6:	6802      	ldr	r2, [r0, #0]
10001ec8:	2a00      	cmp	r2, #0
10001eca:	dafc      	bge.n	10001ec6 <pll_init+0x4a>
10001ecc:	2208      	movs	r2, #8
10001ece:	60c3      	str	r3, [r0, #12]
10001ed0:	6022      	str	r2, [r4, #0]
10001ed2:	bc70      	pop	{r4, r5, r6}
10001ed4:	4770      	bx	lr
10001ed6:	6804      	ldr	r4, [r0, #0]
10001ed8:	f004 043f 	and.w	r4, r4, #63	; 0x3f
10001edc:	428c      	cmp	r4, r1
10001ede:	d1da      	bne.n	10001e96 <pll_init+0x1a>
10001ee0:	6884      	ldr	r4, [r0, #8]
10001ee2:	f3c4 040b 	ubfx	r4, r4, #0, #12
10001ee6:	4294      	cmp	r4, r2
10001ee8:	d1d5      	bne.n	10001e96 <pll_init+0x1a>
10001eea:	68c4      	ldr	r4, [r0, #12]
10001eec:	f404 24ee 	and.w	r4, r4, #487424	; 0x77000
10001ef0:	429c      	cmp	r4, r3
10001ef2:	d1d0      	bne.n	10001e96 <pll_init+0x1a>
10001ef4:	e7ed      	b.n	10001ed2 <pll_init+0x56>
10001ef6:	bf00      	nop
10001ef8:	00b71b00 	.word	0x00b71b00
10001efc:	40058000 	.word	0x40058000
10001f00:	40022000 	.word	0x40022000
10001f04:	40020000 	.word	0x40020000

10001f08 <watchdog_reboot>:
10001f08:	b430      	push	{r4, r5}
10001f0a:	f04f 4480 	mov.w	r4, #1073741824	; 0x40000000
10001f0e:	4b1d      	ldr	r3, [pc, #116]	; (10001f84 <watchdog_reboot+0x7c>)
10001f10:	601c      	str	r4, [r3, #0]
10001f12:	b1e0      	cbz	r0, 10001f4e <watchdog_reboot+0x46>
10001f14:	4c1c      	ldr	r4, [pc, #112]	; (10001f88 <watchdog_reboot+0x80>)
10001f16:	f5a3 5340 	sub.w	r3, r3, #12288	; 0x3000
10001f1a:	61dc      	str	r4, [r3, #28]
10001f1c:	4c1b      	ldr	r4, [pc, #108]	; (10001f8c <watchdog_reboot+0x84>)
10001f1e:	f040 0001 	orr.w	r0, r0, #1
10001f22:	4044      	eors	r4, r0
10001f24:	621c      	str	r4, [r3, #32]
10001f26:	6259      	str	r1, [r3, #36]	; 0x24
10001f28:	6298      	str	r0, [r3, #40]	; 0x28
10001f2a:	f04f 4580 	mov.w	r5, #1073741824	; 0x40000000
10001f2e:	f04f 61e0 	mov.w	r1, #117440512	; 0x7000000
10001f32:	4b14      	ldr	r3, [pc, #80]	; (10001f84 <watchdog_reboot+0x7c>)
10001f34:	4816      	ldr	r0, [pc, #88]	; (10001f90 <watchdog_reboot+0x88>)
10001f36:	4c17      	ldr	r4, [pc, #92]	; (10001f94 <watchdog_reboot+0x8c>)
10001f38:	601d      	str	r5, [r3, #0]
10001f3a:	6084      	str	r4, [r0, #8]
10001f3c:	6019      	str	r1, [r3, #0]
10001f3e:	b94a      	cbnz	r2, 10001f54 <watchdog_reboot+0x4c>
10001f40:	bc30      	pop	{r4, r5}
10001f42:	f04f 4200 	mov.w	r2, #2147483648	; 0x80000000
10001f46:	f5a3 5380 	sub.w	r3, r3, #4096	; 0x1000
10001f4a:	601a      	str	r2, [r3, #0]
10001f4c:	4770      	bx	lr
10001f4e:	4b12      	ldr	r3, [pc, #72]	; (10001f98 <watchdog_reboot+0x90>)
10001f50:	61d8      	str	r0, [r3, #28]
10001f52:	e7ea      	b.n	10001f2a <watchdog_reboot+0x22>
10001f54:	f44f 737a 	mov.w	r3, #1000	; 0x3e8
10001f58:	fb03 f202 	mul.w	r2, r3, r2
10001f5c:	f1b2 7f80 	cmp.w	r2, #16777216	; 0x1000000
10001f60:	d209      	bcs.n	10001f76 <watchdog_reboot+0x6e>
10001f62:	4b0e      	ldr	r3, [pc, #56]	; (10001f9c <watchdog_reboot+0x94>)
10001f64:	601a      	str	r2, [r3, #0]
10001f66:	f04f 4180 	mov.w	r1, #1073741824	; 0x40000000
10001f6a:	bc30      	pop	{r4, r5}
10001f6c:	480a      	ldr	r0, [pc, #40]	; (10001f98 <watchdog_reboot+0x90>)
10001f6e:	4b0c      	ldr	r3, [pc, #48]	; (10001fa0 <watchdog_reboot+0x98>)
10001f70:	6042      	str	r2, [r0, #4]
10001f72:	6019      	str	r1, [r3, #0]
10001f74:	4770      	bx	lr
10001f76:	f06f 437f 	mvn.w	r3, #4278190080	; 0xff000000
10001f7a:	4908      	ldr	r1, [pc, #32]	; (10001f9c <watchdog_reboot+0x94>)
10001f7c:	461a      	mov	r2, r3
10001f7e:	600b      	str	r3, [r1, #0]
10001f80:	e7f1      	b.n	10001f66 <watchdog_reboot+0x5e>
10001f82:	bf00      	nop
10001f84:	400db000 	.word	0x400db000
10001f88:	b007c0d3 	.word	0xb007c0d3
10001f8c:	4ff83f2d 	.word	0x4ff83f2d
10001f90:	4001a000 	.word	0x4001a000
10001f94:	01fffff3 	.word	0x01fffff3
10001f98:	400d8000 	.word	0x400d8000
10001f9c:	2000256c 	.word	0x2000256c
10001fa0:	400da000 	.word	0x400da000

10001fa4 <tick_start>:
10001fa4:	2301      	movs	r3, #1
10001fa6:	eb00 0040 	add.w	r0, r0, r0, lsl #1
10001faa:	0080      	lsls	r0, r0, #2
10001fac:	f100 4080 	add.w	r0, r0, #1073741824	; 0x40000000
10001fb0:	f500 1084 	add.w	r0, r0, #1081344	; 0x108000
10001fb4:	6041      	str	r1, [r0, #4]
10001fb6:	6003      	str	r3, [r0, #0]
10001fb8:	4770      	bx	lr
10001fba:	bf00      	nop

10001fbc <rom_reboot.constprop.0.isra.0>:
10001fbc:	f04f 0c00 	mov.w	ip, #0
10001fc0:	b530      	push	{r4, r5, lr}
10001fc2:	4613      	mov	r3, r2
10001fc4:	b083      	sub	sp, #12
10001fc6:	4604      	mov	r4, r0
10001fc8:	460d      	mov	r5, r1
10001fca:	f8bc 2016 	ldrh.w	r2, [ip, #22]
10001fce:	2100      	movs	r1, #0
10001fd0:	e841 f100 	tt	r1, r1
10001fd4:	9301      	str	r3, [sp, #4]
10001fd6:	024b      	lsls	r3, r1, #9
10001fd8:	bf54      	ite	pl
10001fda:	2110      	movpl	r1, #16
10001fdc:	2104      	movmi	r1, #4
10001fde:	f244 2052 	movw	r0, #16978	; 0x4252
10001fe2:	4790      	blx	r2
10001fe4:	4686      	mov	lr, r0
10001fe6:	462a      	mov	r2, r5
10001fe8:	210a      	movs	r1, #10
10001fea:	4620      	mov	r0, r4
10001fec:	46f4      	mov	ip, lr
10001fee:	9b01      	ldr	r3, [sp, #4]
10001ff0:	b003      	add	sp, #12
10001ff2:	e8bd 4030 	ldmia.w	sp!, {r4, r5, lr}
10001ff6:	4760      	bx	ip

10001ff8 <rom_func_lookup>:
10001ff8:	2300      	movs	r3, #0
10001ffa:	8adb      	ldrh	r3, [r3, #22]
10001ffc:	2200      	movs	r2, #0
10001ffe:	e842 f200 	tt	r2, r2
10002002:	0252      	lsls	r2, r2, #9
10002004:	d401      	bmi.n	1000200a <rom_func_lookup+0x12>
10002006:	2110      	movs	r1, #16
10002008:	4718      	bx	r3
1000200a:	2104      	movs	r1, #4
1000200c:	4718      	bx	r3
1000200e:	bf00      	nop

10002010 <rom_reset_usb_boot_extra>:
10002010:	2800      	cmp	r0, #0
10002012:	b508      	push	{r3, lr}
10002014:	db02      	blt.n	1000201c <rom_reset_usb_boot_extra+0xc>
10002016:	b162      	cbz	r2, 10002032 <rom_reset_usb_boot_extra+0x22>
10002018:	f041 0130 	orr.w	r1, r1, #48	; 0x30
1000201c:	068b      	lsls	r3, r1, #26
1000201e:	d503      	bpl.n	10002028 <rom_reset_usb_boot_extra+0x18>
10002020:	2300      	movs	r3, #0
10002022:	7cdb      	ldrb	r3, [r3, #19]
10002024:	2b02      	cmp	r3, #2
10002026:	d007      	beq.n	10002038 <rom_reset_usb_boot_extra+0x28>
10002028:	4602      	mov	r2, r0
1000202a:	f44f 7081 	mov.w	r0, #258	; 0x102
1000202e:	f7ff ffc5 	bl	10001fbc <rom_reboot.constprop.0.isra.0>
10002032:	f041 0120 	orr.w	r1, r1, #32
10002036:	e7f3      	b.n	10002020 <rom_reset_usb_boot_extra+0x10>
10002038:	4602      	mov	r2, r0
1000203a:	f44f 7091 	mov.w	r0, #290	; 0x122
1000203e:	f7ff ffbd 	bl	10001fbc <rom_reboot.constprop.0.isra.0>
10002042:	bf00      	nop

10002044 <runtime_init_bootrom_locking_enable>:
10002044:	4a03      	ldr	r2, [pc, #12]	; (10002054 <runtime_init_bootrom_locking_enable+0x10>)
10002046:	f8d2 3828 	ldr.w	r3, [r2, #2088]	; 0x828
1000204a:	2b00      	cmp	r3, #0
1000204c:	d0fb      	beq.n	10002046 <runtime_init_bootrom_locking_enable+0x2>
1000204e:	f3bf 8f5f 	dmb	sy
10002052:	4770      	bx	lr
10002054:	400e0000 	.word	0x400e0000

10002058 <runtime_init_boot_locks_reset>:
10002058:	2100      	movs	r1, #0
1000205a:	4b04      	ldr	r3, [pc, #16]	; (1000206c <runtime_init_boot_locks_reset+0x14>)
1000205c:	4a04      	ldr	r2, [pc, #16]	; (10002070 <runtime_init_boot_locks_reset+0x18>)
1000205e:	f3bf 8f5f 	dmb	sy
10002062:	f843 1b04 	str.w	r1, [r3], #4
10002066:	4293      	cmp	r3, r2
10002068:	d1f9      	bne.n	1000205e <runtime_init_boot_locks_reset+0x6>
1000206a:	4770      	bx	lr
1000206c:	400e080c 	.word	0x400e080c
10002070:	400e082c 	.word	0x400e082c

10002074 <xosc_init>:
10002074:	b410      	push	{r4}
10002076:	f44f 708d 	mov.w	r0, #282	; 0x11a
1000207a:	f44f 642a 	mov.w	r4, #2720	; 0xaa0
1000207e:	4a06      	ldr	r2, [pc, #24]	; (10002098 <xosc_init+0x24>)
10002080:	4b06      	ldr	r3, [pc, #24]	; (1000209c <xosc_init+0x28>)
10002082:	4907      	ldr	r1, [pc, #28]	; (100020a0 <xosc_init+0x2c>)
10002084:	6014      	str	r4, [r2, #0]
10002086:	60d0      	str	r0, [r2, #12]
10002088:	6019      	str	r1, [r3, #0]
1000208a:	6853      	ldr	r3, [r2, #4]
1000208c:	2b00      	cmp	r3, #0
1000208e:	dafc      	bge.n	1000208a <xosc_init+0x16>
10002090:	f85d 4b04 	ldr.w	r4, [sp], #4
10002094:	4770      	bx	lr
10002096:	bf00      	nop
10002098:	40048000 	.word	0x40048000
1000209c:	4004a000 	.word	0x4004a000
100020a0:	00fab000 	.word	0x00fab000

100020a4 <first_per_core_initializer>:
100020a4:	4770      	bx	lr
100020a6:	bf00      	nop

100020a8 <hard_assertion_failure>:
100020a8:	b508      	push	{r3, lr}
100020aa:	4801      	ldr	r0, [pc, #4]	; (100020b0 <hard_assertion_failure+0x8>)
100020ac:	f7fe fe0c 	bl	10000cc8 <panic>
100020b0:	10007a24 	.word	0x10007a24

100020b4 <runtime_run_initializers>:
100020b4:	b538      	push	{r3, r4, r5, lr}
100020b6:	4c05      	ldr	r4, [pc, #20]	; (100020cc <runtime_run_initializers+0x18>)
100020b8:	4d05      	ldr	r5, [pc, #20]	; (100020d0 <runtime_run_initializers+0x1c>)
100020ba:	42ac      	cmp	r4, r5
100020bc:	d204      	bcs.n	100020c8 <runtime_run_initializers+0x14>
100020be:	f854 3b04 	ldr.w	r3, [r4], #4
100020c2:	4798      	blx	r3
100020c4:	42ac      	cmp	r4, r5
100020c6:	d3fa      	bcc.n	100020be <runtime_run_initializers+0xa>
100020c8:	bd38      	pop	{r3, r4, r5, pc}
100020ca:	bf00      	nop
100020cc:	100077a8 	.word	0x100077a8
100020d0:	100077e8 	.word	0x100077e8

100020d4 <runtime_init_early_resets>:
100020d4:	b410      	push	{r4}
100020d6:	4807      	ldr	r0, [pc, #28]	; (100020f4 <runtime_init_early_resets+0x20>)
100020d8:	4c07      	ldr	r4, [pc, #28]	; (100020f8 <runtime_init_early_resets+0x24>)
100020da:	4b08      	ldr	r3, [pc, #32]	; (100020fc <runtime_init_early_resets+0x28>)
100020dc:	4a08      	ldr	r2, [pc, #32]	; (10002100 <runtime_init_early_resets+0x2c>)
100020de:	4909      	ldr	r1, [pc, #36]	; (10002104 <runtime_init_early_resets+0x30>)
100020e0:	6004      	str	r4, [r0, #0]
100020e2:	601a      	str	r2, [r3, #0]
100020e4:	688b      	ldr	r3, [r1, #8]
100020e6:	ea32 0303 	bics.w	r3, r2, r3
100020ea:	d1fb      	bne.n	100020e4 <runtime_init_early_resets+0x10>
100020ec:	f85d 4b04 	ldr.w	r4, [sp], #4
100020f0:	4770      	bx	lr
100020f2:	bf00      	nop
100020f4:	40022000 	.word	0x40022000
100020f8:	efef3b7f 	.word	0xefef3b7f
100020fc:	40023000 	.word	0x40023000
10002100:	03f3fff6 	.word	0x03f3fff6
10002104:	40020000 	.word	0x40020000

10002108 <runtime_init_usb_power_down>:
10002108:	4b04      	ldr	r3, [pc, #16]	; (1000211c <runtime_init_usb_power_down+0x14>)
1000210a:	6cdb      	ldr	r3, [r3, #76]	; 0x4c
1000210c:	f5b3 4f00 	cmp.w	r3, #32768	; 0x8000
10002110:	d103      	bne.n	1000211a <runtime_init_usb_power_down+0x12>
10002112:	f44f 2280 	mov.w	r2, #262144	; 0x40000
10002116:	4b02      	ldr	r3, [pc, #8]	; (10002120 <runtime_init_usb_power_down+0x18>)
10002118:	64da      	str	r2, [r3, #76]	; 0x4c
1000211a:	4770      	bx	lr
1000211c:	50110000 	.word	0x50110000
10002120:	50112000 	.word	0x50112000

10002124 <runtime_init_per_core_enable_coprocessors>:
10002124:	f04f 22e0 	mov.w	r2, #3758153728	; 0xe000e000
10002128:	4b04      	ldr	r3, [pc, #16]	; (1000213c <runtime_init_per_core_enable_coprocessors+0x18>)
1000212a:	f8d2 1d88 	ldr.w	r1, [r2, #3464]	; 0xd88
1000212e:	430b      	orrs	r3, r1
10002130:	f8c2 3d88 	str.w	r3, [r2, #3464]	; 0xd88
10002134:	ee10 0430 	dcp_rcmp r0
10002138:	4770      	bx	lr
1000213a:	bf00      	nop
1000213c:	00300303 	.word	0x00300303

10002140 <runtime_init_post_clock_resets>:
10002140:	f06f 4160 	mvn.w	r1, #3758096384	; 0xe0000000
10002144:	4b04      	ldr	r3, [pc, #16]	; (10002158 <runtime_init_post_clock_resets+0x18>)
10002146:	4a05      	ldr	r2, [pc, #20]	; (1000215c <runtime_init_post_clock_resets+0x1c>)
10002148:	6019      	str	r1, [r3, #0]
1000214a:	6893      	ldr	r3, [r2, #8]
1000214c:	43db      	mvns	r3, r3
1000214e:	f033 4360 	bics.w	r3, r3, #3758096384	; 0xe0000000
10002152:	d1fa      	bne.n	1000214a <runtime_init_post_clock_resets+0xa>
10002154:	4770      	bx	lr
10002156:	bf00      	nop
10002158:	40023000 	.word	0x40023000
1000215c:	40020000 	.word	0x40020000

10002160 <runtime_init_bootrom_reset>:
10002160:	b510      	push	{r4, lr}
10002162:	f245 2053 	movw	r0, #21075	; 0x5253
10002166:	f7ff ff47 	bl	10001ff8 <rom_func_lookup>
1000216a:	e8bd 4010 	ldmia.w	sp!, {r4, lr}
1000216e:	4603      	mov	r3, r0
10002170:	2004      	movs	r0, #4
10002172:	4718      	bx	r3

10002174 <runtime_init_per_core_bootrom_reset>:
10002174:	b510      	push	{r4, lr}
10002176:	f245 2053 	movw	r0, #21075	; 0x5253
1000217a:	f7ff ff3d 	bl	10001ff8 <rom_func_lookup>
1000217e:	e8bd 4010 	ldmia.w	sp!, {r4, lr}
10002182:	4603      	mov	r3, r0
10002184:	2001      	movs	r0, #1
10002186:	4718      	bx	r3

10002188 <runtime_init_spin_locks_reset>:
10002188:	f7fe be56 	b.w	10000e38 <spin_locks_reset>

1000218c <runtime_init_install_ram_vector_table>:
1000218c:	b538      	push	{r3, r4, r5, lr}
1000218e:	492b      	ldr	r1, [pc, #172]	; (1000223c <runtime_init_install_ram_vector_table+0xb0>)
10002190:	4b2b      	ldr	r3, [pc, #172]	; (10002240 <runtime_init_install_ram_vector_table+0xb4>)
10002192:	4d2c      	ldr	r5, [pc, #176]	; (10002244 <runtime_init_install_ram_vector_table+0xb8>)
10002194:	1a5b      	subs	r3, r3, r1
10002196:	089c      	lsrs	r4, r3, #2
10002198:	2c44      	cmp	r4, #68	; 0x44
1000219a:	4622      	mov	r2, r4
1000219c:	bf28      	it	cs
1000219e:	2244      	movcs	r2, #68	; 0x44
100021a0:	4628      	mov	r0, r5
100021a2:	0092      	lsls	r2, r2, #2
100021a4:	f005 faf0 	bl	10007788 <__memcpy_veneer>
100021a8:	2c43      	cmp	r4, #67	; 0x43
100021aa:	d841      	bhi.n	10002230 <runtime_init_install_ram_vector_table+0xa4>
100021ac:	f1c4 0143 	rsb	r1, r4, #67	; 0x43
100021b0:	eb05 0384 	add.w	r3, r5, r4, lsl #2
100021b4:	2905      	cmp	r1, #5
100021b6:	4a24      	ldr	r2, [pc, #144]	; (10002248 <runtime_init_install_ram_vector_table+0xbc>)
100021b8:	f3c3 0380 	ubfx	r3, r3, #2, #1
100021bc:	f1c4 0044 	rsb	r0, r4, #68	; 0x44
100021c0:	d916      	bls.n	100021f0 <runtime_init_install_ram_vector_table+0x64>
100021c2:	b3c3      	cbz	r3, 10002236 <runtime_init_install_ram_vector_table+0xaa>
100021c4:	f845 2024 	str.w	r2, [r5, r4, lsl #2]
100021c8:	f104 0c01 	add.w	ip, r4, #1
100021cc:	1ac0      	subs	r0, r0, r3
100021ce:	4423      	add	r3, r4
100021d0:	eb05 0383 	add.w	r3, r5, r3, lsl #2
100021d4:	0841      	lsrs	r1, r0, #1
100021d6:	eb03 01c1 	add.w	r1, r3, r1, lsl #3
100021da:	e9c3 2200 	strd	r2, r2, [r3]
100021de:	3308      	adds	r3, #8
100021e0:	4299      	cmp	r1, r3
100021e2:	d1fa      	bne.n	100021da <runtime_init_install_ram_vector_table+0x4e>
100021e4:	f020 0301 	bic.w	r3, r0, #1
100021e8:	4298      	cmp	r0, r3
100021ea:	eb0c 0403 	add.w	r4, ip, r3
100021ee:	d01f      	beq.n	10002230 <runtime_init_install_ram_vector_table+0xa4>
100021f0:	2c43      	cmp	r4, #67	; 0x43
100021f2:	f845 2024 	str.w	r2, [r5, r4, lsl #2]
100021f6:	f104 0301 	add.w	r3, r4, #1
100021fa:	d019      	beq.n	10002230 <runtime_init_install_ram_vector_table+0xa4>
100021fc:	2c42      	cmp	r4, #66	; 0x42
100021fe:	f845 2023 	str.w	r2, [r5, r3, lsl #2]
10002202:	f104 0302 	add.w	r3, r4, #2
10002206:	d013      	beq.n	10002230 <runtime_init_install_ram_vector_table+0xa4>
10002208:	2c41      	cmp	r4, #65	; 0x41
1000220a:	f845 2023 	str.w	r2, [r5, r3, lsl #2]
1000220e:	f104 0303 	add.w	r3, r4, #3
10002212:	d00d      	beq.n	10002230 <runtime_init_install_ram_vector_table+0xa4>
10002214:	2c40      	cmp	r4, #64	; 0x40
10002216:	f845 2023 	str.w	r2, [r5, r3, lsl #2]
1000221a:	f104 0304 	add.w	r3, r4, #4
1000221e:	d007      	beq.n	10002230 <runtime_init_install_ram_vector_table+0xa4>
10002220:	2c3f      	cmp	r4, #63	; 0x3f
10002222:	f845 2023 	str.w	r2, [r5, r3, lsl #2]
10002226:	f104 0305 	add.w	r3, r4, #5
1000222a:	d001      	beq.n	10002230 <runtime_init_install_ram_vector_table+0xa4>
1000222c:	f845 2023 	str.w	r2, [r5, r3, lsl #2]
10002230:	4b06      	ldr	r3, [pc, #24]	; (1000224c <runtime_init_install_ram_vector_table+0xc0>)
10002232:	609d      	str	r5, [r3, #8]
10002234:	bd38      	pop	{r3, r4, r5, pc}
10002236:	46a4      	mov	ip, r4
10002238:	e7c8      	b.n	100021cc <runtime_init_install_ram_vector_table+0x40>
1000223a:	bf00      	nop
1000223c:	10000000 	.word	0x10000000
10002240:	10000110 	.word	0x10000110
10002244:	20000000 	.word	0x20000000
10002248:	10000111 	.word	0x10000111
1000224c:	e000ed00 	.word	0xe000ed00

10002250 <runtime_init_clocks>:
10002250:	2300      	movs	r3, #0
10002252:	b5f0      	push	{r4, r5, r6, r7, lr}
10002254:	4c2b      	ldr	r4, [pc, #172]	; (10002304 <runtime_init_clocks+0xb4>)
10002256:	b083      	sub	sp, #12
10002258:	f8c4 3084 	str.w	r3, [r4, #132]	; 0x84
1000225c:	f7ff ff0a 	bl	10002074 <xosc_init>
10002260:	2201      	movs	r2, #1
10002262:	4b29      	ldr	r3, [pc, #164]	; (10002308 <runtime_init_clocks+0xb8>)
10002264:	63da      	str	r2, [r3, #60]	; 0x3c
10002266:	6c63      	ldr	r3, [r4, #68]	; 0x44
10002268:	2b01      	cmp	r3, #1
1000226a:	d1fc      	bne.n	10002266 <runtime_init_clocks+0x16>
1000226c:	2103      	movs	r1, #3
1000226e:	4a26      	ldr	r2, [pc, #152]	; (10002308 <runtime_init_clocks+0xb8>)
10002270:	4b24      	ldr	r3, [pc, #144]	; (10002304 <runtime_init_clocks+0xb4>)
10002272:	6311      	str	r1, [r2, #48]	; 0x30
10002274:	6b9d      	ldr	r5, [r3, #56]	; 0x38
10002276:	2d01      	cmp	r5, #1
10002278:	d1fc      	bne.n	10002274 <runtime_init_clocks+0x24>
1000227a:	2305      	movs	r3, #5
1000227c:	2702      	movs	r7, #2
1000227e:	461e      	mov	r6, r3
10002280:	2400      	movs	r4, #0
10002282:	4629      	mov	r1, r5
10002284:	4a21      	ldr	r2, [pc, #132]	; (1000230c <runtime_init_clocks+0xbc>)
10002286:	4822      	ldr	r0, [pc, #136]	; (10002310 <runtime_init_clocks+0xc0>)
10002288:	9700      	str	r7, [sp, #0]
1000228a:	f7ff fdf7 	bl	10001e7c <pll_init>
1000228e:	4629      	mov	r1, r5
10002290:	4633      	mov	r3, r6
10002292:	4a20      	ldr	r2, [pc, #128]	; (10002314 <runtime_init_clocks+0xc4>)
10002294:	4820      	ldr	r0, [pc, #128]	; (10002318 <runtime_init_clocks+0xc8>)
10002296:	9600      	str	r6, [sp, #0]
10002298:	f7ff fdf0 	bl	10001e7c <pll_init>
1000229c:	4639      	mov	r1, r7
1000229e:	4622      	mov	r2, r4
100022a0:	2004      	movs	r0, #4
100022a2:	4b1e      	ldr	r3, [pc, #120]	; (1000231c <runtime_init_clocks+0xcc>)
100022a4:	f7ff fd7c 	bl	10001da0 <clock_configure_undivided>
100022a8:	4629      	mov	r1, r5
100022aa:	4622      	mov	r2, r4
100022ac:	4630      	mov	r0, r6
100022ae:	4b1c      	ldr	r3, [pc, #112]	; (10002320 <runtime_init_clocks+0xd0>)
100022b0:	f7ff fd76 	bl	10001da0 <clock_configure_undivided>
100022b4:	4622      	mov	r2, r4
100022b6:	2008      	movs	r0, #8
100022b8:	4621      	mov	r1, r4
100022ba:	4b1a      	ldr	r3, [pc, #104]	; (10002324 <runtime_init_clocks+0xd4>)
100022bc:	f7ff fd70 	bl	10001da0 <clock_configure_undivided>
100022c0:	4622      	mov	r2, r4
100022c2:	2009      	movs	r0, #9
100022c4:	4621      	mov	r1, r4
100022c6:	4b17      	ldr	r3, [pc, #92]	; (10002324 <runtime_init_clocks+0xd4>)
100022c8:	f7ff fd6a 	bl	10001da0 <clock_configure_undivided>
100022cc:	4622      	mov	r2, r4
100022ce:	2006      	movs	r0, #6
100022d0:	4621      	mov	r1, r4
100022d2:	4b13      	ldr	r3, [pc, #76]	; (10002320 <runtime_init_clocks+0xd0>)
100022d4:	f7ff fd64 	bl	10001da0 <clock_configure_undivided>
100022d8:	4b11      	ldr	r3, [pc, #68]	; (10002320 <runtime_init_clocks+0xd0>)
100022da:	4622      	mov	r2, r4
100022dc:	2007      	movs	r0, #7
100022de:	4621      	mov	r1, r4
100022e0:	f7ff fd5e 	bl	10001da0 <clock_configure_undivided>
100022e4:	2004      	movs	r0, #4
100022e6:	f7ff fdc3 	bl	10001e70 <clock_get_hz>
100022ea:	4d0f      	ldr	r5, [pc, #60]	; (10002328 <runtime_init_clocks+0xd8>)
100022ec:	fba5 3500 	umull	r3, r5, r5, r0
100022f0:	0cad      	lsrs	r5, r5, #18
100022f2:	b2e0      	uxtb	r0, r4
100022f4:	4629      	mov	r1, r5
100022f6:	3401      	adds	r4, #1
100022f8:	f7ff fe54 	bl	10001fa4 <tick_start>
100022fc:	2c06      	cmp	r4, #6
100022fe:	d1f8      	bne.n	100022f2 <runtime_init_clocks+0xa2>
10002300:	b003      	add	sp, #12
10002302:	bdf0      	pop	{r4, r5, r6, r7, pc}
10002304:	40010000 	.word	0x40010000
10002308:	40013000 	.word	0x40013000
1000230c:	59682f00 	.word	0x59682f00
10002310:	40050000 	.word	0x40050000
10002314:	47868c00 	.word	0x47868c00
10002318:	40058000 	.word	0x40058000
1000231c:	00b71b00 	.word	0x00b71b00
10002320:	08f0d180 	.word	0x08f0d180
10002324:	02dc6c00 	.word	0x02dc6c00
10002328:	431bde83 	.word	0x431bde83

1000232c <generic_save_state>:
1000232c:	b086      	sub	sp, #24
1000232e:	b403      	push	{r0, r1}
10002330:	fc51 0408 	dcp_pxmd r0, r1
10002334:	e9cd 0102 	strd	r0, r1, [sp, #8]
10002338:	fc51 0409 	dcp_pymd r0, r1
1000233c:	e9cd 0104 	strd	r0, r1, [sp, #16]
10002340:	ec51 040a 	dcp_refd r0, r1
10002344:	e9cd 0106 	strd	r0, r1, [sp, #24]
10002348:	bc03      	pop	{r0, r1}
1000234a:	47f0      	blx	lr

1000234c <generic_restore_state>:
1000234c:	e8bd 5000 	ldmia.w	sp!, {ip, lr}
10002350:	ec4e c400 	dcp_wxmd ip, lr
10002354:	e8bd 5000 	ldmia.w	sp!, {ip, lr}
10002358:	ec4e c401 	dcp_wymd ip, lr
1000235c:	e8bd 5000 	ldmia.w	sp!, {ip, lr}
10002360:	ec4e c402 	dcp_wefd ip, lr
10002364:	bd00      	pop	{pc}
10002366:	0000      	movs	r0, r0
10002368:	b500      	push	{lr}
1000236a:	f7ff ffdf 	bl	1000232c <generic_save_state>
1000236e:	e002      	b.n	10002376 <__wrap___aeabi_dadd+0x6>

10002370 <__wrap___aeabi_dadd>:
10002370:	fe10 f430 	dcp_pcmp APSR_nzcv
10002374:	d4f8      	bmi.n	10002368 <generic_restore_state+0x1c>
10002376:	ec41 0410 	dcp_wxup r0, r1
1000237a:	ec43 2411 	dcp_wyup r2, r3
1000237e:	ee00 0401 	dcp_add0
10002382:	ee10 0401 	dcp_add1
10002386:	ee80 0420 	dcp_nrdd
1000238a:	ec51 0410 	dcp_rdda r0, r1
1000238e:	4770      	bx	lr
10002390:	b500      	push	{lr}
10002392:	f7ff ffcb 	bl	1000232c <generic_save_state>
10002396:	e002      	b.n	1000239e <__wrap___aeabi_dsub+0x6>

10002398 <__wrap___aeabi_dsub>:
10002398:	fe10 f430 	dcp_pcmp APSR_nzcv
1000239c:	d4f8      	bmi.n	10002390 <__wrap___aeabi_dadd+0x20>
1000239e:	ec41 0410 	dcp_wxup r0, r1
100023a2:	ec43 2411 	dcp_wyup r2, r3
100023a6:	ee00 0401 	dcp_add0
100023aa:	ee10 0421 	dcp_sub1
100023ae:	ee80 0420 	dcp_nrdd
100023b2:	ec51 0430 	dcp_rdds r0, r1
100023b6:	4770      	bx	lr
100023b8:	b500      	push	{lr}
100023ba:	f7ff ffb7 	bl	1000232c <generic_save_state>
100023be:	e002      	b.n	100023c6 <__wrap___aeabi_dmul+0x6>

100023c0 <__wrap___aeabi_dmul>:
100023c0:	fe10 f430 	dcp_pcmp APSR_nzcv
100023c4:	d4f8      	bmi.n	100023b8 <__wrap___aeabi_dsub+0x20>
100023c6:	b510      	push	{r4, lr}
100023c8:	ec41 0410 	dcp_wxup r0, r1
100023cc:	ec43 2411 	dcp_wyup r2, r3
100023d0:	ec51 0404 	dcp_rxms r0, r1, #0x0
100023d4:	ec53 2405 	dcp_ryms r2, r3, #0x0
100023d8:	fba0 4c02 	umull	r4, ip, r0, r2
100023dc:	f05f 0e00 	movs.w	lr, #0
100023e0:	fbe0 ce03 	umlal	ip, lr, r0, r3
100023e4:	fbe1 ce02 	umlal	ip, lr, r1, r2
100023e8:	ec4c 4420 	dcp_wxms r4, ip
100023ec:	2400      	movs	r4, #0
100023ee:	fbe1 e403 	umlal	lr, r4, r1, r3
100023f2:	ec44 e430 	dcp_wxmo lr, r4
100023f6:	ee80 0420 	dcp_nrdd
100023fa:	ec51 0450 	dcp_rddm r0, r1
100023fe:	bd10      	pop	{r4, pc}
10002400:	b500      	push	{lr}
10002402:	f7ff ff93 	bl	1000232c <generic_save_state>
10002406:	e002      	b.n	1000240e <__wrap___aeabi_ddiv+0x6>

10002408 <__wrap___aeabi_ddiv>:
10002408:	fe10 f430 	dcp_pcmp APSR_nzcv
1000240c:	d4f8      	bmi.n	10002400 <__wrap___aeabi_dmul+0x40>
1000240e:	ec41 0410 	dcp_wxup r0, r1
10002412:	ec43 2411 	dcp_wyup r2, r3
10002416:	ec51 0421 	dcp_rymr r0, r1
1000241a:	fba0 1201 	umull	r1, r2, r0, r1
1000241e:	ea6f 0282 	mvn.w	r2, r2, lsl #2
10002422:	fb52 0010 	smmlar	r0, r2, r0, r0
10002426:	fb52 f212 	smmulr	r2, r2, r2
1000242a:	fb52 0010 	smmlar	r0, r2, r0, r0
1000242e:	eba0 7cd0 	sub.w	ip, r0, r0, lsr #31
10002432:	ec53 2404 	dcp_rxms r2, r3, #0x0
10002436:	fb5c f113 	smmulr	r1, ip, r3
1000243a:	ec53 2415 	dcp_ryms r2, r3, #0x1
1000243e:	fba1 2002 	umull	r2, r0, r1, r2
10002442:	fb01 0003 	mla	r0, r1, r3, r0
10002446:	ec53 2444 	dcp_rxms r2, r3, #0x4
1000244a:	eba2 0000 	sub.w	r0, r2, r0
1000244e:	fb50 f21c 	smmulr	r2, r0, ip
10002452:	ea4f 1311 	mov.w	r3, r1, lsr #4
10002456:	eb12 7001 	adds.w	r0, r2, r1, lsl #28
1000245a:	eb43 71e2 	adc.w	r1, r3, r2, asr #31
1000245e:	ea40 5051 	orr.w	r0, r0, r1, lsr #21
10002462:	ea20 5091 	bic.w	r0, r0, r1, lsr #22
10002466:	f020 0007 	bic.w	r0, r0, #7
1000246a:	ec53 2475 	dcp_ryms r2, r3, #0x7
1000246e:	fba0 3c02 	umull	r3, ip, r0, r2
10002472:	ec53 2475 	dcp_ryms r2, r3, #0x7
10002476:	fb00 cc03 	mla	ip, r0, r3, ip
1000247a:	fb01 cc02 	mla	ip, r1, r2, ip
1000247e:	ec53 2404 	dcp_rxms r2, r3, #0x0
10002482:	ebac 4c82 	sub.w	ip, ip, r2, lsl #18
10002486:	ea40 705c 	orr.w	r0, r0, ip, lsr #29
1000248a:	f1a0 0001 	sub.w	r0, r0, #1
1000248e:	ec41 0440 	dcp_wxdd r0, r1
10002492:	ee80 0420 	dcp_nrdd
10002496:	ec51 0470 	dcp_rddd r0, r1
1000249a:	4770      	bx	lr
1000249c:	b500      	push	{lr}
1000249e:	f7ff ff45 	bl	1000232c <generic_save_state>
100024a2:	e002      	b.n	100024aa <__wrap___aeabi_i2d+0x6>

100024a4 <__wrap___aeabi_i2d>:
100024a4:	fe10 f430 	dcp_pcmp APSR_nzcv
100024a8:	d4f8      	bmi.n	1000249c <__wrap___aeabi_ddiv+0x94>
100024aa:	ec40 0470 	dcp_wxic r0, r0
100024ae:	ee00 0401 	dcp_add0
100024b2:	ee10 0421 	dcp_sub1
100024b6:	ee80 0420 	dcp_nrdd
100024ba:	ec51 0430 	dcp_rdds r0, r1
100024be:	4770      	bx	lr
100024c0:	b500      	push	{lr}
100024c2:	f7ff ff33 	bl	1000232c <generic_save_state>
100024c6:	e002      	b.n	100024ce <__wrap___aeabi_ui2d+0x6>

100024c8 <__wrap___aeabi_ui2d>:
100024c8:	fe10 f430 	dcp_pcmp APSR_nzcv
100024cc:	d4f8      	bmi.n	100024c0 <__wrap___aeabi_i2d+0x1c>
100024ce:	ec40 0460 	dcp_wxuc r0, r0
100024d2:	ee00 0401 	dcp_add0
100024d6:	ee10 0421 	dcp_sub1
100024da:	ee80 0420 	dcp_nrdd
100024de:	ec51 0430 	dcp_rdds r0, r1
100024e2:	4770      	bx	lr
100024e4:	b500      	push	{lr}
100024e6:	f7ff ff21 	bl	1000232c <generic_save_state>
100024ea:	e002      	b.n	100024f2 <double2int_z_entry>

100024ec <__wrap___aeabi_d2iz>:
100024ec:	fe10 f430 	dcp_pcmp APSR_nzcv
100024f0:	d4f8      	bmi.n	100024e4 <__wrap___aeabi_ui2d+0x1c>

100024f2 <double2int_z_entry>:
100024f2:	ec41 0480 	dcp_wxdc r0, r1
100024f6:	ee00 0401 	dcp_add0
100024fa:	ee10 0401 	dcp_add1
100024fe:	ee80 0440 	dcp_ntdc
10002502:	ee10 0413 	dcp_rdic r0
10002506:	4770      	bx	lr
10002508:	b500      	push	{lr}
1000250a:	f7ff ff0f 	bl	1000232c <generic_save_state>
1000250e:	e002      	b.n	10002516 <double2uint_z_entry>

10002510 <__wrap___aeabi_d2uiz>:
10002510:	fe10 f430 	dcp_pcmp APSR_nzcv
10002514:	d4f8      	bmi.n	10002508 <double2int_z_entry+0x16>

10002516 <double2uint_z_entry>:
10002516:	ec41 0480 	dcp_wxdc r0, r1
1000251a:	ee00 0401 	dcp_add0
1000251e:	ee10 0401 	dcp_add1
10002522:	ee80 0440 	dcp_ntdc
10002526:	ee10 0433 	dcp_rduc r0
1000252a:	4770      	bx	lr
1000252c:	b500      	push	{lr}
1000252e:	f7ff fefd 	bl	1000232c <generic_save_state>
10002532:	e002      	b.n	1000253a <__wrap___aeabi_dcmpun+0x6>

10002534 <__wrap___aeabi_dcmpun>:
10002534:	fe10 f430 	dcp_pcmp APSR_nzcv
10002538:	d4f8      	bmi.n	1000252c <double2uint_z_entry+0x16>
1000253a:	ec41 0410 	dcp_wxup r0, r1
1000253e:	ec43 2411 	dcp_wyup r2, r3
10002542:	ee00 0401 	dcp_add0
10002546:	ee10 0430 	dcp_rcmp r0
1000254a:	f3c0 7000 	ubfx	r0, r0, #28, #1
1000254e:	4770      	bx	lr
10002550:	b500      	push	{lr}
10002552:	f7ff feeb 	bl	1000232c <generic_save_state>
10002556:	e002      	b.n	1000255e <__wrap___aeabi_dcmplt+0x6>

10002558 <__wrap___aeabi_dcmplt>:
10002558:	fe10 f430 	dcp_pcmp APSR_nzcv
1000255c:	d4f8      	bmi.n	10002550 <__wrap___aeabi_dcmpun+0x1c>
1000255e:	ec43 2410 	dcp_wxup r2, r3
10002562:	ec41 0411 	dcp_wyup r0, r1
10002566:	ee00 0401 	dcp_add0
1000256a:	ee10 f430 	dcp_rcmp APSR_nzcv
1000256e:	bf8c      	ite	hi
10002570:	2001      	movhi	r0, #1
10002572:	2000      	movls	r0, #0
10002574:	4770      	bx	lr
10002576:	bf00      	nop
10002578:	b500      	push	{lr}
1000257a:	f7ff fed7 	bl	1000232c <generic_save_state>
1000257e:	e002      	b.n	10002586 <__wrap___aeabi_dcmple+0x6>

10002580 <__wrap___aeabi_dcmple>:
10002580:	fe10 f430 	dcp_pcmp APSR_nzcv
10002584:	d4f8      	bmi.n	10002578 <__wrap___aeabi_dcmplt+0x20>
10002586:	ec43 2410 	dcp_wxup r2, r3
1000258a:	ec41 0411 	dcp_wyup r0, r1
1000258e:	ee00 0401 	dcp_add0
10002592:	ee10 f430 	dcp_rcmp APSR_nzcv
10002596:	bf2c      	ite	cs
10002598:	2001      	movcs	r0, #1
1000259a:	2000      	movcc	r0, #0
1000259c:	4770      	bx	lr
1000259e:	bf00      	nop
100025a0:	b500      	push	{lr}
100025a2:	f7ff fec3 	bl	1000232c <generic_save_state>
100025a6:	e002      	b.n	100025ae <__wrap___aeabi_dcmpge+0x6>

100025a8 <__wrap___aeabi_dcmpge>:
100025a8:	fe10 f430 	dcp_pcmp APSR_nzcv
100025ac:	d4f8      	bmi.n	100025a0 <__wrap___aeabi_dcmple+0x20>
100025ae:	ec41 0410 	dcp_wxup r0, r1
100025b2:	ec43 2411 	dcp_wyup r2, r3
100025b6:	ee00 0401 	dcp_add0
100025ba:	ee10 f430 	dcp_rcmp APSR_nzcv
100025be:	bf2c      	ite	cs
100025c0:	2001      	movcs	r0, #1
100025c2:	2000      	movcc	r0, #0
100025c4:	4770      	bx	lr
100025c6:	bf00      	nop
100025c8:	b500      	push	{lr}
100025ca:	f7ff feaf 	bl	1000232c <generic_save_state>
100025ce:	e002      	b.n	100025d6 <__wrap___aeabi_dcmpgt+0x6>

100025d0 <__wrap___aeabi_dcmpgt>:
100025d0:	fe10 f430 	dcp_pcmp APSR_nzcv
100025d4:	d4f8      	bmi.n	100025c8 <__wrap___aeabi_dcmpge+0x20>
100025d6:	ec41 0410 	dcp_wxup r0, r1
100025da:	ec43 2411 	dcp_wyup r2, r3
100025de:	ee00 0401 	dcp_add0
100025e2:	ee10 f430 	dcp_rcmp APSR_nzcv
100025e6:	bf8c      	ite	hi
100025e8:	2001      	movhi	r0, #1
100025ea:	2000      	movls	r0, #0
100025ec:	4770      	bx	lr
100025ee:	bf00      	nop

100025f0 <__wrap_malloc>:
100025f0:	b510      	push	{r4, lr}
100025f2:	4604      	mov	r4, r0
100025f4:	f004 fc40 	bl	10006e78 <malloc>
100025f8:	b128      	cbz	r0, 10002606 <__wrap_malloc+0x16>
100025fa:	4603      	mov	r3, r0
100025fc:	4a03      	ldr	r2, [pc, #12]	; (1000260c <__wrap_malloc+0x1c>)
100025fe:	4423      	add	r3, r4
10002600:	4293      	cmp	r3, r2
10002602:	d800      	bhi.n	10002606 <__wrap_malloc+0x16>
10002604:	bd10      	pop	{r4, pc}
10002606:	4802      	ldr	r0, [pc, #8]	; (10002610 <__wrap_malloc+0x20>)
10002608:	f7fe fb5e 	bl	10000cc8 <panic>
1000260c:	20080000 	.word	0x20080000
10002610:	10007a30 	.word	0x10007a30

10002614 <_out_null>:
10002614:	4770      	bx	lr
10002616:	bf00      	nop

10002618 <_out_rev>:
10002618:	e92d 4ff8 	stmdb	sp!, {r3, r4, r5, r6, r7, r8, r9, sl, fp, lr}
1000261c:	469a      	mov	sl, r3
1000261e:	9b0d      	ldr	r3, [sp, #52]	; 0x34
10002620:	4617      	mov	r7, r2
10002622:	079a      	lsls	r2, r3, #30
10002624:	4606      	mov	r6, r0
10002626:	468b      	mov	fp, r1
10002628:	f8dd 8028 	ldr.w	r8, [sp, #40]	; 0x28
1000262c:	d111      	bne.n	10002652 <_out_rev+0x3a>
1000262e:	e9dd 320b 	ldrd	r3, r2, [sp, #44]	; 0x2c
10002632:	4293      	cmp	r3, r2
10002634:	d20d      	bcs.n	10002652 <_out_rev+0x3a>
10002636:	4613      	mov	r3, r2
10002638:	463c      	mov	r4, r7
1000263a:	9a0b      	ldr	r2, [sp, #44]	; 0x2c
1000263c:	1a9d      	subs	r5, r3, r2
1000263e:	443d      	add	r5, r7
10002640:	4622      	mov	r2, r4
10002642:	4653      	mov	r3, sl
10002644:	4659      	mov	r1, fp
10002646:	2020      	movs	r0, #32
10002648:	3401      	adds	r4, #1
1000264a:	47b0      	blx	r6
1000264c:	42ac      	cmp	r4, r5
1000264e:	d1f7      	bne.n	10002640 <_out_rev+0x28>
10002650:	e000      	b.n	10002654 <_out_rev+0x3c>
10002652:	463d      	mov	r5, r7
10002654:	9b0b      	ldr	r3, [sp, #44]	; 0x2c
10002656:	b173      	cbz	r3, 10002676 <_out_rev+0x5e>
10002658:	eb08 0403 	add.w	r4, r8, r3
1000265c:	eb04 0905 	add.w	r9, r4, r5
10002660:	eba9 0204 	sub.w	r2, r9, r4
10002664:	f814 0d01 	ldrb.w	r0, [r4, #-1]!
10002668:	4653      	mov	r3, sl
1000266a:	4659      	mov	r1, fp
1000266c:	47b0      	blx	r6
1000266e:	4544      	cmp	r4, r8
10002670:	d1f6      	bne.n	10002660 <_out_rev+0x48>
10002672:	9b0b      	ldr	r3, [sp, #44]	; 0x2c
10002674:	441d      	add	r5, r3
10002676:	9b0d      	ldr	r3, [sp, #52]	; 0x34
10002678:	079b      	lsls	r3, r3, #30
1000267a:	d50e      	bpl.n	1000269a <_out_rev+0x82>
1000267c:	9b0c      	ldr	r3, [sp, #48]	; 0x30
1000267e:	1bef      	subs	r7, r5, r7
10002680:	42bb      	cmp	r3, r7
10002682:	d90a      	bls.n	1000269a <_out_rev+0x82>
10002684:	461c      	mov	r4, r3
10002686:	462a      	mov	r2, r5
10002688:	4653      	mov	r3, sl
1000268a:	4659      	mov	r1, fp
1000268c:	2020      	movs	r0, #32
1000268e:	3701      	adds	r7, #1
10002690:	47b0      	blx	r6
10002692:	42bc      	cmp	r4, r7
10002694:	f105 0501 	add.w	r5, r5, #1
10002698:	d8f5      	bhi.n	10002686 <_out_rev+0x6e>
1000269a:	4628      	mov	r0, r5
1000269c:	e8bd 8ff8 	ldmia.w	sp!, {r3, r4, r5, r6, r7, r8, r9, sl, fp, pc}

100026a0 <_ntoa_format>:
100026a0:	e92d 4ff0 	stmdb	sp!, {r4, r5, r6, r7, r8, r9, sl, fp, lr}
100026a4:	9e0f      	ldr	r6, [sp, #60]	; 0x3c
100026a6:	f8dd e024 	ldr.w	lr, [sp, #36]	; 0x24
100026aa:	f016 0f02 	tst.w	r6, #2
100026ae:	9c0a      	ldr	r4, [sp, #40]	; 0x28
100026b0:	f89d 902c 	ldrb.w	r9, [sp, #44]	; 0x2c
100026b4:	9d0e      	ldr	r5, [sp, #56]	; 0x38
100026b6:	e9dd 870c 	ldrd	r8, r7, [sp, #48]	; 0x30
100026ba:	d12c      	bne.n	10002716 <_ntoa_format+0x76>
100026bc:	2d00      	cmp	r5, #0
100026be:	d174      	bne.n	100027aa <_ntoa_format+0x10a>
100026c0:	42bc      	cmp	r4, r7
100026c2:	f006 0b01 	and.w	fp, r6, #1
100026c6:	f080 80cb 	bcs.w	10002860 <_ntoa_format+0x1c0>
100026ca:	2c1f      	cmp	r4, #31
100026cc:	bf88      	it	hi
100026ce:	2420      	movhi	r4, #32
100026d0:	f200 80c6 	bhi.w	10002860 <_ntoa_format+0x1c0>
100026d4:	f104 3cff 	add.w	ip, r4, #4294967295	; 0xffffffff
100026d8:	f04f 0a30 	mov.w	sl, #48	; 0x30
100026dc:	44f4      	add	ip, lr
100026de:	e001      	b.n	100026e4 <_ntoa_format+0x44>
100026e0:	2c20      	cmp	r4, #32
100026e2:	d004      	beq.n	100026ee <_ntoa_format+0x4e>
100026e4:	3401      	adds	r4, #1
100026e6:	42a7      	cmp	r7, r4
100026e8:	f80c af01 	strb.w	sl, [ip, #1]!
100026ec:	d8f8      	bhi.n	100026e0 <_ntoa_format+0x40>
100026ee:	f1bb 0f00 	cmp.w	fp, #0
100026f2:	d010      	beq.n	10002716 <_ntoa_format+0x76>
100026f4:	42a5      	cmp	r5, r4
100026f6:	d90e      	bls.n	10002716 <_ntoa_format+0x76>
100026f8:	2c20      	cmp	r4, #32
100026fa:	d02d      	beq.n	10002758 <_ntoa_format+0xb8>
100026fc:	f104 3cff 	add.w	ip, r4, #4294967295	; 0xffffffff
10002700:	f04f 0a30 	mov.w	sl, #48	; 0x30
10002704:	44f4      	add	ip, lr
10002706:	e001      	b.n	1000270c <_ntoa_format+0x6c>
10002708:	2c20      	cmp	r4, #32
1000270a:	d025      	beq.n	10002758 <_ntoa_format+0xb8>
1000270c:	3401      	adds	r4, #1
1000270e:	42ac      	cmp	r4, r5
10002710:	f80c af01 	strb.w	sl, [ip, #1]!
10002714:	d1f8      	bne.n	10002708 <_ntoa_format+0x68>
10002716:	f016 0f10 	tst.w	r6, #16
1000271a:	d038      	beq.n	1000278e <_ntoa_format+0xee>
1000271c:	f416 6f80 	tst.w	r6, #1024	; 0x400
10002720:	d126      	bne.n	10002770 <_ntoa_format+0xd0>
10002722:	bb0c      	cbnz	r4, 10002768 <_ntoa_format+0xc8>
10002724:	f1b8 0f10 	cmp.w	r8, #16
10002728:	d07f      	beq.n	1000282a <_ntoa_format+0x18a>
1000272a:	f1b8 0f02 	cmp.w	r8, #2
1000272e:	f000 8092 	beq.w	10002856 <_ntoa_format+0x1b6>
10002732:	2430      	movs	r4, #48	; 0x30
10002734:	f88e 4000 	strb.w	r4, [lr]
10002738:	2401      	movs	r4, #1
1000273a:	f1b9 0f00 	cmp.w	r9, #0
1000273e:	d02b      	beq.n	10002798 <_ntoa_format+0xf8>
10002740:	272d      	movs	r7, #45	; 0x2d
10002742:	f80e 7004 	strb.w	r7, [lr, r4]
10002746:	3401      	adds	r4, #1
10002748:	e9cd 560b 	strd	r5, r6, [sp, #44]	; 0x2c
1000274c:	e9cd e409 	strd	lr, r4, [sp, #36]	; 0x24
10002750:	e8bd 4ff0 	ldmia.w	sp!, {r4, r5, r6, r7, r8, r9, sl, fp, lr}
10002754:	f7ff bf60 	b.w	10002618 <_out_rev>
10002758:	f016 0f10 	tst.w	r6, #16
1000275c:	f04f 0420 	mov.w	r4, #32
10002760:	d0f2      	beq.n	10002748 <_ntoa_format+0xa8>
10002762:	f416 6f80 	tst.w	r6, #1024	; 0x400
10002766:	d103      	bne.n	10002770 <_ntoa_format+0xd0>
10002768:	42a7      	cmp	r7, r4
1000276a:	d049      	beq.n	10002800 <_ntoa_format+0x160>
1000276c:	42a5      	cmp	r5, r4
1000276e:	d047      	beq.n	10002800 <_ntoa_format+0x160>
10002770:	f1b8 0f10 	cmp.w	r8, #16
10002774:	d04e      	beq.n	10002814 <_ntoa_format+0x174>
10002776:	f1b8 0f02 	cmp.w	r8, #2
1000277a:	d039      	beq.n	100027f0 <_ntoa_format+0x150>
1000277c:	2c20      	cmp	r4, #32
1000277e:	d0e3      	beq.n	10002748 <_ntoa_format+0xa8>
10002780:	f04f 0c30 	mov.w	ip, #48	; 0x30
10002784:	eb0e 0704 	add.w	r7, lr, r4
10002788:	f887 c000 	strb.w	ip, [r7]
1000278c:	3401      	adds	r4, #1
1000278e:	2c20      	cmp	r4, #32
10002790:	d0da      	beq.n	10002748 <_ntoa_format+0xa8>
10002792:	f1b9 0f00 	cmp.w	r9, #0
10002796:	d1d3      	bne.n	10002740 <_ntoa_format+0xa0>
10002798:	0777      	lsls	r7, r6, #29
1000279a:	d41d      	bmi.n	100027d8 <_ntoa_format+0x138>
1000279c:	0737      	lsls	r7, r6, #28
1000279e:	d5d3      	bpl.n	10002748 <_ntoa_format+0xa8>
100027a0:	2720      	movs	r7, #32
100027a2:	f80e 7004 	strb.w	r7, [lr, r4]
100027a6:	3401      	adds	r4, #1
100027a8:	e7ce      	b.n	10002748 <_ntoa_format+0xa8>
100027aa:	f016 0b01 	ands.w	fp, r6, #1
100027ae:	d00d      	beq.n	100027cc <_ntoa_format+0x12c>
100027b0:	f1b9 0f00 	cmp.w	r9, #0
100027b4:	d122      	bne.n	100027fc <_ntoa_format+0x15c>
100027b6:	f016 0f0c 	tst.w	r6, #12
100027ba:	d11f      	bne.n	100027fc <_ntoa_format+0x15c>
100027bc:	42bc      	cmp	r4, r7
100027be:	d299      	bcs.n	100026f4 <_ntoa_format+0x54>
100027c0:	2c1f      	cmp	r4, #31
100027c2:	d987      	bls.n	100026d4 <_ntoa_format+0x34>
100027c4:	2d20      	cmp	r5, #32
100027c6:	d8c7      	bhi.n	10002758 <_ntoa_format+0xb8>
100027c8:	2420      	movs	r4, #32
100027ca:	e7a4      	b.n	10002716 <_ntoa_format+0x76>
100027cc:	42bc      	cmp	r4, r7
100027ce:	d2a2      	bcs.n	10002716 <_ntoa_format+0x76>
100027d0:	2c1f      	cmp	r4, #31
100027d2:	f67f af7f 	bls.w	100026d4 <_ntoa_format+0x34>
100027d6:	e7f7      	b.n	100027c8 <_ntoa_format+0x128>
100027d8:	272b      	movs	r7, #43	; 0x2b
100027da:	f80e 7004 	strb.w	r7, [lr, r4]
100027de:	3401      	adds	r4, #1
100027e0:	e9cd 560b 	strd	r5, r6, [sp, #44]	; 0x2c
100027e4:	e9cd e409 	strd	lr, r4, [sp, #36]	; 0x24
100027e8:	e8bd 4ff0 	ldmia.w	sp!, {r4, r5, r6, r7, r8, r9, sl, fp, lr}
100027ec:	f7ff bf14 	b.w	10002618 <_out_rev>
100027f0:	2c20      	cmp	r4, #32
100027f2:	d0a9      	beq.n	10002748 <_ntoa_format+0xa8>
100027f4:	eb0e 0704 	add.w	r7, lr, r4
100027f8:	3401      	adds	r4, #1
100027fa:	e040      	b.n	1000287e <_ntoa_format+0x1de>
100027fc:	3d01      	subs	r5, #1
100027fe:	e7dd      	b.n	100027bc <_ntoa_format+0x11c>
10002800:	1e67      	subs	r7, r4, #1
10002802:	d08f      	beq.n	10002724 <_ntoa_format+0x84>
10002804:	f1b8 0f10 	cmp.w	r8, #16
10002808:	d02f      	beq.n	1000286a <_ntoa_format+0x1ca>
1000280a:	f1b8 0f02 	cmp.w	r8, #2
1000280e:	d035      	beq.n	1000287c <_ntoa_format+0x1dc>
10002810:	463c      	mov	r4, r7
10002812:	e7b5      	b.n	10002780 <_ntoa_format+0xe0>
10002814:	06b7      	lsls	r7, r6, #26
10002816:	d40f      	bmi.n	10002838 <_ntoa_format+0x198>
10002818:	2c20      	cmp	r4, #32
1000281a:	d095      	beq.n	10002748 <_ntoa_format+0xa8>
1000281c:	eb0e 0c04 	add.w	ip, lr, r4
10002820:	3401      	adds	r4, #1
10002822:	2778      	movs	r7, #120	; 0x78
10002824:	f88c 7000 	strb.w	r7, [ip]
10002828:	e7a8      	b.n	1000277c <_ntoa_format+0xdc>
1000282a:	06b4      	lsls	r4, r6, #26
1000282c:	d40e      	bmi.n	1000284c <_ntoa_format+0x1ac>
1000282e:	2478      	movs	r4, #120	; 0x78
10002830:	f88e 4000 	strb.w	r4, [lr]
10002834:	2401      	movs	r4, #1
10002836:	e7a3      	b.n	10002780 <_ntoa_format+0xe0>
10002838:	2c20      	cmp	r4, #32
1000283a:	d085      	beq.n	10002748 <_ntoa_format+0xa8>
1000283c:	f04f 0c58 	mov.w	ip, #88	; 0x58
10002840:	eb0e 0704 	add.w	r7, lr, r4
10002844:	f887 c000 	strb.w	ip, [r7]
10002848:	3401      	adds	r4, #1
1000284a:	e797      	b.n	1000277c <_ntoa_format+0xdc>
1000284c:	2458      	movs	r4, #88	; 0x58
1000284e:	f88e 4000 	strb.w	r4, [lr]
10002852:	2401      	movs	r4, #1
10002854:	e794      	b.n	10002780 <_ntoa_format+0xe0>
10002856:	2462      	movs	r4, #98	; 0x62
10002858:	f88e 4000 	strb.w	r4, [lr]
1000285c:	2401      	movs	r4, #1
1000285e:	e78f      	b.n	10002780 <_ntoa_format+0xe0>
10002860:	f1bb 0f00 	cmp.w	fp, #0
10002864:	bf08      	it	eq
10002866:	2500      	moveq	r5, #0
10002868:	e755      	b.n	10002716 <_ntoa_format+0x76>
1000286a:	f016 0f20 	tst.w	r6, #32
1000286e:	f1a4 0402 	sub.w	r4, r4, #2
10002872:	d1e3      	bne.n	1000283c <_ntoa_format+0x19c>
10002874:	eb0e 0c04 	add.w	ip, lr, r4
10002878:	463c      	mov	r4, r7
1000287a:	e7d2      	b.n	10002822 <_ntoa_format+0x182>
1000287c:	4477      	add	r7, lr
1000287e:	f04f 0c62 	mov.w	ip, #98	; 0x62
10002882:	f887 c000 	strb.w	ip, [r7]
10002886:	e779      	b.n	1000277c <_ntoa_format+0xdc>

10002888 <_out_char>:
10002888:	b900      	cbnz	r0, 1000288c <_out_char+0x4>
1000288a:	4770      	bx	lr
1000288c:	f001 ba70 	b.w	10003d70 <__wrap_putchar>

10002890 <_out_fct>:
10002890:	b110      	cbz	r0, 10002898 <_out_fct+0x8>
10002892:	e9d1 3100 	ldrd	r3, r1, [r1]
10002896:	4718      	bx	r3
10002898:	4770      	bx	lr
1000289a:	bf00      	nop
1000289c:	0000      	movs	r0, r0
	...

100028a0 <_etoa>:
100028a0:	e92d 4ff0 	stmdb	sp!, {r4, r5, r6, r7, r8, r9, sl, fp, lr}
100028a4:	ed2d 8b04 	vpush	{d8-d9}
100028a8:	b09b      	sub	sp, #108	; 0x6c
100028aa:	9c2a      	ldr	r4, [sp, #168]	; 0xa8
100028ac:	e9dd 8928 	ldrd	r8, r9, [sp, #160]	; 0xa0
100028b0:	9409      	str	r4, [sp, #36]	; 0x24
100028b2:	9c2b      	ldr	r4, [sp, #172]	; 0xac
100028b4:	4683      	mov	fp, r0
100028b6:	461d      	mov	r5, r3
100028b8:	940d      	str	r4, [sp, #52]	; 0x34
100028ba:	920c      	str	r2, [sp, #48]	; 0x30
100028bc:	460c      	mov	r4, r1
100028be:	4642      	mov	r2, r8
100028c0:	464b      	mov	r3, r9
100028c2:	4640      	mov	r0, r8
100028c4:	4649      	mov	r1, r9
100028c6:	f8dd a0b0 	ldr.w	sl, [sp, #176]	; 0xb0
100028ca:	f7ff fe33 	bl	10002534 <__wrap___aeabi_dcmpun>
100028ce:	2800      	cmp	r0, #0
100028d0:	f040 80d6 	bne.w	10002a80 <_etoa+0x1e0>
100028d4:	4640      	mov	r0, r8
100028d6:	4649      	mov	r1, r9
100028d8:	f04f 32ff 	mov.w	r2, #4294967295	; 0xffffffff
100028dc:	4b74      	ldr	r3, [pc, #464]	; (10002ab0 <_etoa+0x210>)
100028de:	f7ff fe77 	bl	100025d0 <__wrap___aeabi_dcmpgt>
100028e2:	2800      	cmp	r0, #0
100028e4:	f040 80cc 	bne.w	10002a80 <_etoa+0x1e0>
100028e8:	4640      	mov	r0, r8
100028ea:	4649      	mov	r1, r9
100028ec:	f04f 32ff 	mov.w	r2, #4294967295	; 0xffffffff
100028f0:	f46f 1380 	mvn.w	r3, #1048576	; 0x100000
100028f4:	f7ff fe30 	bl	10002558 <__wrap___aeabi_dcmplt>
100028f8:	2800      	cmp	r0, #0
100028fa:	f040 80c1 	bne.w	10002a80 <_etoa+0x1e0>
100028fe:	4640      	mov	r0, r8
10002900:	4649      	mov	r1, r9
10002902:	2200      	movs	r2, #0
10002904:	2300      	movs	r3, #0
10002906:	f7ff fe27 	bl	10002558 <__wrap___aeabi_dcmplt>
1000290a:	2800      	cmp	r0, #0
1000290c:	f040 81c1 	bne.w	10002c92 <_etoa+0x3f2>
10002910:	e9cd 890a 	strd	r8, r9, [sp, #40]	; 0x28
10002914:	e9dd 230a 	ldrd	r2, r3, [sp, #40]	; 0x28
10002918:	461f      	mov	r7, r3
1000291a:	f41a 6380 	ands.w	r3, sl, #1024	; 0x400
1000291e:	4616      	mov	r6, r2
10002920:	9311      	str	r3, [sp, #68]	; 0x44
10002922:	9b09      	ldr	r3, [sp, #36]	; 0x24
10002924:	bf08      	it	eq
10002926:	2306      	moveq	r3, #6
10002928:	9309      	str	r3, [sp, #36]	; 0x24
1000292a:	ea56 0307 	orrs.w	r3, r6, r7
1000292e:	f040 80c3 	bne.w	10002ab8 <_etoa+0x218>
10002932:	f41a 6e00 	ands.w	lr, sl, #2048	; 0x800
10002936:	f000 81a4 	beq.w	10002c82 <_etoa+0x3e2>
1000293a:	ed9f 7b5b 	vldr	d7, [pc, #364]	; 10002aa8 <_etoa+0x208>
1000293e:	2300      	movs	r3, #0
10002940:	ed8d 7b0e 	vstr	d7, [sp, #56]	; 0x38
10002944:	9310      	str	r3, [sp, #64]	; 0x40
10002946:	9b09      	ldr	r3, [sp, #36]	; 0x24
10002948:	9a10      	ldr	r2, [sp, #64]	; 0x40
1000294a:	2600      	movs	r6, #0
1000294c:	4293      	cmp	r3, r2
1000294e:	bfd2      	itee	le
10002950:	2300      	movle	r3, #0
10002952:	eba3 0e02 	subgt.w	lr, r3, r2
10002956:	f10e 33ff 	addgt.w	r3, lr, #4294967295	; 0xffffffff
1000295a:	9309      	str	r3, [sp, #36]	; 0x24
1000295c:	f44a 6a80 	orr.w	sl, sl, #1024	; 0x400
10002960:	9610      	str	r6, [sp, #64]	; 0x40
10002962:	9b0d      	ldr	r3, [sp, #52]	; 0x34
10002964:	42b3      	cmp	r3, r6
10002966:	bf94      	ite	ls
10002968:	2700      	movls	r7, #0
1000296a:	1b9f      	subhi	r7, r3, r6
1000296c:	f01a 0302 	ands.w	r3, sl, #2
10002970:	9311      	str	r3, [sp, #68]	; 0x44
10002972:	d002      	beq.n	1000297a <_etoa+0xda>
10002974:	2e00      	cmp	r6, #0
10002976:	bf18      	it	ne
10002978:	2700      	movne	r7, #0
1000297a:	9b10      	ldr	r3, [sp, #64]	; 0x40
1000297c:	b13b      	cbz	r3, 1000298e <_etoa+0xee>
1000297e:	e9dd 010a 	ldrd	r0, r1, [sp, #40]	; 0x28
10002982:	e9dd 230e 	ldrd	r2, r3, [sp, #56]	; 0x38
10002986:	f7ff fd3f 	bl	10002408 <__wrap___aeabi_ddiv>
1000298a:	e9cd 010a 	strd	r0, r1, [sp, #40]	; 0x28
1000298e:	4640      	mov	r0, r8
10002990:	4649      	mov	r1, r9
10002992:	2200      	movs	r2, #0
10002994:	2300      	movs	r3, #0
10002996:	f7ff fddf 	bl	10002558 <__wrap___aeabi_dcmplt>
1000299a:	b130      	cbz	r0, 100029aa <_etoa+0x10a>
1000299c:	e9dd 010a 	ldrd	r0, r1, [sp, #40]	; 0x28
100029a0:	4602      	mov	r2, r0
100029a2:	f101 4300 	add.w	r3, r1, #2147483648	; 0x80000000
100029a6:	e9cd 230a 	strd	r2, r3, [sp, #40]	; 0x28
100029aa:	ed9d 7b0a 	vldr	d7, [sp, #40]	; 0x28
100029ae:	9b09      	ldr	r3, [sp, #36]	; 0x24
100029b0:	ed8d 7b00 	vstr	d7, [sp]
100029b4:	9302      	str	r3, [sp, #8]
100029b6:	f42a 6300 	bic.w	r3, sl, #2048	; 0x800
100029ba:	9304      	str	r3, [sp, #16]
100029bc:	4621      	mov	r1, r4
100029be:	462b      	mov	r3, r5
100029c0:	4658      	mov	r0, fp
100029c2:	9a0c      	ldr	r2, [sp, #48]	; 0x30
100029c4:	9703      	str	r7, [sp, #12]
100029c6:	f000 f99b 	bl	10002d00 <_ftoa>
100029ca:	4680      	mov	r8, r0
100029cc:	2e00      	cmp	r6, #0
100029ce:	d051      	beq.n	10002a74 <_etoa+0x1d4>
100029d0:	f01a 0f20 	tst.w	sl, #32
100029d4:	4642      	mov	r2, r8
100029d6:	bf14      	ite	ne
100029d8:	2045      	movne	r0, #69	; 0x45
100029da:	2065      	moveq	r0, #101	; 0x65
100029dc:	462b      	mov	r3, r5
100029de:	4621      	mov	r1, r4
100029e0:	47d8      	blx	fp
100029e2:	9a10      	ldr	r2, [sp, #64]	; 0x40
100029e4:	f10d 0c48 	add.w	ip, sp, #72	; 0x48
100029e8:	ea82 73e2 	eor.w	r3, r2, r2, asr #31
100029ec:	eba3 73e2 	sub.w	r3, r3, r2, asr #31
100029f0:	ea4f 7ed2 	mov.w	lr, r2, lsr #31
100029f4:	2700      	movs	r7, #0
100029f6:	4662      	mov	r2, ip
100029f8:	4618      	mov	r0, r3
100029fa:	f8df 90b8 	ldr.w	r9, [pc, #184]	; 10002ab4 <_etoa+0x214>
100029fe:	f108 0801 	add.w	r8, r8, #1
10002a02:	f106 3aff 	add.w	sl, r6, #4294967295	; 0xffffffff
10002a06:	e001      	b.n	10002a0c <_etoa+0x16c>
10002a08:	2f20      	cmp	r7, #32
10002a0a:	d00f      	beq.n	10002a2c <_etoa+0x18c>
10002a0c:	4606      	mov	r6, r0
10002a0e:	fba9 3100 	umull	r3, r1, r9, r0
10002a12:	08c9      	lsrs	r1, r1, #3
10002a14:	eb01 0381 	add.w	r3, r1, r1, lsl #2
10002a18:	eba0 0343 	sub.w	r3, r0, r3, lsl #1
10002a1c:	3330      	adds	r3, #48	; 0x30
10002a1e:	2e09      	cmp	r6, #9
10002a20:	4608      	mov	r0, r1
10002a22:	f107 0701 	add.w	r7, r7, #1
10002a26:	f802 3b01 	strb.w	r3, [r2], #1
10002a2a:	d8ed      	bhi.n	10002a08 <_etoa+0x168>
10002a2c:	2305      	movs	r3, #5
10002a2e:	2000      	movs	r0, #0
10002a30:	9306      	str	r3, [sp, #24]
10002a32:	230a      	movs	r3, #10
10002a34:	4642      	mov	r2, r8
10002a36:	e9cd 3003 	strd	r3, r0, [sp, #12]
10002a3a:	4621      	mov	r1, r4
10002a3c:	462b      	mov	r3, r5
10002a3e:	4658      	mov	r0, fp
10002a40:	e9cd 7e01 	strd	r7, lr, [sp, #4]
10002a44:	f8cd a014 	str.w	sl, [sp, #20]
10002a48:	f8cd c000 	str.w	ip, [sp]
10002a4c:	f7ff fe28 	bl	100026a0 <_ntoa_format>
10002a50:	9b11      	ldr	r3, [sp, #68]	; 0x44
10002a52:	4680      	mov	r8, r0
10002a54:	b173      	cbz	r3, 10002a74 <_etoa+0x1d4>
10002a56:	9b0c      	ldr	r3, [sp, #48]	; 0x30
10002a58:	9f0d      	ldr	r7, [sp, #52]	; 0x34
10002a5a:	1ac6      	subs	r6, r0, r3
10002a5c:	42b7      	cmp	r7, r6
10002a5e:	d909      	bls.n	10002a74 <_etoa+0x1d4>
10002a60:	4642      	mov	r2, r8
10002a62:	462b      	mov	r3, r5
10002a64:	4621      	mov	r1, r4
10002a66:	2020      	movs	r0, #32
10002a68:	3601      	adds	r6, #1
10002a6a:	47d8      	blx	fp
10002a6c:	42b7      	cmp	r7, r6
10002a6e:	f108 0801 	add.w	r8, r8, #1
10002a72:	d8f5      	bhi.n	10002a60 <_etoa+0x1c0>
10002a74:	4640      	mov	r0, r8
10002a76:	b01b      	add	sp, #108	; 0x6c
10002a78:	ecbd 8b04 	vpop	{d8-d9}
10002a7c:	e8bd 8ff0 	ldmia.w	sp!, {r4, r5, r6, r7, r8, r9, sl, fp, pc}
10002a80:	9b0d      	ldr	r3, [sp, #52]	; 0x34
10002a82:	4621      	mov	r1, r4
10002a84:	932b      	str	r3, [sp, #172]	; 0xac
10002a86:	4658      	mov	r0, fp
10002a88:	462b      	mov	r3, r5
10002a8a:	9c09      	ldr	r4, [sp, #36]	; 0x24
10002a8c:	9a0c      	ldr	r2, [sp, #48]	; 0x30
10002a8e:	e9cd 8928 	strd	r8, r9, [sp, #160]	; 0xa0
10002a92:	f8cd a0b0 	str.w	sl, [sp, #176]	; 0xb0
10002a96:	942a      	str	r4, [sp, #168]	; 0xa8
10002a98:	b01b      	add	sp, #108	; 0x6c
10002a9a:	ecbd 8b04 	vpop	{d8-d9}
10002a9e:	e8bd 4ff0 	ldmia.w	sp!, {r4, r5, r6, r7, r8, r9, sl, fp, lr}
10002aa2:	f000 b92d 	b.w	10002d00 <_ftoa>
10002aa6:	bf00      	nop
	...
10002ab0:	7fefffff 	.word	0x7fefffff
10002ab4:	cccccccd 	.word	0xcccccccd
10002ab8:	f3c7 500a 	ubfx	r0, r7, #20, #11
10002abc:	f2a0 30ff 	subw	r0, r0, #1023	; 0x3ff
10002ac0:	f7ff fcf0 	bl	100024a4 <__wrap___aeabi_i2d>
10002ac4:	a38a      	add	r3, pc, #552	; (adr r3, 10002cf0 <_etoa+0x450>)
10002ac6:	e9d3 2300 	ldrd	r2, r3, [r3]
10002aca:	f7ff fc79 	bl	100023c0 <__wrap___aeabi_dmul>
10002ace:	a38a      	add	r3, pc, #552	; (adr r3, 10002cf8 <_etoa+0x458>)
10002ad0:	e9d3 2300 	ldrd	r2, r3, [r3]
10002ad4:	f7ff fc4c 	bl	10002370 <__wrap___aeabi_dadd>
10002ad8:	f3c7 0313 	ubfx	r3, r7, #0, #20
10002adc:	ec41 0b18 	vmov	d8, r0, r1
10002ae0:	f043 517f 	orr.w	r1, r3, #1069547520	; 0x3fc00000
10002ae4:	4630      	mov	r0, r6
10002ae6:	2200      	movs	r2, #0
10002ae8:	4b7b      	ldr	r3, [pc, #492]	; (10002cd8 <_etoa+0x438>)
10002aea:	f441 1140 	orr.w	r1, r1, #3145728	; 0x300000
10002aee:	f7ff fc53 	bl	10002398 <__wrap___aeabi_dsub>
10002af2:	a36b      	add	r3, pc, #428	; (adr r3, 10002ca0 <_etoa+0x400>)
10002af4:	e9d3 2300 	ldrd	r2, r3, [r3]
10002af8:	f7ff fc62 	bl	100023c0 <__wrap___aeabi_dmul>
10002afc:	4602      	mov	r2, r0
10002afe:	460b      	mov	r3, r1
10002b00:	ec51 0b18 	vmov	r0, r1, d8
10002b04:	f7ff fc34 	bl	10002370 <__wrap___aeabi_dadd>
10002b08:	f7ff fcf0 	bl	100024ec <__wrap___aeabi_d2iz>
10002b0c:	9010      	str	r0, [sp, #64]	; 0x40
10002b0e:	f7ff fcc9 	bl	100024a4 <__wrap___aeabi_i2d>
10002b12:	a365      	add	r3, pc, #404	; (adr r3, 10002ca8 <_etoa+0x408>)
10002b14:	e9d3 2300 	ldrd	r2, r3, [r3]
10002b18:	4606      	mov	r6, r0
10002b1a:	460f      	mov	r7, r1
10002b1c:	f7ff fc50 	bl	100023c0 <__wrap___aeabi_dmul>
10002b20:	2200      	movs	r2, #0
10002b22:	4b6e      	ldr	r3, [pc, #440]	; (10002cdc <_etoa+0x43c>)
10002b24:	f7ff fc24 	bl	10002370 <__wrap___aeabi_dadd>
10002b28:	f7ff fce0 	bl	100024ec <__wrap___aeabi_d2iz>
10002b2c:	4603      	mov	r3, r0
10002b2e:	4639      	mov	r1, r7
10002b30:	4630      	mov	r0, r6
10002b32:	930e      	str	r3, [sp, #56]	; 0x38
10002b34:	a35e      	add	r3, pc, #376	; (adr r3, 10002cb0 <_etoa+0x410>)
10002b36:	e9d3 2300 	ldrd	r2, r3, [r3]
10002b3a:	f7ff fc41 	bl	100023c0 <__wrap___aeabi_dmul>
10002b3e:	4606      	mov	r6, r0
10002b40:	980e      	ldr	r0, [sp, #56]	; 0x38
10002b42:	460f      	mov	r7, r1
10002b44:	f7ff fcae 	bl	100024a4 <__wrap___aeabi_i2d>
10002b48:	a35b      	add	r3, pc, #364	; (adr r3, 10002cb8 <_etoa+0x418>)
10002b4a:	e9d3 2300 	ldrd	r2, r3, [r3]
10002b4e:	f7ff fc37 	bl	100023c0 <__wrap___aeabi_dmul>
10002b52:	4602      	mov	r2, r0
10002b54:	460b      	mov	r3, r1
10002b56:	4630      	mov	r0, r6
10002b58:	4639      	mov	r1, r7
10002b5a:	f7ff fc1d 	bl	10002398 <__wrap___aeabi_dsub>
10002b5e:	4602      	mov	r2, r0
10002b60:	460b      	mov	r3, r1
10002b62:	4606      	mov	r6, r0
10002b64:	460f      	mov	r7, r1
10002b66:	f7ff fc2b 	bl	100023c0 <__wrap___aeabi_dmul>
10002b6a:	4632      	mov	r2, r6
10002b6c:	ec41 0b18 	vmov	d8, r0, r1
10002b70:	463b      	mov	r3, r7
10002b72:	4630      	mov	r0, r6
10002b74:	4639      	mov	r1, r7
10002b76:	f7ff fbfb 	bl	10002370 <__wrap___aeabi_dadd>
10002b7a:	2200      	movs	r2, #0
10002b7c:	ec41 0b19 	vmov	d9, r0, r1
10002b80:	4b57      	ldr	r3, [pc, #348]	; (10002ce0 <_etoa+0x440>)
10002b82:	ec51 0b18 	vmov	r0, r1, d8
10002b86:	f7ff fc3f 	bl	10002408 <__wrap___aeabi_ddiv>
10002b8a:	2200      	movs	r2, #0
10002b8c:	4b55      	ldr	r3, [pc, #340]	; (10002ce4 <_etoa+0x444>)
10002b8e:	f7ff fbef 	bl	10002370 <__wrap___aeabi_dadd>
10002b92:	4602      	mov	r2, r0
10002b94:	460b      	mov	r3, r1
10002b96:	ec51 0b18 	vmov	r0, r1, d8
10002b9a:	f7ff fc35 	bl	10002408 <__wrap___aeabi_ddiv>
10002b9e:	2200      	movs	r2, #0
10002ba0:	4b51      	ldr	r3, [pc, #324]	; (10002ce8 <_etoa+0x448>)
10002ba2:	f7ff fbe5 	bl	10002370 <__wrap___aeabi_dadd>
10002ba6:	4602      	mov	r2, r0
10002ba8:	460b      	mov	r3, r1
10002baa:	ec51 0b18 	vmov	r0, r1, d8
10002bae:	f7ff fc2b 	bl	10002408 <__wrap___aeabi_ddiv>
10002bb2:	4632      	mov	r2, r6
10002bb4:	463b      	mov	r3, r7
10002bb6:	4606      	mov	r6, r0
10002bb8:	460f      	mov	r7, r1
10002bba:	2000      	movs	r0, #0
10002bbc:	f04f 4180 	mov.w	r1, #1073741824	; 0x40000000
10002bc0:	f7ff fbea 	bl	10002398 <__wrap___aeabi_dsub>
10002bc4:	4602      	mov	r2, r0
10002bc6:	460b      	mov	r3, r1
10002bc8:	4630      	mov	r0, r6
10002bca:	4639      	mov	r1, r7
10002bcc:	f7ff fbd0 	bl	10002370 <__wrap___aeabi_dadd>
10002bd0:	4602      	mov	r2, r0
10002bd2:	460b      	mov	r3, r1
10002bd4:	ec51 0b19 	vmov	r0, r1, d9
10002bd8:	f7ff fc16 	bl	10002408 <__wrap___aeabi_ddiv>
10002bdc:	2200      	movs	r2, #0
10002bde:	4b43      	ldr	r3, [pc, #268]	; (10002cec <_etoa+0x44c>)
10002be0:	f7ff fbc6 	bl	10002370 <__wrap___aeabi_dadd>
10002be4:	9b0e      	ldr	r3, [sp, #56]	; 0x38
10002be6:	2200      	movs	r2, #0
10002be8:	f203 36ff 	addw	r6, r3, #1023	; 0x3ff
10002bec:	0533      	lsls	r3, r6, #20
10002bee:	f7ff fbe7 	bl	100023c0 <__wrap___aeabi_dmul>
10002bf2:	4606      	mov	r6, r0
10002bf4:	460f      	mov	r7, r1
10002bf6:	e9dd 010a 	ldrd	r0, r1, [sp, #40]	; 0x28
10002bfa:	4632      	mov	r2, r6
10002bfc:	463b      	mov	r3, r7
10002bfe:	e9cd 670e 	strd	r6, r7, [sp, #56]	; 0x38
10002c02:	f7ff fca9 	bl	10002558 <__wrap___aeabi_dcmplt>
10002c06:	bb60      	cbnz	r0, 10002c62 <_etoa+0x3c2>
10002c08:	4631      	mov	r1, r6
10002c0a:	463a      	mov	r2, r7
10002c0c:	9b10      	ldr	r3, [sp, #64]	; 0x40
10002c0e:	3363      	adds	r3, #99	; 0x63
10002c10:	2bc7      	cmp	r3, #199	; 0xc7
10002c12:	bf34      	ite	cc
10002c14:	2604      	movcc	r6, #4
10002c16:	2605      	movcs	r6, #5
10002c18:	f41a 6f00 	tst.w	sl, #2048	; 0x800
10002c1c:	f43f aea1 	beq.w	10002962 <_etoa+0xc2>
10002c20:	ea51 0302 	orrs.w	r3, r1, r2
10002c24:	f43f ae8f 	beq.w	10002946 <_etoa+0xa6>
10002c28:	e9dd 010a 	ldrd	r0, r1, [sp, #40]	; 0x28
10002c2c:	a324      	add	r3, pc, #144	; (adr r3, 10002cc0 <_etoa+0x420>)
10002c2e:	e9d3 2300 	ldrd	r2, r3, [r3]
10002c32:	f7ff fcb9 	bl	100025a8 <__wrap___aeabi_dcmpge>
10002c36:	b148      	cbz	r0, 10002c4c <_etoa+0x3ac>
10002c38:	e9dd 010a 	ldrd	r0, r1, [sp, #40]	; 0x28
10002c3c:	a322      	add	r3, pc, #136	; (adr r3, 10002cc8 <_etoa+0x428>)
10002c3e:	e9d3 2300 	ldrd	r2, r3, [r3]
10002c42:	f7ff fc89 	bl	10002558 <__wrap___aeabi_dcmplt>
10002c46:	2800      	cmp	r0, #0
10002c48:	f47f ae7d 	bne.w	10002946 <_etoa+0xa6>
10002c4c:	9b09      	ldr	r3, [sp, #36]	; 0x24
10002c4e:	2b00      	cmp	r3, #0
10002c50:	f43f ae87 	beq.w	10002962 <_etoa+0xc2>
10002c54:	9a11      	ldr	r2, [sp, #68]	; 0x44
10002c56:	2a00      	cmp	r2, #0
10002c58:	f43f ae83 	beq.w	10002962 <_etoa+0xc2>
10002c5c:	3b01      	subs	r3, #1
10002c5e:	9309      	str	r3, [sp, #36]	; 0x24
10002c60:	e67f      	b.n	10002962 <_etoa+0xc2>
10002c62:	9b10      	ldr	r3, [sp, #64]	; 0x40
10002c64:	2200      	movs	r2, #0
10002c66:	3b01      	subs	r3, #1
10002c68:	9310      	str	r3, [sp, #64]	; 0x40
10002c6a:	4630      	mov	r0, r6
10002c6c:	4b1d      	ldr	r3, [pc, #116]	; (10002ce4 <_etoa+0x444>)
10002c6e:	4639      	mov	r1, r7
10002c70:	f7ff fbca 	bl	10002408 <__wrap___aeabi_ddiv>
10002c74:	460b      	mov	r3, r1
10002c76:	4602      	mov	r2, r0
10002c78:	4601      	mov	r1, r0
10002c7a:	e9cd 230e 	strd	r2, r3, [sp, #56]	; 0x38
10002c7e:	461a      	mov	r2, r3
10002c80:	e7c4      	b.n	10002c0c <_etoa+0x36c>
10002c82:	ed9f 7b13 	vldr	d7, [pc, #76]	; 10002cd0 <_etoa+0x430>
10002c86:	2604      	movs	r6, #4
10002c88:	ed8d 7b0e 	vstr	d7, [sp, #56]	; 0x38
10002c8c:	f8cd e040 	str.w	lr, [sp, #64]	; 0x40
10002c90:	e667      	b.n	10002962 <_etoa+0xc2>
10002c92:	f109 4300 	add.w	r3, r9, #2147483648	; 0x80000000
10002c96:	f8cd 8028 	str.w	r8, [sp, #40]	; 0x28
10002c9a:	930b      	str	r3, [sp, #44]	; 0x2c
10002c9c:	e63a      	b.n	10002914 <_etoa+0x74>
10002c9e:	bf00      	nop
10002ca0:	636f4361 	.word	0x636f4361
10002ca4:	3fd287a7 	.word	0x3fd287a7
10002ca8:	0979a371 	.word	0x0979a371
10002cac:	400a934f 	.word	0x400a934f
10002cb0:	bbb55516 	.word	0xbbb55516
10002cb4:	40026bb1 	.word	0x40026bb1
10002cb8:	fefa39ef 	.word	0xfefa39ef
10002cbc:	3fe62e42 	.word	0x3fe62e42
10002cc0:	eb1c432d 	.word	0xeb1c432d
10002cc4:	3f1a36e2 	.word	0x3f1a36e2
10002cc8:	00000000 	.word	0x00000000
10002ccc:	412e8480 	.word	0x412e8480
	...
10002cd8:	3ff80000 	.word	0x3ff80000
10002cdc:	3fe00000 	.word	0x3fe00000
10002ce0:	402c0000 	.word	0x402c0000
10002ce4:	40240000 	.word	0x40240000
10002ce8:	40180000 	.word	0x40180000
10002cec:	3ff00000 	.word	0x3ff00000
10002cf0:	509f79fb 	.word	0x509f79fb
10002cf4:	3fd34413 	.word	0x3fd34413
10002cf8:	8b60c8b3 	.word	0x8b60c8b3
10002cfc:	3fc68a28 	.word	0x3fc68a28

10002d00 <_ftoa>:
10002d00:	e92d 4ff0 	stmdb	sp!, {r4, r5, r6, r7, r8, r9, sl, fp, lr}
10002d04:	ed2d 8b02 	vpush	{d8}
10002d08:	b095      	sub	sp, #84	; 0x54
10002d0a:	e9dd 4522 	ldrd	r4, r5, [sp, #136]	; 0x88
10002d0e:	9506      	str	r5, [sp, #24]
10002d10:	9d24      	ldr	r5, [sp, #144]	; 0x90
10002d12:	e9dd 6720 	ldrd	r6, r7, [sp, #128]	; 0x80
10002d16:	e9cd 0107 	strd	r0, r1, [sp, #28]
10002d1a:	e9cd 2309 	strd	r2, r3, [sp, #36]	; 0x24
10002d1e:	4630      	mov	r0, r6
10002d20:	4632      	mov	r2, r6
10002d22:	463b      	mov	r3, r7
10002d24:	4639      	mov	r1, r7
10002d26:	9505      	str	r5, [sp, #20]
10002d28:	f7ff fc04 	bl	10002534 <__wrap___aeabi_dcmpun>
10002d2c:	2800      	cmp	r0, #0
10002d2e:	f040 81c4 	bne.w	100030ba <_ftoa+0x3ba>
10002d32:	4630      	mov	r0, r6
10002d34:	4639      	mov	r1, r7
10002d36:	f04f 32ff 	mov.w	r2, #4294967295	; 0xffffffff
10002d3a:	f46f 1380 	mvn.w	r3, #1048576	; 0x100000
10002d3e:	f7ff fc0b 	bl	10002558 <__wrap___aeabi_dcmplt>
10002d42:	2800      	cmp	r0, #0
10002d44:	f040 810d 	bne.w	10002f62 <_ftoa+0x262>
10002d48:	4630      	mov	r0, r6
10002d4a:	4639      	mov	r1, r7
10002d4c:	f04f 32ff 	mov.w	r2, #4294967295	; 0xffffffff
10002d50:	4bbf      	ldr	r3, [pc, #764]	; (10003050 <_ftoa+0x350>)
10002d52:	f7ff fc3d 	bl	100025d0 <__wrap___aeabi_dcmpgt>
10002d56:	2800      	cmp	r0, #0
10002d58:	f040 80dd 	bne.w	10002f16 <_ftoa+0x216>
10002d5c:	a3b8      	add	r3, pc, #736	; (adr r3, 10003040 <_ftoa+0x340>)
10002d5e:	e9d3 2300 	ldrd	r2, r3, [r3]
10002d62:	4630      	mov	r0, r6
10002d64:	4639      	mov	r1, r7
10002d66:	f7ff fc33 	bl	100025d0 <__wrap___aeabi_dcmpgt>
10002d6a:	2800      	cmp	r0, #0
10002d6c:	f040 80c1 	bne.w	10002ef2 <_ftoa+0x1f2>
10002d70:	a3b5      	add	r3, pc, #724	; (adr r3, 10003048 <_ftoa+0x348>)
10002d72:	e9d3 2300 	ldrd	r2, r3, [r3]
10002d76:	4630      	mov	r0, r6
10002d78:	4639      	mov	r1, r7
10002d7a:	f7ff fbed 	bl	10002558 <__wrap___aeabi_dcmplt>
10002d7e:	2800      	cmp	r0, #0
10002d80:	f040 80b7 	bne.w	10002ef2 <_ftoa+0x1f2>
10002d84:	4630      	mov	r0, r6
10002d86:	4639      	mov	r1, r7
10002d88:	2200      	movs	r2, #0
10002d8a:	2300      	movs	r3, #0
10002d8c:	f7ff fbe4 	bl	10002558 <__wrap___aeabi_dcmplt>
10002d90:	2800      	cmp	r0, #0
10002d92:	f040 80da 	bne.w	10002f4a <_ftoa+0x24a>
10002d96:	462b      	mov	r3, r5
10002d98:	900b      	str	r0, [sp, #44]	; 0x2c
10002d9a:	f413 6f80 	tst.w	r3, #1024	; 0x400
10002d9e:	bf08      	it	eq
10002da0:	2406      	moveq	r4, #6
10002da2:	2130      	movs	r1, #48	; 0x30
10002da4:	46a2      	mov	sl, r4
10002da6:	ab0c      	add	r3, sp, #48	; 0x30
10002da8:	f1a4 0220 	sub.w	r2, r4, #32
10002dac:	e006      	b.n	10002dbc <_ftoa+0xbc>
10002dae:	f10a 3aff 	add.w	sl, sl, #4294967295	; 0xffffffff
10002db2:	4552      	cmp	r2, sl
10002db4:	f803 1b01 	strb.w	r1, [r3], #1
10002db8:	f000 8131 	beq.w	1000301e <_ftoa+0x31e>
10002dbc:	f1ba 0f09 	cmp.w	sl, #9
10002dc0:	eba4 050a 	sub.w	r5, r4, sl
10002dc4:	d8f3      	bhi.n	10002dae <_ftoa+0xae>
10002dc6:	4639      	mov	r1, r7
10002dc8:	4630      	mov	r0, r6
10002dca:	f7ff fb8f 	bl	100024ec <__wrap___aeabi_d2iz>
10002dce:	4ba1      	ldr	r3, [pc, #644]	; (10003054 <_ftoa+0x354>)
10002dd0:	4604      	mov	r4, r0
10002dd2:	eb03 03ca 	add.w	r3, r3, sl, lsl #3
10002dd6:	ed93 8b00 	vldr	d8, [r3]
10002dda:	f7ff fb63 	bl	100024a4 <__wrap___aeabi_i2d>
10002dde:	4602      	mov	r2, r0
10002de0:	460b      	mov	r3, r1
10002de2:	4630      	mov	r0, r6
10002de4:	4639      	mov	r1, r7
10002de6:	f7ff fad7 	bl	10002398 <__wrap___aeabi_dsub>
10002dea:	ec53 2b18 	vmov	r2, r3, d8
10002dee:	f7ff fae7 	bl	100023c0 <__wrap___aeabi_dmul>
10002df2:	4689      	mov	r9, r1
10002df4:	4680      	mov	r8, r0
10002df6:	f7ff fb8b 	bl	10002510 <__wrap___aeabi_d2uiz>
10002dfa:	4683      	mov	fp, r0
10002dfc:	f7ff fb64 	bl	100024c8 <__wrap___aeabi_ui2d>
10002e00:	4602      	mov	r2, r0
10002e02:	460b      	mov	r3, r1
10002e04:	4640      	mov	r0, r8
10002e06:	4649      	mov	r1, r9
10002e08:	f7ff fac6 	bl	10002398 <__wrap___aeabi_dsub>
10002e0c:	2200      	movs	r2, #0
10002e0e:	4b92      	ldr	r3, [pc, #584]	; (10003058 <_ftoa+0x358>)
10002e10:	4680      	mov	r8, r0
10002e12:	4689      	mov	r9, r1
10002e14:	f7ff fbdc 	bl	100025d0 <__wrap___aeabi_dcmpgt>
10002e18:	2800      	cmp	r0, #0
10002e1a:	f000 80f1 	beq.w	10003000 <_ftoa+0x300>
10002e1e:	f10b 0b01 	add.w	fp, fp, #1
10002e22:	4658      	mov	r0, fp
10002e24:	f7ff fb50 	bl	100024c8 <__wrap___aeabi_ui2d>
10002e28:	4602      	mov	r2, r0
10002e2a:	460b      	mov	r3, r1
10002e2c:	ec51 0b18 	vmov	r0, r1, d8
10002e30:	f7ff fba6 	bl	10002580 <__wrap___aeabi_dcmple>
10002e34:	b110      	cbz	r0, 10002e3c <_ftoa+0x13c>
10002e36:	f04f 0b00 	mov.w	fp, #0
10002e3a:	3401      	adds	r4, #1
10002e3c:	f1ba 0f00 	cmp.w	sl, #0
10002e40:	f040 809a 	bne.w	10002f78 <_ftoa+0x278>
10002e44:	4620      	mov	r0, r4
10002e46:	f7ff fb2d 	bl	100024a4 <__wrap___aeabi_i2d>
10002e4a:	4602      	mov	r2, r0
10002e4c:	460b      	mov	r3, r1
10002e4e:	4630      	mov	r0, r6
10002e50:	4639      	mov	r1, r7
10002e52:	f7ff faa1 	bl	10002398 <__wrap___aeabi_dsub>
10002e56:	2200      	movs	r2, #0
10002e58:	4b7f      	ldr	r3, [pc, #508]	; (10003058 <_ftoa+0x358>)
10002e5a:	4606      	mov	r6, r0
10002e5c:	460f      	mov	r7, r1
10002e5e:	f7ff fb7b 	bl	10002558 <__wrap___aeabi_dcmplt>
10002e62:	b940      	cbnz	r0, 10002e76 <_ftoa+0x176>
10002e64:	4630      	mov	r0, r6
10002e66:	4639      	mov	r1, r7
10002e68:	2200      	movs	r2, #0
10002e6a:	4b7b      	ldr	r3, [pc, #492]	; (10003058 <_ftoa+0x358>)
10002e6c:	f7ff fbb0 	bl	100025d0 <__wrap___aeabi_dcmpgt>
10002e70:	2800      	cmp	r0, #0
10002e72:	f000 8116 	beq.w	100030a2 <_ftoa+0x3a2>
10002e76:	1e6a      	subs	r2, r5, #1
10002e78:	ab0c      	add	r3, sp, #48	; 0x30
10002e7a:	4978      	ldr	r1, [pc, #480]	; (1000305c <_ftoa+0x35c>)
10002e7c:	441a      	add	r2, r3
10002e7e:	2d20      	cmp	r5, #32
10002e80:	ea4f 73e4 	mov.w	r3, r4, asr #31
10002e84:	f000 8093 	beq.w	10002fae <_ftoa+0x2ae>
10002e88:	fb81 6004 	smull	r6, r0, r1, r4
10002e8c:	ebc3 03a0 	rsb	r3, r3, r0, asr #2
10002e90:	eb03 0083 	add.w	r0, r3, r3, lsl #2
10002e94:	eba4 0440 	sub.w	r4, r4, r0, lsl #1
10002e98:	f104 0030 	add.w	r0, r4, #48	; 0x30
10002e9c:	3501      	adds	r5, #1
10002e9e:	461c      	mov	r4, r3
10002ea0:	f802 0f01 	strb.w	r0, [r2, #1]!
10002ea4:	2b00      	cmp	r3, #0
10002ea6:	d1ea      	bne.n	10002e7e <_ftoa+0x17e>
10002ea8:	9b05      	ldr	r3, [sp, #20]
10002eaa:	f003 0303 	and.w	r3, r3, #3
10002eae:	2b01      	cmp	r3, #1
10002eb0:	f000 8083 	beq.w	10002fba <_ftoa+0x2ba>
10002eb4:	2d20      	cmp	r5, #32
10002eb6:	d00a      	beq.n	10002ece <_ftoa+0x1ce>
10002eb8:	9b0b      	ldr	r3, [sp, #44]	; 0x2c
10002eba:	2b00      	cmp	r3, #0
10002ebc:	f000 80b1 	beq.w	10003022 <_ftoa+0x322>
10002ec0:	222d      	movs	r2, #45	; 0x2d
10002ec2:	f105 0350 	add.w	r3, r5, #80	; 0x50
10002ec6:	446b      	add	r3, sp
10002ec8:	f803 2c20 	strb.w	r2, [r3, #-32]
10002ecc:	3501      	adds	r5, #1
10002ece:	9b05      	ldr	r3, [sp, #20]
10002ed0:	ac0c      	add	r4, sp, #48	; 0x30
10002ed2:	9303      	str	r3, [sp, #12]
10002ed4:	9b06      	ldr	r3, [sp, #24]
10002ed6:	9400      	str	r4, [sp, #0]
10002ed8:	e9cd 5301 	strd	r5, r3, [sp, #4]
10002edc:	e9dd 0107 	ldrd	r0, r1, [sp, #28]
10002ee0:	e9dd 2309 	ldrd	r2, r3, [sp, #36]	; 0x24
10002ee4:	f7ff fb98 	bl	10002618 <_out_rev>
10002ee8:	b015      	add	sp, #84	; 0x54
10002eea:	ecbd 8b02 	vpop	{d8}
10002eee:	e8bd 8ff0 	ldmia.w	sp!, {r4, r5, r6, r7, r8, r9, sl, fp, pc}
10002ef2:	9b05      	ldr	r3, [sp, #20]
10002ef4:	e9cd 6720 	strd	r6, r7, [sp, #128]	; 0x80
10002ef8:	e9dd 0107 	ldrd	r0, r1, [sp, #28]
10002efc:	9324      	str	r3, [sp, #144]	; 0x90
10002efe:	9b06      	ldr	r3, [sp, #24]
10002f00:	9422      	str	r4, [sp, #136]	; 0x88
10002f02:	9323      	str	r3, [sp, #140]	; 0x8c
10002f04:	e9dd 2309 	ldrd	r2, r3, [sp, #36]	; 0x24
10002f08:	b015      	add	sp, #84	; 0x54
10002f0a:	ecbd 8b02 	vpop	{d8}
10002f0e:	e8bd 4ff0 	ldmia.w	sp!, {r4, r5, r6, r7, r8, r9, sl, fp, lr}
10002f12:	f7ff bcc5 	b.w	100028a0 <_etoa>
10002f16:	f005 0404 	and.w	r4, r5, #4
10002f1a:	9523      	str	r5, [sp, #140]	; 0x8c
10002f1c:	4d50      	ldr	r5, [pc, #320]	; (10003060 <_ftoa+0x360>)
10002f1e:	2c00      	cmp	r4, #0
10002f20:	4c50      	ldr	r4, [pc, #320]	; (10003064 <_ftoa+0x364>)
10002f22:	bf18      	it	ne
10002f24:	462c      	movne	r4, r5
10002f26:	e9dd 0107 	ldrd	r0, r1, [sp, #28]
10002f2a:	9420      	str	r4, [sp, #128]	; 0x80
10002f2c:	bf0c      	ite	eq
10002f2e:	2403      	moveq	r4, #3
10002f30:	2404      	movne	r4, #4
10002f32:	9b06      	ldr	r3, [sp, #24]
10002f34:	9322      	str	r3, [sp, #136]	; 0x88
10002f36:	e9dd 2309 	ldrd	r2, r3, [sp, #36]	; 0x24
10002f3a:	9421      	str	r4, [sp, #132]	; 0x84
10002f3c:	b015      	add	sp, #84	; 0x54
10002f3e:	ecbd 8b02 	vpop	{d8}
10002f42:	e8bd 4ff0 	ldmia.w	sp!, {r4, r5, r6, r7, r8, r9, sl, fp, lr}
10002f46:	f7ff bb67 	b.w	10002618 <_out_rev>
10002f4a:	2101      	movs	r1, #1
10002f4c:	463b      	mov	r3, r7
10002f4e:	4632      	mov	r2, r6
10002f50:	910b      	str	r1, [sp, #44]	; 0x2c
10002f52:	2000      	movs	r0, #0
10002f54:	2100      	movs	r1, #0
10002f56:	f7ff fa1f 	bl	10002398 <__wrap___aeabi_dsub>
10002f5a:	462b      	mov	r3, r5
10002f5c:	4606      	mov	r6, r0
10002f5e:	460f      	mov	r7, r1
10002f60:	e71b      	b.n	10002d9a <_ftoa+0x9a>
10002f62:	9c06      	ldr	r4, [sp, #24]
10002f64:	9523      	str	r5, [sp, #140]	; 0x8c
10002f66:	9422      	str	r4, [sp, #136]	; 0x88
10002f68:	2404      	movs	r4, #4
10002f6a:	e9dd 2309 	ldrd	r2, r3, [sp, #36]	; 0x24
10002f6e:	e9dd 0107 	ldrd	r0, r1, [sp, #28]
10002f72:	4d3d      	ldr	r5, [pc, #244]	; (10003068 <_ftoa+0x368>)
10002f74:	9520      	str	r5, [sp, #128]	; 0x80
10002f76:	e7e0      	b.n	10002f3a <_ftoa+0x23a>
10002f78:	1e68      	subs	r0, r5, #1
10002f7a:	ab0c      	add	r3, sp, #48	; 0x30
10002f7c:	4f3b      	ldr	r7, [pc, #236]	; (1000306c <_ftoa+0x36c>)
10002f7e:	4418      	add	r0, r3
10002f80:	e00f      	b.n	10002fa2 <_ftoa+0x2a2>
10002f82:	fba7 320b 	umull	r3, r2, r7, fp
10002f86:	08d2      	lsrs	r2, r2, #3
10002f88:	eb02 0382 	add.w	r3, r2, r2, lsl #2
10002f8c:	ebab 0343 	sub.w	r3, fp, r3, lsl #1
10002f90:	3330      	adds	r3, #48	; 0x30
10002f92:	f1bb 0f09 	cmp.w	fp, #9
10002f96:	f800 3f01 	strb.w	r3, [r0, #1]!
10002f9a:	d969      	bls.n	10003070 <_ftoa+0x370>
10002f9c:	46b2      	mov	sl, r6
10002f9e:	4693      	mov	fp, r2
10002fa0:	460d      	mov	r5, r1
10002fa2:	2d20      	cmp	r5, #32
10002fa4:	f10a 36ff 	add.w	r6, sl, #4294967295	; 0xffffffff
10002fa8:	f105 0101 	add.w	r1, r5, #1
10002fac:	d1e9      	bne.n	10002f82 <_ftoa+0x282>
10002fae:	9b05      	ldr	r3, [sp, #20]
10002fb0:	2520      	movs	r5, #32
10002fb2:	f003 0303 	and.w	r3, r3, #3
10002fb6:	2b01      	cmp	r3, #1
10002fb8:	d189      	bne.n	10002ece <_ftoa+0x1ce>
10002fba:	9b06      	ldr	r3, [sp, #24]
10002fbc:	2b00      	cmp	r3, #0
10002fbe:	f43f af79 	beq.w	10002eb4 <_ftoa+0x1b4>
10002fc2:	9b0b      	ldr	r3, [sp, #44]	; 0x2c
10002fc4:	b91b      	cbnz	r3, 10002fce <_ftoa+0x2ce>
10002fc6:	9b05      	ldr	r3, [sp, #20]
10002fc8:	f013 0f0c 	tst.w	r3, #12
10002fcc:	d002      	beq.n	10002fd4 <_ftoa+0x2d4>
10002fce:	9b06      	ldr	r3, [sp, #24]
10002fd0:	3b01      	subs	r3, #1
10002fd2:	9306      	str	r3, [sp, #24]
10002fd4:	9b06      	ldr	r3, [sp, #24]
10002fd6:	42ab      	cmp	r3, r5
10002fd8:	f67f af6c 	bls.w	10002eb4 <_ftoa+0x1b4>
10002fdc:	2d20      	cmp	r5, #32
10002fde:	d00d      	beq.n	10002ffc <_ftoa+0x2fc>
10002fe0:	2230      	movs	r2, #48	; 0x30
10002fe2:	1e6b      	subs	r3, r5, #1
10002fe4:	eb0d 0102 	add.w	r1, sp, r2
10002fe8:	440b      	add	r3, r1
10002fea:	9906      	ldr	r1, [sp, #24]
10002fec:	3501      	adds	r5, #1
10002fee:	428d      	cmp	r5, r1
10002ff0:	f803 2f01 	strb.w	r2, [r3, #1]!
10002ff4:	f43f af5e 	beq.w	10002eb4 <_ftoa+0x1b4>
10002ff8:	2d20      	cmp	r5, #32
10002ffa:	d1f7      	bne.n	10002fec <_ftoa+0x2ec>
10002ffc:	2520      	movs	r5, #32
10002ffe:	e766      	b.n	10002ece <_ftoa+0x1ce>
10003000:	4640      	mov	r0, r8
10003002:	4649      	mov	r1, r9
10003004:	2200      	movs	r2, #0
10003006:	4b14      	ldr	r3, [pc, #80]	; (10003058 <_ftoa+0x358>)
10003008:	f7ff faa6 	bl	10002558 <__wrap___aeabi_dcmplt>
1000300c:	2800      	cmp	r0, #0
1000300e:	f47f af15 	bne.w	10002e3c <_ftoa+0x13c>
10003012:	f1bb 0f00 	cmp.w	fp, #0
10003016:	d14b      	bne.n	100030b0 <_ftoa+0x3b0>
10003018:	f10b 0b01 	add.w	fp, fp, #1
1000301c:	e70e      	b.n	10002e3c <_ftoa+0x13c>
1000301e:	2520      	movs	r5, #32
10003020:	e6d1      	b.n	10002dc6 <_ftoa+0xc6>
10003022:	9b05      	ldr	r3, [sp, #20]
10003024:	075a      	lsls	r2, r3, #29
10003026:	d441      	bmi.n	100030ac <_ftoa+0x3ac>
10003028:	071b      	lsls	r3, r3, #28
1000302a:	f57f af50 	bpl.w	10002ece <_ftoa+0x1ce>
1000302e:	2220      	movs	r2, #32
10003030:	f105 0330 	add.w	r3, r5, #48	; 0x30
10003034:	4413      	add	r3, r2
10003036:	446b      	add	r3, sp
10003038:	f803 2c20 	strb.w	r2, [r3, #-32]
1000303c:	3501      	adds	r5, #1
1000303e:	e746      	b.n	10002ece <_ftoa+0x1ce>
10003040:	00000000 	.word	0x00000000
10003044:	41cdcd65 	.word	0x41cdcd65
10003048:	00000000 	.word	0x00000000
1000304c:	c1cdcd65 	.word	0xc1cdcd65
10003050:	7fefffff 	.word	0x7fefffff
10003054:	10007af8 	.word	0x10007af8
10003058:	3fe00000 	.word	0x3fe00000
1000305c:	66666667 	.word	0x66666667
10003060:	10007ae4 	.word	0x10007ae4
10003064:	10007ae0 	.word	0x10007ae0
10003068:	10007af0 	.word	0x10007af0
1000306c:	cccccccd 	.word	0xcccccccd
10003070:	2920      	cmp	r1, #32
10003072:	d09c      	beq.n	10002fae <_ftoa+0x2ae>
10003074:	b35e      	cbz	r6, 100030ce <_ftoa+0x3ce>
10003076:	ab0c      	add	r3, sp, #48	; 0x30
10003078:	195a      	adds	r2, r3, r5
1000307a:	2030      	movs	r0, #48	; 0x30
1000307c:	460d      	mov	r5, r1
1000307e:	3501      	adds	r5, #1
10003080:	2d20      	cmp	r5, #32
10003082:	f802 0f01 	strb.w	r0, [r2, #1]!
10003086:	d092      	beq.n	10002fae <_ftoa+0x2ae>
10003088:	43eb      	mvns	r3, r5
1000308a:	440b      	add	r3, r1
1000308c:	eb13 0f0a 	cmn.w	r3, sl
10003090:	d1f5      	bne.n	1000307e <_ftoa+0x37e>
10003092:	222e      	movs	r2, #46	; 0x2e
10003094:	f105 0350 	add.w	r3, r5, #80	; 0x50
10003098:	446b      	add	r3, sp
1000309a:	f803 2c20 	strb.w	r2, [r3, #-32]
1000309e:	3501      	adds	r5, #1
100030a0:	e6e9      	b.n	10002e76 <_ftoa+0x176>
100030a2:	07e1      	lsls	r1, r4, #31
100030a4:	f57f aee7 	bpl.w	10002e76 <_ftoa+0x176>
100030a8:	3401      	adds	r4, #1
100030aa:	e6e4      	b.n	10002e76 <_ftoa+0x176>
100030ac:	222b      	movs	r2, #43	; 0x2b
100030ae:	e708      	b.n	10002ec2 <_ftoa+0x1c2>
100030b0:	f01b 0f01 	tst.w	fp, #1
100030b4:	f43f aec2 	beq.w	10002e3c <_ftoa+0x13c>
100030b8:	e7ae      	b.n	10003018 <_ftoa+0x318>
100030ba:	9c06      	ldr	r4, [sp, #24]
100030bc:	9523      	str	r5, [sp, #140]	; 0x8c
100030be:	9422      	str	r4, [sp, #136]	; 0x88
100030c0:	4d04      	ldr	r5, [pc, #16]	; (100030d4 <_ftoa+0x3d4>)
100030c2:	2403      	movs	r4, #3
100030c4:	e9dd 2309 	ldrd	r2, r3, [sp, #36]	; 0x24
100030c8:	e9dd 0107 	ldrd	r0, r1, [sp, #28]
100030cc:	e752      	b.n	10002f74 <_ftoa+0x274>
100030ce:	460d      	mov	r5, r1
100030d0:	e7df      	b.n	10003092 <_ftoa+0x392>
100030d2:	bf00      	nop
100030d4:	10007aec 	.word	0x10007aec

100030d8 <_vsnprintf>:
100030d8:	e92d 4ff0 	stmdb	sp!, {r4, r5, r6, r7, r8, r9, sl, fp, lr}
100030dc:	b09b      	sub	sp, #108	; 0x6c
100030de:	9c24      	ldr	r4, [sp, #144]	; 0x90
100030e0:	4d84      	ldr	r5, [pc, #528]	; (100032f4 <_vsnprintf+0x21c>)
100030e2:	9409      	str	r4, [sp, #36]	; 0x24
100030e4:	4c84      	ldr	r4, [pc, #528]	; (100032f8 <_vsnprintf+0x220>)
100030e6:	1e0f      	subs	r7, r1, #0
100030e8:	bf18      	it	ne
100030ea:	4683      	movne	fp, r0
100030ec:	6025      	str	r5, [r4, #0]
100030ee:	7818      	ldrb	r0, [r3, #0]
100030f0:	4d82      	ldr	r5, [pc, #520]	; (100032fc <_vsnprintf+0x224>)
100030f2:	4690      	mov	r8, r2
100030f4:	bf08      	it	eq
100030f6:	46ab      	moveq	fp, r5
100030f8:	2800      	cmp	r0, #0
100030fa:	f000 82c4 	beq.w	10003686 <_vsnprintf+0x5ae>
100030fe:	461c      	mov	r4, r3
10003100:	f04f 0a00 	mov.w	sl, #0
10003104:	e00a      	b.n	1000311c <_vsnprintf+0x44>
10003106:	4652      	mov	r2, sl
10003108:	4643      	mov	r3, r8
1000310a:	4639      	mov	r1, r7
1000310c:	47d8      	blx	fp
1000310e:	f10a 0a01 	add.w	sl, sl, #1
10003112:	3401      	adds	r4, #1
10003114:	7820      	ldrb	r0, [r4, #0]
10003116:	2800      	cmp	r0, #0
10003118:	f000 80c9 	beq.w	100032ae <_vsnprintf+0x1d6>
1000311c:	2825      	cmp	r0, #37	; 0x25
1000311e:	d1f2      	bne.n	10003106 <_vsnprintf+0x2e>
10003120:	2100      	movs	r1, #0
10003122:	1c63      	adds	r3, r4, #1
10003124:	461c      	mov	r4, r3
10003126:	f813 0b01 	ldrb.w	r0, [r3], #1
1000312a:	f1a0 0220 	sub.w	r2, r0, #32
1000312e:	2a10      	cmp	r2, #16
10003130:	d80a      	bhi.n	10003148 <_vsnprintf+0x70>
10003132:	e8df f002 	tbb	[pc, r2]
10003136:	093c      	.short	0x093c
10003138:	09093909 	.word	0x09093909
1000313c:	09090909 	.word	0x09090909
10003140:	33093609 	.word	0x33093609
10003144:	0909      	.short	0x0909
10003146:	30          	.byte	0x30
10003147:	00          	.byte	0x00
10003148:	f1a0 0330 	sub.w	r3, r0, #48	; 0x30
1000314c:	2b09      	cmp	r3, #9
1000314e:	f240 8090 	bls.w	10003272 <_vsnprintf+0x19a>
10003152:	282a      	cmp	r0, #42	; 0x2a
10003154:	f000 80b9 	beq.w	100032ca <_vsnprintf+0x1f2>
10003158:	2500      	movs	r5, #0
1000315a:	282e      	cmp	r0, #46	; 0x2e
1000315c:	f000 8098 	beq.w	10003290 <_vsnprintf+0x1b8>
10003160:	2300      	movs	r3, #0
10003162:	930a      	str	r3, [sp, #40]	; 0x28
10003164:	f1a0 0368 	sub.w	r3, r0, #104	; 0x68
10003168:	2b12      	cmp	r3, #18
1000316a:	d827      	bhi.n	100031bc <_vsnprintf+0xe4>
1000316c:	e8df f013 	tbh	[pc, r3, lsl #1]
10003170:	0026011f 	.word	0x0026011f
10003174:	0026011a 	.word	0x0026011a
10003178:	00260127 	.word	0x00260127
1000317c:	00260026 	.word	0x00260026
10003180:	00260026 	.word	0x00260026
10003184:	00260026 	.word	0x00260026
10003188:	00260022 	.word	0x00260022
1000318c:	00260026 	.word	0x00260026
10003190:	00260026 	.word	0x00260026
10003194:	0022      	.short	0x0022
10003196:	f041 0101 	orr.w	r1, r1, #1
1000319a:	e7c3      	b.n	10003124 <_vsnprintf+0x4c>
1000319c:	f041 0102 	orr.w	r1, r1, #2
100031a0:	e7c0      	b.n	10003124 <_vsnprintf+0x4c>
100031a2:	f041 0104 	orr.w	r1, r1, #4
100031a6:	e7bd      	b.n	10003124 <_vsnprintf+0x4c>
100031a8:	f041 0110 	orr.w	r1, r1, #16
100031ac:	e7ba      	b.n	10003124 <_vsnprintf+0x4c>
100031ae:	f041 0108 	orr.w	r1, r1, #8
100031b2:	e7b7      	b.n	10003124 <_vsnprintf+0x4c>
100031b4:	7860      	ldrb	r0, [r4, #1]
100031b6:	f441 7180 	orr.w	r1, r1, #256	; 0x100
100031ba:	3401      	adds	r4, #1
100031bc:	f1a0 0325 	sub.w	r3, r0, #37	; 0x25
100031c0:	2b53      	cmp	r3, #83	; 0x53
100031c2:	f200 808e 	bhi.w	100032e2 <_vsnprintf+0x20a>
100031c6:	e8df f013 	tbh	[pc, r3, lsl #1]
100031ca:	011c      	.short	0x011c
100031cc:	008c008c 	.word	0x008c008c
100031d0:	008c008c 	.word	0x008c008c
100031d4:	008c008c 	.word	0x008c008c
100031d8:	008c008c 	.word	0x008c008c
100031dc:	008c008c 	.word	0x008c008c
100031e0:	008c008c 	.word	0x008c008c
100031e4:	008c008c 	.word	0x008c008c
100031e8:	008c008c 	.word	0x008c008c
100031ec:	008c008c 	.word	0x008c008c
100031f0:	008c008c 	.word	0x008c008c
100031f4:	008c008c 	.word	0x008c008c
100031f8:	008c008c 	.word	0x008c008c
100031fc:	008c008c 	.word	0x008c008c
10003200:	008c008c 	.word	0x008c008c
10003204:	008c008c 	.word	0x008c008c
10003208:	01c5008c 	.word	0x01c5008c
1000320c:	01c50102 	.word	0x01c50102
10003210:	008c008c 	.word	0x008c008c
10003214:	008c008c 	.word	0x008c008c
10003218:	008c008c 	.word	0x008c008c
1000321c:	008c008c 	.word	0x008c008c
10003220:	008c008c 	.word	0x008c008c
10003224:	008c008c 	.word	0x008c008c
10003228:	008c008c 	.word	0x008c008c
1000322c:	008c008c 	.word	0x008c008c
10003230:	008c009b 	.word	0x008c009b
10003234:	008c008c 	.word	0x008c008c
10003238:	008c008c 	.word	0x008c008c
1000323c:	008c008c 	.word	0x008c008c
10003240:	008c008c 	.word	0x008c008c
10003244:	018e009b 	.word	0x018e009b
10003248:	01c5009b 	.word	0x01c5009b
1000324c:	01c50102 	.word	0x01c50102
10003250:	009b008c 	.word	0x009b008c
10003254:	008c008c 	.word	0x008c008c
10003258:	008c008c 	.word	0x008c008c
1000325c:	009b008c 	.word	0x009b008c
10003260:	008c016e 	.word	0x008c016e
10003264:	0126008c 	.word	0x0126008c
10003268:	009b008c 	.word	0x009b008c
1000326c:	008c008c 	.word	0x008c008c
10003270:	009b      	.short	0x009b
10003272:	2500      	movs	r5, #0
10003274:	eb05 0585 	add.w	r5, r5, r5, lsl #2
10003278:	eb00 0545 	add.w	r5, r0, r5, lsl #1
1000327c:	f814 0f01 	ldrb.w	r0, [r4, #1]!
10003280:	3d30      	subs	r5, #48	; 0x30
10003282:	f1a0 0330 	sub.w	r3, r0, #48	; 0x30
10003286:	2b09      	cmp	r3, #9
10003288:	d9f4      	bls.n	10003274 <_vsnprintf+0x19c>
1000328a:	282e      	cmp	r0, #46	; 0x2e
1000328c:	f47f af68 	bne.w	10003160 <_vsnprintf+0x88>
10003290:	7860      	ldrb	r0, [r4, #1]
10003292:	f441 6180 	orr.w	r1, r1, #1024	; 0x400
10003296:	f1a0 0330 	sub.w	r3, r0, #48	; 0x30
1000329a:	2b09      	cmp	r3, #9
1000329c:	f104 0201 	add.w	r2, r4, #1
100032a0:	f240 813f 	bls.w	10003522 <_vsnprintf+0x44a>
100032a4:	282a      	cmp	r0, #42	; 0x2a
100032a6:	f000 814b 	beq.w	10003540 <_vsnprintf+0x468>
100032aa:	4614      	mov	r4, r2
100032ac:	e758      	b.n	10003160 <_vsnprintf+0x88>
100032ae:	4654      	mov	r4, sl
100032b0:	45d0      	cmp	r8, sl
100032b2:	d801      	bhi.n	100032b8 <_vsnprintf+0x1e0>
100032b4:	f108 3aff 	add.w	sl, r8, #4294967295	; 0xffffffff
100032b8:	4643      	mov	r3, r8
100032ba:	4652      	mov	r2, sl
100032bc:	4639      	mov	r1, r7
100032be:	2000      	movs	r0, #0
100032c0:	47d8      	blx	fp
100032c2:	4620      	mov	r0, r4
100032c4:	b01b      	add	sp, #108	; 0x6c
100032c6:	e8bd 8ff0 	ldmia.w	sp!, {r4, r5, r6, r7, r8, r9, sl, fp, pc}
100032ca:	9b09      	ldr	r3, [sp, #36]	; 0x24
100032cc:	7860      	ldrb	r0, [r4, #1]
100032ce:	f853 5b04 	ldr.w	r5, [r3], #4
100032d2:	3401      	adds	r4, #1
100032d4:	2d00      	cmp	r5, #0
100032d6:	bfbc      	itt	lt
100032d8:	f041 0102 	orrlt.w	r1, r1, #2
100032dc:	426d      	neglt	r5, r5
100032de:	9309      	str	r3, [sp, #36]	; 0x24
100032e0:	e73b      	b.n	1000315a <_vsnprintf+0x82>
100032e2:	4652      	mov	r2, sl
100032e4:	4643      	mov	r3, r8
100032e6:	4639      	mov	r1, r7
100032e8:	3401      	adds	r4, #1
100032ea:	f10a 0a01 	add.w	sl, sl, #1
100032ee:	47d8      	blx	fp
100032f0:	e710      	b.n	10003114 <_vsnprintf+0x3c>
100032f2:	bf00      	nop
100032f4:	100030d9 	.word	0x100030d9
100032f8:	20002568 	.word	0x20002568
100032fc:	10002615 	.word	0x10002615
10003300:	2878      	cmp	r0, #120	; 0x78
10003302:	f000 817a 	beq.w	100035fa <_vsnprintf+0x522>
10003306:	2858      	cmp	r0, #88	; 0x58
10003308:	f000 81c0 	beq.w	1000368c <_vsnprintf+0x5b4>
1000330c:	286f      	cmp	r0, #111	; 0x6f
1000330e:	f000 820e 	beq.w	1000372e <_vsnprintf+0x656>
10003312:	2862      	cmp	r0, #98	; 0x62
10003314:	f000 836a 	beq.w	100039ec <_vsnprintf+0x914>
10003318:	f021 0310 	bic.w	r3, r1, #16
1000331c:	2869      	cmp	r0, #105	; 0x69
1000331e:	f04f 090a 	mov.w	r9, #10
10003322:	930b      	str	r3, [sp, #44]	; 0x2c
10003324:	f040 8206 	bne.w	10003734 <_vsnprintf+0x65c>
10003328:	0549      	lsls	r1, r1, #21
1000332a:	f100 816d 	bmi.w	10003608 <_vsnprintf+0x530>
1000332e:	9b0b      	ldr	r3, [sp, #44]	; 0x2c
10003330:	f413 7000 	ands.w	r0, r3, #512	; 0x200
10003334:	f040 8208 	bne.w	10003748 <_vsnprintf+0x670>
10003338:	f413 7180 	ands.w	r1, r3, #256	; 0x100
1000333c:	f040 82e3 	bne.w	10003906 <_vsnprintf+0x82e>
10003340:	065e      	lsls	r6, r3, #25
10003342:	9a09      	ldr	r2, [sp, #36]	; 0x24
10003344:	f100 8249 	bmi.w	100037da <_vsnprintf+0x702>
10003348:	f013 0f80 	tst.w	r3, #128	; 0x80
1000334c:	f852 3b04 	ldr.w	r3, [r2], #4
10003350:	f000 8397 	beq.w	10003a82 <_vsnprintf+0x9aa>
10003354:	b21b      	sxth	r3, r3
10003356:	9209      	str	r2, [sp, #36]	; 0x24
10003358:	ea83 72e3 	eor.w	r2, r3, r3, asr #31
1000335c:	eba2 72e3 	sub.w	r2, r2, r3, asr #31
10003360:	b292      	uxth	r2, r2
10003362:	0fd8      	lsrs	r0, r3, #31
10003364:	900d      	str	r0, [sp, #52]	; 0x34
10003366:	2b00      	cmp	r3, #0
10003368:	f040 8265 	bne.w	10003836 <_vsnprintf+0x75e>
1000336c:	980b      	ldr	r0, [sp, #44]	; 0x2c
1000336e:	f020 0310 	bic.w	r3, r0, #16
10003372:	0540      	lsls	r0, r0, #21
10003374:	930b      	str	r3, [sp, #44]	; 0x2c
10003376:	f140 825e 	bpl.w	10003836 <_vsnprintf+0x75e>
1000337a:	ab12      	add	r3, sp, #72	; 0x48
1000337c:	930c      	str	r3, [sp, #48]	; 0x30
1000337e:	4652      	mov	r2, sl
10003380:	9b0b      	ldr	r3, [sp, #44]	; 0x2c
10003382:	e9cd 5305 	strd	r5, r3, [sp, #20]
10003386:	9b0a      	ldr	r3, [sp, #40]	; 0x28
10003388:	e9cd 9303 	strd	r9, r3, [sp, #12]
1000338c:	9b0d      	ldr	r3, [sp, #52]	; 0x34
1000338e:	e9cd 1301 	strd	r1, r3, [sp, #4]
10003392:	9b0c      	ldr	r3, [sp, #48]	; 0x30
10003394:	9300      	str	r3, [sp, #0]
10003396:	4643      	mov	r3, r8
10003398:	4639      	mov	r1, r7
1000339a:	4658      	mov	r0, fp
1000339c:	f7ff f980 	bl	100026a0 <_ntoa_format>
100033a0:	4682      	mov	sl, r0
100033a2:	e07e      	b.n	100034a2 <_vsnprintf+0x3ca>
100033a4:	7860      	ldrb	r0, [r4, #1]
100033a6:	f441 7100 	orr.w	r1, r1, #512	; 0x200
100033aa:	3401      	adds	r4, #1
100033ac:	e706      	b.n	100031bc <_vsnprintf+0xe4>
100033ae:	7860      	ldrb	r0, [r4, #1]
100033b0:	2868      	cmp	r0, #104	; 0x68
100033b2:	f000 8163 	beq.w	1000367c <_vsnprintf+0x5a4>
100033b6:	f041 0180 	orr.w	r1, r1, #128	; 0x80
100033ba:	3401      	adds	r4, #1
100033bc:	e6fe      	b.n	100031bc <_vsnprintf+0xe4>
100033be:	7860      	ldrb	r0, [r4, #1]
100033c0:	286c      	cmp	r0, #108	; 0x6c
100033c2:	f000 8156 	beq.w	10003672 <_vsnprintf+0x59a>
100033c6:	f441 7180 	orr.w	r1, r1, #256	; 0x100
100033ca:	3401      	adds	r4, #1
100033cc:	e6f6      	b.n	100031bc <_vsnprintf+0xe4>
100033ce:	9b0a      	ldr	r3, [sp, #40]	; 0x28
100033d0:	2846      	cmp	r0, #70	; 0x46
100033d2:	bf08      	it	eq
100033d4:	f041 0120 	orreq.w	r1, r1, #32
100033d8:	9302      	str	r3, [sp, #8]
100033da:	9b09      	ldr	r3, [sp, #36]	; 0x24
100033dc:	e9cd 5103 	strd	r5, r1, [sp, #12]
100033e0:	3307      	adds	r3, #7
100033e2:	f023 0507 	bic.w	r5, r3, #7
100033e6:	ecb5 7b02 	vldmia	r5!, {d7}
100033ea:	4652      	mov	r2, sl
100033ec:	4643      	mov	r3, r8
100033ee:	4639      	mov	r1, r7
100033f0:	4658      	mov	r0, fp
100033f2:	ed8d 7b00 	vstr	d7, [sp]
100033f6:	9509      	str	r5, [sp, #36]	; 0x24
100033f8:	f7ff fc82 	bl	10002d00 <_ftoa>
100033fc:	3401      	adds	r4, #1
100033fe:	4682      	mov	sl, r0
10003400:	e688      	b.n	10003114 <_vsnprintf+0x3c>
10003402:	f10a 0001 	add.w	r0, sl, #1
10003406:	4652      	mov	r2, sl
10003408:	4643      	mov	r3, r8
1000340a:	4682      	mov	sl, r0
1000340c:	4639      	mov	r1, r7
1000340e:	2025      	movs	r0, #37	; 0x25
10003410:	3401      	adds	r4, #1
10003412:	47d8      	blx	fp
10003414:	e67e      	b.n	10003114 <_vsnprintf+0x3c>
10003416:	9b09      	ldr	r3, [sp, #36]	; 0x24
10003418:	f853 6b04 	ldr.w	r6, [r3], #4
1000341c:	930d      	str	r3, [sp, #52]	; 0x34
1000341e:	9b0a      	ldr	r3, [sp, #40]	; 0x28
10003420:	7830      	ldrb	r0, [r6, #0]
10003422:	2b00      	cmp	r3, #0
10003424:	f000 80d8 	beq.w	100035d8 <_vsnprintf+0x500>
10003428:	2800      	cmp	r0, #0
1000342a:	f000 8332 	beq.w	10003a92 <_vsnprintf+0x9ba>
1000342e:	1e5a      	subs	r2, r3, #1
10003430:	3201      	adds	r2, #1
10003432:	46b1      	mov	r9, r6
10003434:	4432      	add	r2, r6
10003436:	e001      	b.n	1000343c <_vsnprintf+0x364>
10003438:	4591      	cmp	r9, r2
1000343a:	d003      	beq.n	10003444 <_vsnprintf+0x36c>
1000343c:	f819 3f01 	ldrb.w	r3, [r9, #1]!
10003440:	2b00      	cmp	r3, #0
10003442:	d1f9      	bne.n	10003438 <_vsnprintf+0x360>
10003444:	eba9 0306 	sub.w	r3, r9, r6
10003448:	9309      	str	r3, [sp, #36]	; 0x24
1000344a:	f411 6380 	ands.w	r3, r1, #1024	; 0x400
1000344e:	930b      	str	r3, [sp, #44]	; 0x2c
10003450:	d005      	beq.n	1000345e <_vsnprintf+0x386>
10003452:	e9dd 3209 	ldrd	r3, r2, [sp, #36]	; 0x24
10003456:	4293      	cmp	r3, r2
10003458:	bf28      	it	cs
1000345a:	4613      	movcs	r3, r2
1000345c:	9309      	str	r3, [sp, #36]	; 0x24
1000345e:	f011 0302 	ands.w	r3, r1, #2
10003462:	930c      	str	r3, [sp, #48]	; 0x30
10003464:	f000 8149 	beq.w	100036fa <_vsnprintf+0x622>
10003468:	2800      	cmp	r0, #0
1000346a:	f000 8134 	beq.w	100036d6 <_vsnprintf+0x5fe>
1000346e:	9b0b      	ldr	r3, [sp, #44]	; 0x2c
10003470:	2b00      	cmp	r3, #0
10003472:	f000 80b7 	beq.w	100035e4 <_vsnprintf+0x50c>
10003476:	9b0a      	ldr	r3, [sp, #40]	; 0x28
10003478:	4652      	mov	r2, sl
1000347a:	4453      	add	r3, sl
1000347c:	4699      	mov	r9, r3
1000347e:	e008      	b.n	10003492 <_vsnprintf+0x3ba>
10003480:	4643      	mov	r3, r8
10003482:	4639      	mov	r1, r7
10003484:	47d8      	blx	fp
10003486:	f816 0f01 	ldrb.w	r0, [r6, #1]!
1000348a:	f10a 0a01 	add.w	sl, sl, #1
1000348e:	b110      	cbz	r0, 10003496 <_vsnprintf+0x3be>
10003490:	4652      	mov	r2, sl
10003492:	45d1      	cmp	r9, sl
10003494:	d1f4      	bne.n	10003480 <_vsnprintf+0x3a8>
10003496:	9b0c      	ldr	r3, [sp, #48]	; 0x30
10003498:	2b00      	cmp	r3, #0
1000349a:	f040 811c 	bne.w	100036d6 <_vsnprintf+0x5fe>
1000349e:	9b0d      	ldr	r3, [sp, #52]	; 0x34
100034a0:	9309      	str	r3, [sp, #36]	; 0x24
100034a2:	3401      	adds	r4, #1
100034a4:	e636      	b.n	10003114 <_vsnprintf+0x3c>
100034a6:	9809      	ldr	r0, [sp, #36]	; 0x24
100034a8:	f850 3b04 	ldr.w	r3, [r0], #4
100034ac:	2b00      	cmp	r3, #0
100034ae:	d074      	beq.n	1000359a <_vsnprintf+0x4c2>
100034b0:	f041 0521 	orr.w	r5, r1, #33	; 0x21
100034b4:	aa12      	add	r2, sp, #72	; 0x48
100034b6:	4616      	mov	r6, r2
100034b8:	2100      	movs	r1, #0
100034ba:	920c      	str	r2, [sp, #48]	; 0x30
100034bc:	e002      	b.n	100034c4 <_vsnprintf+0x3ec>
100034be:	2920      	cmp	r1, #32
100034c0:	d074      	beq.n	100035ac <_vsnprintf+0x4d4>
100034c2:	4613      	mov	r3, r2
100034c4:	f003 0c0f 	and.w	ip, r3, #15
100034c8:	4662      	mov	r2, ip
100034ca:	f1bc 0f09 	cmp.w	ip, #9
100034ce:	bf94      	ite	ls
100034d0:	3230      	addls	r2, #48	; 0x30
100034d2:	3237      	addhi	r2, #55	; 0x37
100034d4:	2b0f      	cmp	r3, #15
100034d6:	f806 2b01 	strb.w	r2, [r6], #1
100034da:	f101 0101 	add.w	r1, r1, #1
100034de:	ea4f 1213 	mov.w	r2, r3, lsr #4
100034e2:	d8ec      	bhi.n	100034be <_vsnprintf+0x3e6>
100034e4:	e062      	b.n	100035ac <_vsnprintf+0x4d4>
100034e6:	078b      	lsls	r3, r1, #30
100034e8:	f140 80da 	bpl.w	100036a0 <_vsnprintf+0x5c8>
100034ec:	f8dd 9024 	ldr.w	r9, [sp, #36]	; 0x24
100034f0:	4652      	mov	r2, sl
100034f2:	f859 0b04 	ldr.w	r0, [r9], #4
100034f6:	4643      	mov	r3, r8
100034f8:	4639      	mov	r1, r7
100034fa:	b2c0      	uxtb	r0, r0
100034fc:	47d8      	blx	fp
100034fe:	2d01      	cmp	r5, #1
10003500:	f10a 0601 	add.w	r6, sl, #1
10003504:	bf88      	it	hi
10003506:	44aa      	addhi	sl, r5
10003508:	f240 8191 	bls.w	1000382e <_vsnprintf+0x756>
1000350c:	4632      	mov	r2, r6
1000350e:	4643      	mov	r3, r8
10003510:	4639      	mov	r1, r7
10003512:	2020      	movs	r0, #32
10003514:	3601      	adds	r6, #1
10003516:	47d8      	blx	fp
10003518:	4556      	cmp	r6, sl
1000351a:	d1f7      	bne.n	1000350c <_vsnprintf+0x434>
1000351c:	f8cd 9024 	str.w	r9, [sp, #36]	; 0x24
10003520:	e7bf      	b.n	100034a2 <_vsnprintf+0x3ca>
10003522:	2300      	movs	r3, #0
10003524:	eb03 0383 	add.w	r3, r3, r3, lsl #2
10003528:	eb00 0343 	add.w	r3, r0, r3, lsl #1
1000352c:	f812 0f01 	ldrb.w	r0, [r2, #1]!
10003530:	3b30      	subs	r3, #48	; 0x30
10003532:	f1a0 0430 	sub.w	r4, r0, #48	; 0x30
10003536:	2c09      	cmp	r4, #9
10003538:	d9f4      	bls.n	10003524 <_vsnprintf+0x44c>
1000353a:	4614      	mov	r4, r2
1000353c:	930a      	str	r3, [sp, #40]	; 0x28
1000353e:	e611      	b.n	10003164 <_vsnprintf+0x8c>
10003540:	9b09      	ldr	r3, [sp, #36]	; 0x24
10003542:	78a0      	ldrb	r0, [r4, #2]
10003544:	f853 2b04 	ldr.w	r2, [r3], #4
10003548:	3402      	adds	r4, #2
1000354a:	9309      	str	r3, [sp, #36]	; 0x24
1000354c:	ea22 73e2 	bic.w	r3, r2, r2, asr #31
10003550:	930a      	str	r3, [sp, #40]	; 0x28
10003552:	e607      	b.n	10003164 <_vsnprintf+0x8c>
10003554:	f000 03df 	and.w	r3, r0, #223	; 0xdf
10003558:	2b47      	cmp	r3, #71	; 0x47
1000355a:	bf08      	it	eq
1000355c:	f000 00fd 	andeq.w	r0, r0, #253	; 0xfd
10003560:	9b0a      	ldr	r3, [sp, #40]	; 0x28
10003562:	bf08      	it	eq
10003564:	f441 6100 	orreq.w	r1, r1, #2048	; 0x800
10003568:	2845      	cmp	r0, #69	; 0x45
1000356a:	bf08      	it	eq
1000356c:	f041 0120 	orreq.w	r1, r1, #32
10003570:	9302      	str	r3, [sp, #8]
10003572:	9b09      	ldr	r3, [sp, #36]	; 0x24
10003574:	e9cd 5103 	strd	r5, r1, [sp, #12]
10003578:	3307      	adds	r3, #7
1000357a:	f023 0507 	bic.w	r5, r3, #7
1000357e:	ecb5 7b02 	vldmia	r5!, {d7}
10003582:	4652      	mov	r2, sl
10003584:	4643      	mov	r3, r8
10003586:	4639      	mov	r1, r7
10003588:	4658      	mov	r0, fp
1000358a:	ed8d 7b00 	vstr	d7, [sp]
1000358e:	9509      	str	r5, [sp, #36]	; 0x24
10003590:	f7ff f986 	bl	100028a0 <_etoa>
10003594:	3401      	adds	r4, #1
10003596:	4682      	mov	sl, r0
10003598:	e5bc      	b.n	10003114 <_vsnprintf+0x3c>
1000359a:	f021 0510 	bic.w	r5, r1, #16
1000359e:	054e      	lsls	r6, r1, #21
100035a0:	f045 0521 	orr.w	r5, r5, #33	; 0x21
100035a4:	d586      	bpl.n	100034b4 <_vsnprintf+0x3dc>
100035a6:	4619      	mov	r1, r3
100035a8:	ab12      	add	r3, sp, #72	; 0x48
100035aa:	930c      	str	r3, [sp, #48]	; 0x30
100035ac:	9b0a      	ldr	r3, [sp, #40]	; 0x28
100035ae:	4652      	mov	r2, sl
100035b0:	9304      	str	r3, [sp, #16]
100035b2:	9b0c      	ldr	r3, [sp, #48]	; 0x30
100035b4:	9101      	str	r1, [sp, #4]
100035b6:	9300      	str	r3, [sp, #0]
100035b8:	2308      	movs	r3, #8
100035ba:	9305      	str	r3, [sp, #20]
100035bc:	2310      	movs	r3, #16
100035be:	9303      	str	r3, [sp, #12]
100035c0:	2300      	movs	r3, #0
100035c2:	9009      	str	r0, [sp, #36]	; 0x24
100035c4:	9302      	str	r3, [sp, #8]
100035c6:	4639      	mov	r1, r7
100035c8:	4643      	mov	r3, r8
100035ca:	4658      	mov	r0, fp
100035cc:	9506      	str	r5, [sp, #24]
100035ce:	f7ff f867 	bl	100026a0 <_ntoa_format>
100035d2:	3401      	adds	r4, #1
100035d4:	4682      	mov	sl, r0
100035d6:	e59d      	b.n	10003114 <_vsnprintf+0x3c>
100035d8:	f06f 0201 	mvn.w	r2, #1
100035dc:	2800      	cmp	r0, #0
100035de:	f47f af27 	bne.w	10003430 <_vsnprintf+0x358>
100035e2:	e731      	b.n	10003448 <_vsnprintf+0x370>
100035e4:	4652      	mov	r2, sl
100035e6:	4643      	mov	r3, r8
100035e8:	4639      	mov	r1, r7
100035ea:	47d8      	blx	fp
100035ec:	f816 0f01 	ldrb.w	r0, [r6, #1]!
100035f0:	f10a 0a01 	add.w	sl, sl, #1
100035f4:	2800      	cmp	r0, #0
100035f6:	d1f5      	bne.n	100035e4 <_vsnprintf+0x50c>
100035f8:	e74d      	b.n	10003496 <_vsnprintf+0x3be>
100035fa:	f04f 0910 	mov.w	r9, #16
100035fe:	f021 030c 	bic.w	r3, r1, #12
10003602:	0549      	lsls	r1, r1, #21
10003604:	930b      	str	r3, [sp, #44]	; 0x2c
10003606:	d503      	bpl.n	10003610 <_vsnprintf+0x538>
10003608:	9b0b      	ldr	r3, [sp, #44]	; 0x2c
1000360a:	f023 0301 	bic.w	r3, r3, #1
1000360e:	930b      	str	r3, [sp, #44]	; 0x2c
10003610:	2869      	cmp	r0, #105	; 0x69
10003612:	f43f ae8c 	beq.w	1000332e <_vsnprintf+0x256>
10003616:	2864      	cmp	r0, #100	; 0x64
10003618:	f43f ae89 	beq.w	1000332e <_vsnprintf+0x256>
1000361c:	9b0b      	ldr	r3, [sp, #44]	; 0x2c
1000361e:	f413 7000 	ands.w	r0, r3, #512	; 0x200
10003622:	f040 8152 	bne.w	100038ca <_vsnprintf+0x7f2>
10003626:	f413 7180 	ands.w	r1, r3, #256	; 0x100
1000362a:	f040 81c6 	bne.w	100039ba <_vsnprintf+0x8e2>
1000362e:	065e      	lsls	r6, r3, #25
10003630:	f140 80f0 	bpl.w	10003814 <_vsnprintf+0x73c>
10003634:	9b09      	ldr	r3, [sp, #36]	; 0x24
10003636:	f853 2b04 	ldr.w	r2, [r3], #4
1000363a:	9309      	str	r3, [sp, #36]	; 0x24
1000363c:	b2d2      	uxtb	r2, r2
1000363e:	2a00      	cmp	r2, #0
10003640:	f040 811e 	bne.w	10003880 <_vsnprintf+0x7a8>
10003644:	980b      	ldr	r0, [sp, #44]	; 0x2c
10003646:	f020 0310 	bic.w	r3, r0, #16
1000364a:	0540      	lsls	r0, r0, #21
1000364c:	930b      	str	r3, [sp, #44]	; 0x2c
1000364e:	f140 8117 	bpl.w	10003880 <_vsnprintf+0x7a8>
10003652:	4611      	mov	r1, r2
10003654:	ab12      	add	r3, sp, #72	; 0x48
10003656:	930c      	str	r3, [sp, #48]	; 0x30
10003658:	9b0b      	ldr	r3, [sp, #44]	; 0x2c
1000365a:	9101      	str	r1, [sp, #4]
1000365c:	e9cd 5305 	strd	r5, r3, [sp, #20]
10003660:	9b0a      	ldr	r3, [sp, #40]	; 0x28
10003662:	e9cd 9303 	strd	r9, r3, [sp, #12]
10003666:	4652      	mov	r2, sl
10003668:	9b0c      	ldr	r3, [sp, #48]	; 0x30
1000366a:	9300      	str	r3, [sp, #0]
1000366c:	2300      	movs	r3, #0
1000366e:	9302      	str	r3, [sp, #8]
10003670:	e691      	b.n	10003396 <_vsnprintf+0x2be>
10003672:	78a0      	ldrb	r0, [r4, #2]
10003674:	f441 7140 	orr.w	r1, r1, #768	; 0x300
10003678:	3402      	adds	r4, #2
1000367a:	e59f      	b.n	100031bc <_vsnprintf+0xe4>
1000367c:	78a0      	ldrb	r0, [r4, #2]
1000367e:	f041 01c0 	orr.w	r1, r1, #192	; 0xc0
10003682:	3402      	adds	r4, #2
10003684:	e59a      	b.n	100031bc <_vsnprintf+0xe4>
10003686:	4604      	mov	r4, r0
10003688:	4682      	mov	sl, r0
1000368a:	e611      	b.n	100032b0 <_vsnprintf+0x1d8>
1000368c:	f021 030c 	bic.w	r3, r1, #12
10003690:	f043 0320 	orr.w	r3, r3, #32
10003694:	930b      	str	r3, [sp, #44]	; 0x2c
10003696:	054b      	lsls	r3, r1, #21
10003698:	f04f 0910 	mov.w	r9, #16
1000369c:	d4b4      	bmi.n	10003608 <_vsnprintf+0x530>
1000369e:	e7bd      	b.n	1000361c <_vsnprintf+0x544>
100036a0:	2d01      	cmp	r5, #1
100036a2:	f240 81f4 	bls.w	10003a8e <_vsnprintf+0x9b6>
100036a6:	f10a 33ff 	add.w	r3, sl, #4294967295	; 0xffffffff
100036aa:	441d      	add	r5, r3
100036ac:	4652      	mov	r2, sl
100036ae:	4643      	mov	r3, r8
100036b0:	4639      	mov	r1, r7
100036b2:	2020      	movs	r0, #32
100036b4:	f10a 0a01 	add.w	sl, sl, #1
100036b8:	47d8      	blx	fp
100036ba:	45aa      	cmp	sl, r5
100036bc:	d1f6      	bne.n	100036ac <_vsnprintf+0x5d4>
100036be:	9e09      	ldr	r6, [sp, #36]	; 0x24
100036c0:	4643      	mov	r3, r8
100036c2:	f856 0b04 	ldr.w	r0, [r6], #4
100036c6:	462a      	mov	r2, r5
100036c8:	4639      	mov	r1, r7
100036ca:	b2c0      	uxtb	r0, r0
100036cc:	47d8      	blx	fp
100036ce:	f105 0a01 	add.w	sl, r5, #1
100036d2:	9609      	str	r6, [sp, #36]	; 0x24
100036d4:	e6e5      	b.n	100034a2 <_vsnprintf+0x3ca>
100036d6:	9b09      	ldr	r3, [sp, #36]	; 0x24
100036d8:	4656      	mov	r6, sl
100036da:	429d      	cmp	r5, r3
100036dc:	f67f aedf 	bls.w	1000349e <_vsnprintf+0x3c6>
100036e0:	eb05 000a 	add.w	r0, r5, sl
100036e4:	eba0 0a03 	sub.w	sl, r0, r3
100036e8:	4632      	mov	r2, r6
100036ea:	4643      	mov	r3, r8
100036ec:	4639      	mov	r1, r7
100036ee:	2020      	movs	r0, #32
100036f0:	3601      	adds	r6, #1
100036f2:	47d8      	blx	fp
100036f4:	4556      	cmp	r6, sl
100036f6:	d1f7      	bne.n	100036e8 <_vsnprintf+0x610>
100036f8:	e6d1      	b.n	1000349e <_vsnprintf+0x3c6>
100036fa:	9a09      	ldr	r2, [sp, #36]	; 0x24
100036fc:	4295      	cmp	r5, r2
100036fe:	f102 0301 	add.w	r3, r2, #1
10003702:	f240 81c8 	bls.w	10003a96 <_vsnprintf+0x9be>
10003706:	eb05 090a 	add.w	r9, r5, sl
1000370a:	eba9 0902 	sub.w	r9, r9, r2
1000370e:	4652      	mov	r2, sl
10003710:	4643      	mov	r3, r8
10003712:	4639      	mov	r1, r7
10003714:	2020      	movs	r0, #32
10003716:	f10a 0a01 	add.w	sl, sl, #1
1000371a:	47d8      	blx	fp
1000371c:	45ca      	cmp	sl, r9
1000371e:	d1f6      	bne.n	1000370e <_vsnprintf+0x636>
10003720:	7830      	ldrb	r0, [r6, #0]
10003722:	1c6b      	adds	r3, r5, #1
10003724:	9309      	str	r3, [sp, #36]	; 0x24
10003726:	2800      	cmp	r0, #0
10003728:	f47f aea1 	bne.w	1000346e <_vsnprintf+0x396>
1000372c:	e6b7      	b.n	1000349e <_vsnprintf+0x3c6>
1000372e:	f04f 0908 	mov.w	r9, #8
10003732:	910b      	str	r1, [sp, #44]	; 0x2c
10003734:	2864      	cmp	r0, #100	; 0x64
10003736:	bf18      	it	ne
10003738:	990b      	ldrne	r1, [sp, #44]	; 0x2c
1000373a:	f47f af60 	bne.w	100035fe <_vsnprintf+0x526>
1000373e:	9b0b      	ldr	r3, [sp, #44]	; 0x2c
10003740:	055a      	lsls	r2, r3, #21
10003742:	f53f af61 	bmi.w	10003608 <_vsnprintf+0x530>
10003746:	e5f2      	b.n	1000332e <_vsnprintf+0x256>
10003748:	9b09      	ldr	r3, [sp, #36]	; 0x24
1000374a:	3307      	adds	r3, #7
1000374c:	f023 0307 	bic.w	r3, r3, #7
10003750:	461a      	mov	r2, r3
10003752:	4610      	mov	r0, r2
10003754:	685b      	ldr	r3, [r3, #4]
10003756:	f850 2b08 	ldr.w	r2, [r0], #8
1000375a:	2b00      	cmp	r3, #0
1000375c:	4619      	mov	r1, r3
1000375e:	4616      	mov	r6, r2
10003760:	9009      	str	r0, [sp, #36]	; 0x24
10003762:	db60      	blt.n	10003826 <_vsnprintf+0x74e>
10003764:	4608      	mov	r0, r1
10003766:	0fd9      	lsrs	r1, r3, #31
10003768:	4313      	orrs	r3, r2
1000376a:	910d      	str	r1, [sp, #52]	; 0x34
1000376c:	d03b      	beq.n	100037e6 <_vsnprintf+0x70e>
1000376e:	9b0b      	ldr	r3, [sp, #44]	; 0x2c
10003770:	2100      	movs	r1, #0
10003772:	f013 0f20 	tst.w	r3, #32
10003776:	bf14      	ite	ne
10003778:	2341      	movne	r3, #65	; 0x41
1000377a:	2361      	moveq	r3, #97	; 0x61
1000377c:	aa12      	add	r2, sp, #72	; 0x48
1000377e:	3b0a      	subs	r3, #10
10003780:	e9cd a50e 	strd	sl, r5, [sp, #56]	; 0x38
10003784:	9410      	str	r4, [sp, #64]	; 0x40
10003786:	f8cd b044 	str.w	fp, [sp, #68]	; 0x44
1000378a:	460d      	mov	r5, r1
1000378c:	4614      	mov	r4, r2
1000378e:	4682      	mov	sl, r0
10003790:	469b      	mov	fp, r3
10003792:	920c      	str	r2, [sp, #48]	; 0x30
10003794:	e003      	b.n	1000379e <_vsnprintf+0x6c6>
10003796:	2d20      	cmp	r5, #32
10003798:	d017      	beq.n	100037ca <_vsnprintf+0x6f2>
1000379a:	4606      	mov	r6, r0
1000379c:	468a      	mov	sl, r1
1000379e:	4630      	mov	r0, r6
100037a0:	464a      	mov	r2, r9
100037a2:	4651      	mov	r1, sl
100037a4:	2300      	movs	r3, #0
100037a6:	f003 ffdb 	bl	10007760 <____aeabi_uldivmod_veneer>
100037aa:	b2d2      	uxtb	r2, r2
100037ac:	2a09      	cmp	r2, #9
100037ae:	f102 0330 	add.w	r3, r2, #48	; 0x30
100037b2:	bf88      	it	hi
100037b4:	eb02 030b 	addhi.w	r3, r2, fp
100037b8:	b2db      	uxtb	r3, r3
100037ba:	454e      	cmp	r6, r9
100037bc:	f804 3b01 	strb.w	r3, [r4], #1
100037c0:	f17a 0300 	sbcs.w	r3, sl, #0
100037c4:	f105 0501 	add.w	r5, r5, #1
100037c8:	d2e5      	bcs.n	10003796 <_vsnprintf+0x6be>
100037ca:	462a      	mov	r2, r5
100037cc:	f8dd a038 	ldr.w	sl, [sp, #56]	; 0x38
100037d0:	9c10      	ldr	r4, [sp, #64]	; 0x40
100037d2:	9d0f      	ldr	r5, [sp, #60]	; 0x3c
100037d4:	f8dd b044 	ldr.w	fp, [sp, #68]	; 0x44
100037d8:	e00f      	b.n	100037fa <_vsnprintf+0x722>
100037da:	f852 3b04 	ldr.w	r3, [r2], #4
100037de:	b2db      	uxtb	r3, r3
100037e0:	9209      	str	r2, [sp, #36]	; 0x24
100037e2:	461a      	mov	r2, r3
100037e4:	e5bd      	b.n	10003362 <_vsnprintf+0x28a>
100037e6:	9a0b      	ldr	r2, [sp, #44]	; 0x2c
100037e8:	f022 0310 	bic.w	r3, r2, #16
100037ec:	0552      	lsls	r2, r2, #21
100037ee:	930b      	str	r3, [sp, #44]	; 0x2c
100037f0:	d5bd      	bpl.n	1000376e <_vsnprintf+0x696>
100037f2:	2300      	movs	r3, #0
100037f4:	461a      	mov	r2, r3
100037f6:	ab12      	add	r3, sp, #72	; 0x48
100037f8:	930c      	str	r3, [sp, #48]	; 0x30
100037fa:	9b0b      	ldr	r3, [sp, #44]	; 0x2c
100037fc:	9201      	str	r2, [sp, #4]
100037fe:	e9cd 5305 	strd	r5, r3, [sp, #20]
10003802:	9b0a      	ldr	r3, [sp, #40]	; 0x28
10003804:	4652      	mov	r2, sl
10003806:	e9cd 9303 	strd	r9, r3, [sp, #12]
1000380a:	9b0d      	ldr	r3, [sp, #52]	; 0x34
1000380c:	9302      	str	r3, [sp, #8]
1000380e:	9b0c      	ldr	r3, [sp, #48]	; 0x30
10003810:	9300      	str	r3, [sp, #0]
10003812:	e5c0      	b.n	10003396 <_vsnprintf+0x2be>
10003814:	f013 0f80 	tst.w	r3, #128	; 0x80
10003818:	9b09      	ldr	r3, [sp, #36]	; 0x24
1000381a:	f853 2b04 	ldr.w	r2, [r3], #4
1000381e:	9309      	str	r3, [sp, #36]	; 0x24
10003820:	bf18      	it	ne
10003822:	b292      	uxthne	r2, r2
10003824:	e70b      	b.n	1000363e <_vsnprintf+0x566>
10003826:	4256      	negs	r6, r2
10003828:	eb63 0143 	sbc.w	r1, r3, r3, lsl #1
1000382c:	e79a      	b.n	10003764 <_vsnprintf+0x68c>
1000382e:	46b2      	mov	sl, r6
10003830:	f8cd 9024 	str.w	r9, [sp, #36]	; 0x24
10003834:	e635      	b.n	100034a2 <_vsnprintf+0x3ca>
10003836:	9b0b      	ldr	r3, [sp, #44]	; 0x2c
10003838:	f013 0f20 	tst.w	r3, #32
1000383c:	bf14      	ite	ne
1000383e:	f04f 0e41 	movne.w	lr, #65	; 0x41
10003842:	f04f 0e61 	moveq.w	lr, #97	; 0x61
10003846:	ab12      	add	r3, sp, #72	; 0x48
10003848:	469c      	mov	ip, r3
1000384a:	930c      	str	r3, [sp, #48]	; 0x30
1000384c:	f1ae 0e0a 	sub.w	lr, lr, #10
10003850:	e003      	b.n	1000385a <_vsnprintf+0x782>
10003852:	2920      	cmp	r1, #32
10003854:	f43f ad93 	beq.w	1000337e <_vsnprintf+0x2a6>
10003858:	4632      	mov	r2, r6
1000385a:	fbb2 f6f9 	udiv	r6, r2, r9
1000385e:	fb09 2016 	mls	r0, r9, r6, r2
10003862:	b2c3      	uxtb	r3, r0
10003864:	2809      	cmp	r0, #9
10003866:	f103 0030 	add.w	r0, r3, #48	; 0x30
1000386a:	bf8a      	itet	hi
1000386c:	4473      	addhi	r3, lr
1000386e:	b2c3      	uxtbls	r3, r0
10003870:	b2db      	uxtbhi	r3, r3
10003872:	454a      	cmp	r2, r9
10003874:	f80c 3b01 	strb.w	r3, [ip], #1
10003878:	f101 0101 	add.w	r1, r1, #1
1000387c:	d2e9      	bcs.n	10003852 <_vsnprintf+0x77a>
1000387e:	e57e      	b.n	1000337e <_vsnprintf+0x2a6>
10003880:	9b0b      	ldr	r3, [sp, #44]	; 0x2c
10003882:	f013 0f20 	tst.w	r3, #32
10003886:	bf14      	ite	ne
10003888:	f04f 0e41 	movne.w	lr, #65	; 0x41
1000388c:	f04f 0e61 	moveq.w	lr, #97	; 0x61
10003890:	ab12      	add	r3, sp, #72	; 0x48
10003892:	469c      	mov	ip, r3
10003894:	930c      	str	r3, [sp, #48]	; 0x30
10003896:	f1ae 0e0a 	sub.w	lr, lr, #10
1000389a:	e003      	b.n	100038a4 <_vsnprintf+0x7cc>
1000389c:	2920      	cmp	r1, #32
1000389e:	f43f aedb 	beq.w	10003658 <_vsnprintf+0x580>
100038a2:	4632      	mov	r2, r6
100038a4:	fbb2 f6f9 	udiv	r6, r2, r9
100038a8:	fb09 2016 	mls	r0, r9, r6, r2
100038ac:	b2c3      	uxtb	r3, r0
100038ae:	2809      	cmp	r0, #9
100038b0:	f103 0030 	add.w	r0, r3, #48	; 0x30
100038b4:	bf8a      	itet	hi
100038b6:	4473      	addhi	r3, lr
100038b8:	b2c3      	uxtbls	r3, r0
100038ba:	b2db      	uxtbhi	r3, r3
100038bc:	454a      	cmp	r2, r9
100038be:	f80c 3b01 	strb.w	r3, [ip], #1
100038c2:	f101 0101 	add.w	r1, r1, #1
100038c6:	d2e9      	bcs.n	1000389c <_vsnprintf+0x7c4>
100038c8:	e6c6      	b.n	10003658 <_vsnprintf+0x580>
100038ca:	9b09      	ldr	r3, [sp, #36]	; 0x24
100038cc:	3307      	adds	r3, #7
100038ce:	f023 0307 	bic.w	r3, r3, #7
100038d2:	685a      	ldr	r2, [r3, #4]
100038d4:	f853 6b08 	ldr.w	r6, [r3], #8
100038d8:	4610      	mov	r0, r2
100038da:	9309      	str	r3, [sp, #36]	; 0x24
100038dc:	ea56 0302 	orrs.w	r3, r6, r2
100038e0:	d135      	bne.n	1000394e <_vsnprintf+0x876>
100038e2:	9a0b      	ldr	r2, [sp, #44]	; 0x2c
100038e4:	f022 0310 	bic.w	r3, r2, #16
100038e8:	0552      	lsls	r2, r2, #21
100038ea:	930b      	str	r3, [sp, #44]	; 0x2c
100038ec:	d52f      	bpl.n	1000394e <_vsnprintf+0x876>
100038ee:	2300      	movs	r3, #0
100038f0:	461a      	mov	r2, r3
100038f2:	ab12      	add	r3, sp, #72	; 0x48
100038f4:	930c      	str	r3, [sp, #48]	; 0x30
100038f6:	9b0b      	ldr	r3, [sp, #44]	; 0x2c
100038f8:	9201      	str	r2, [sp, #4]
100038fa:	e9cd 5305 	strd	r5, r3, [sp, #20]
100038fe:	9b0a      	ldr	r3, [sp, #40]	; 0x28
10003900:	e9cd 9303 	strd	r9, r3, [sp, #12]
10003904:	e6af      	b.n	10003666 <_vsnprintf+0x58e>
10003906:	9b09      	ldr	r3, [sp, #36]	; 0x24
10003908:	461a      	mov	r2, r3
1000390a:	f852 3b04 	ldr.w	r3, [r2], #4
1000390e:	920d      	str	r2, [sp, #52]	; 0x34
10003910:	0fd9      	lsrs	r1, r3, #31
10003912:	ea83 72e3 	eor.w	r2, r3, r3, asr #31
10003916:	eba2 72e3 	sub.w	r2, r2, r3, asr #31
1000391a:	9109      	str	r1, [sp, #36]	; 0x24
1000391c:	2b00      	cmp	r3, #0
1000391e:	d168      	bne.n	100039f2 <_vsnprintf+0x91a>
10003920:	990b      	ldr	r1, [sp, #44]	; 0x2c
10003922:	f021 0310 	bic.w	r3, r1, #16
10003926:	930b      	str	r3, [sp, #44]	; 0x2c
10003928:	054b      	lsls	r3, r1, #21
1000392a:	d562      	bpl.n	100039f2 <_vsnprintf+0x91a>
1000392c:	ab12      	add	r3, sp, #72	; 0x48
1000392e:	930c      	str	r3, [sp, #48]	; 0x30
10003930:	9b0b      	ldr	r3, [sp, #44]	; 0x2c
10003932:	4652      	mov	r2, sl
10003934:	e9cd 5305 	strd	r5, r3, [sp, #20]
10003938:	9b0a      	ldr	r3, [sp, #40]	; 0x28
1000393a:	e9cd 9303 	strd	r9, r3, [sp, #12]
1000393e:	9b09      	ldr	r3, [sp, #36]	; 0x24
10003940:	e9cd 0301 	strd	r0, r3, [sp, #4]
10003944:	9b0c      	ldr	r3, [sp, #48]	; 0x30
10003946:	9300      	str	r3, [sp, #0]
10003948:	9b0d      	ldr	r3, [sp, #52]	; 0x34
1000394a:	9309      	str	r3, [sp, #36]	; 0x24
1000394c:	e523      	b.n	10003396 <_vsnprintf+0x2be>
1000394e:	9b0b      	ldr	r3, [sp, #44]	; 0x2c
10003950:	2100      	movs	r1, #0
10003952:	f013 0f20 	tst.w	r3, #32
10003956:	bf14      	ite	ne
10003958:	2341      	movne	r3, #65	; 0x41
1000395a:	2361      	moveq	r3, #97	; 0x61
1000395c:	aa12      	add	r2, sp, #72	; 0x48
1000395e:	3b0a      	subs	r3, #10
10003960:	e9cd a50d 	strd	sl, r5, [sp, #52]	; 0x34
10003964:	940f      	str	r4, [sp, #60]	; 0x3c
10003966:	f8cd b040 	str.w	fp, [sp, #64]	; 0x40
1000396a:	460d      	mov	r5, r1
1000396c:	4614      	mov	r4, r2
1000396e:	4682      	mov	sl, r0
10003970:	469b      	mov	fp, r3
10003972:	920c      	str	r2, [sp, #48]	; 0x30
10003974:	e003      	b.n	1000397e <_vsnprintf+0x8a6>
10003976:	2d20      	cmp	r5, #32
10003978:	d017      	beq.n	100039aa <_vsnprintf+0x8d2>
1000397a:	4606      	mov	r6, r0
1000397c:	468a      	mov	sl, r1
1000397e:	4630      	mov	r0, r6
10003980:	464a      	mov	r2, r9
10003982:	4651      	mov	r1, sl
10003984:	2300      	movs	r3, #0
10003986:	f003 feeb 	bl	10007760 <____aeabi_uldivmod_veneer>
1000398a:	b2d2      	uxtb	r2, r2
1000398c:	2a09      	cmp	r2, #9
1000398e:	f102 0330 	add.w	r3, r2, #48	; 0x30
10003992:	bf88      	it	hi
10003994:	eb02 030b 	addhi.w	r3, r2, fp
10003998:	b2db      	uxtb	r3, r3
1000399a:	454e      	cmp	r6, r9
1000399c:	f804 3b01 	strb.w	r3, [r4], #1
100039a0:	f17a 0300 	sbcs.w	r3, sl, #0
100039a4:	f105 0501 	add.w	r5, r5, #1
100039a8:	d2e5      	bcs.n	10003976 <_vsnprintf+0x89e>
100039aa:	462a      	mov	r2, r5
100039ac:	f8dd a034 	ldr.w	sl, [sp, #52]	; 0x34
100039b0:	9c0f      	ldr	r4, [sp, #60]	; 0x3c
100039b2:	9d0e      	ldr	r5, [sp, #56]	; 0x38
100039b4:	f8dd b040 	ldr.w	fp, [sp, #64]	; 0x40
100039b8:	e79d      	b.n	100038f6 <_vsnprintf+0x81e>
100039ba:	9b09      	ldr	r3, [sp, #36]	; 0x24
100039bc:	f853 2b04 	ldr.w	r2, [r3], #4
100039c0:	9309      	str	r3, [sp, #36]	; 0x24
100039c2:	2a00      	cmp	r2, #0
100039c4:	d139      	bne.n	10003a3a <_vsnprintf+0x962>
100039c6:	990b      	ldr	r1, [sp, #44]	; 0x2c
100039c8:	f021 0310 	bic.w	r3, r1, #16
100039cc:	930b      	str	r3, [sp, #44]	; 0x2c
100039ce:	054b      	lsls	r3, r1, #21
100039d0:	d533      	bpl.n	10003a3a <_vsnprintf+0x962>
100039d2:	ab12      	add	r3, sp, #72	; 0x48
100039d4:	930c      	str	r3, [sp, #48]	; 0x30
100039d6:	9b0b      	ldr	r3, [sp, #44]	; 0x2c
100039d8:	4652      	mov	r2, sl
100039da:	e9cd 5305 	strd	r5, r3, [sp, #20]
100039de:	9b0a      	ldr	r3, [sp, #40]	; 0x28
100039e0:	9001      	str	r0, [sp, #4]
100039e2:	e9cd 9303 	strd	r9, r3, [sp, #12]
100039e6:	9b0c      	ldr	r3, [sp, #48]	; 0x30
100039e8:	9300      	str	r3, [sp, #0]
100039ea:	e63f      	b.n	1000366c <_vsnprintf+0x594>
100039ec:	f04f 0902 	mov.w	r9, #2
100039f0:	e69f      	b.n	10003732 <_vsnprintf+0x65a>
100039f2:	9b0b      	ldr	r3, [sp, #44]	; 0x2c
100039f4:	f013 0f20 	tst.w	r3, #32
100039f8:	bf14      	ite	ne
100039fa:	f04f 0e41 	movne.w	lr, #65	; 0x41
100039fe:	f04f 0e61 	moveq.w	lr, #97	; 0x61
10003a02:	ab12      	add	r3, sp, #72	; 0x48
10003a04:	469c      	mov	ip, r3
10003a06:	930c      	str	r3, [sp, #48]	; 0x30
10003a08:	f1ae 0e0a 	sub.w	lr, lr, #10
10003a0c:	e002      	b.n	10003a14 <_vsnprintf+0x93c>
10003a0e:	2820      	cmp	r0, #32
10003a10:	d08e      	beq.n	10003930 <_vsnprintf+0x858>
10003a12:	4632      	mov	r2, r6
10003a14:	fbb2 f6f9 	udiv	r6, r2, r9
10003a18:	fb09 2116 	mls	r1, r9, r6, r2
10003a1c:	b2cb      	uxtb	r3, r1
10003a1e:	2909      	cmp	r1, #9
10003a20:	f103 0130 	add.w	r1, r3, #48	; 0x30
10003a24:	bf8a      	itet	hi
10003a26:	4473      	addhi	r3, lr
10003a28:	b2cb      	uxtbls	r3, r1
10003a2a:	b2db      	uxtbhi	r3, r3
10003a2c:	454a      	cmp	r2, r9
10003a2e:	f80c 3b01 	strb.w	r3, [ip], #1
10003a32:	f100 0001 	add.w	r0, r0, #1
10003a36:	d2ea      	bcs.n	10003a0e <_vsnprintf+0x936>
10003a38:	e77a      	b.n	10003930 <_vsnprintf+0x858>
10003a3a:	9b0b      	ldr	r3, [sp, #44]	; 0x2c
10003a3c:	f013 0f20 	tst.w	r3, #32
10003a40:	bf14      	ite	ne
10003a42:	f04f 0e41 	movne.w	lr, #65	; 0x41
10003a46:	f04f 0e61 	moveq.w	lr, #97	; 0x61
10003a4a:	ab12      	add	r3, sp, #72	; 0x48
10003a4c:	469c      	mov	ip, r3
10003a4e:	930c      	str	r3, [sp, #48]	; 0x30
10003a50:	f1ae 0e0a 	sub.w	lr, lr, #10
10003a54:	e002      	b.n	10003a5c <_vsnprintf+0x984>
10003a56:	2820      	cmp	r0, #32
10003a58:	d0bd      	beq.n	100039d6 <_vsnprintf+0x8fe>
10003a5a:	4632      	mov	r2, r6
10003a5c:	fbb2 f6f9 	udiv	r6, r2, r9
10003a60:	fb09 2116 	mls	r1, r9, r6, r2
10003a64:	b2cb      	uxtb	r3, r1
10003a66:	2909      	cmp	r1, #9
10003a68:	f103 0130 	add.w	r1, r3, #48	; 0x30
10003a6c:	bf8a      	itet	hi
10003a6e:	4473      	addhi	r3, lr
10003a70:	b2cb      	uxtbls	r3, r1
10003a72:	b2db      	uxtbhi	r3, r3
10003a74:	454a      	cmp	r2, r9
10003a76:	f80c 3b01 	strb.w	r3, [ip], #1
10003a7a:	f100 0001 	add.w	r0, r0, #1
10003a7e:	d2ea      	bcs.n	10003a56 <_vsnprintf+0x97e>
10003a80:	e7a9      	b.n	100039d6 <_vsnprintf+0x8fe>
10003a82:	9209      	str	r2, [sp, #36]	; 0x24
10003a84:	ea83 72e3 	eor.w	r2, r3, r3, asr #31
10003a88:	eba2 72e3 	sub.w	r2, r2, r3, asr #31
10003a8c:	e469      	b.n	10003362 <_vsnprintf+0x28a>
10003a8e:	4655      	mov	r5, sl
10003a90:	e615      	b.n	100036be <_vsnprintf+0x5e6>
10003a92:	9009      	str	r0, [sp, #36]	; 0x24
10003a94:	e4d9      	b.n	1000344a <_vsnprintf+0x372>
10003a96:	9309      	str	r3, [sp, #36]	; 0x24
10003a98:	2800      	cmp	r0, #0
10003a9a:	f47f ace8 	bne.w	1000346e <_vsnprintf+0x396>
10003a9e:	e4fe      	b.n	1000349e <_vsnprintf+0x3c6>

10003aa0 <vfctprintf>:
10003aa0:	b570      	push	{r4, r5, r6, lr}
10003aa2:	4694      	mov	ip, r2
10003aa4:	461e      	mov	r6, r3
10003aa6:	4605      	mov	r5, r0
10003aa8:	460c      	mov	r4, r1
10003aaa:	b084      	sub	sp, #16
10003aac:	f04f 32ff 	mov.w	r2, #4294967295	; 0xffffffff
10003ab0:	4663      	mov	r3, ip
10003ab2:	a902      	add	r1, sp, #8
10003ab4:	9600      	str	r6, [sp, #0]
10003ab6:	4803      	ldr	r0, [pc, #12]	; (10003ac4 <vfctprintf+0x24>)
10003ab8:	e9cd 5402 	strd	r5, r4, [sp, #8]
10003abc:	f7ff fb0c 	bl	100030d8 <_vsnprintf>
10003ac0:	b004      	add	sp, #16
10003ac2:	bd70      	pop	{r4, r5, r6, pc}
10003ac4:	10002891 	.word	0x10002891

10003ac8 <weak_raw_vprintf>:
10003ac8:	b510      	push	{r4, lr}
10003aca:	4b09      	ldr	r3, [pc, #36]	; (10003af0 <weak_raw_vprintf+0x28>)
10003acc:	b084      	sub	sp, #16
10003ace:	681c      	ldr	r4, [r3, #0]
10003ad0:	b14c      	cbz	r4, 10003ae6 <weak_raw_vprintf+0x1e>
10003ad2:	4603      	mov	r3, r0
10003ad4:	9100      	str	r1, [sp, #0]
10003ad6:	f04f 32ff 	mov.w	r2, #4294967295	; 0xffffffff
10003ada:	a903      	add	r1, sp, #12
10003adc:	4805      	ldr	r0, [pc, #20]	; (10003af4 <weak_raw_vprintf+0x2c>)
10003ade:	47a0      	blx	r4
10003ae0:	2001      	movs	r0, #1
10003ae2:	b004      	add	sp, #16
10003ae4:	bd10      	pop	{r4, pc}
10003ae6:	f000 f981 	bl	10003dec <__wrap_puts>
10003aea:	4620      	mov	r0, r4
10003aec:	b004      	add	sp, #16
10003aee:	bd10      	pop	{r4, pc}
10003af0:	20002568 	.word	0x20002568
10003af4:	10002889 	.word	0x10002889

10003af8 <_exit>:
10003af8:	be00      	bkpt	0x0000
10003afa:	e7fd      	b.n	10003af8 <_exit>

10003afc <_fini>:
10003afc:	4770      	bx	lr
10003afe:	bf00      	nop

10003b00 <_sbrk>:
10003b00:	4a07      	ldr	r2, [pc, #28]	; (10003b20 <_sbrk+0x20>)
10003b02:	4603      	mov	r3, r0
10003b04:	6810      	ldr	r0, [r2, #0]
10003b06:	b138      	cbz	r0, 10003b18 <_sbrk+0x18>
10003b08:	4906      	ldr	r1, [pc, #24]	; (10003b24 <_sbrk+0x24>)
10003b0a:	4403      	add	r3, r0
10003b0c:	428b      	cmp	r3, r1
10003b0e:	bf8c      	ite	hi
10003b10:	f04f 30ff 	movhi.w	r0, #4294967295	; 0xffffffff
10003b14:	6013      	strls	r3, [r2, #0]
10003b16:	4770      	bx	lr
10003b18:	4903      	ldr	r1, [pc, #12]	; (10003b28 <_sbrk+0x28>)
10003b1a:	4608      	mov	r0, r1
10003b1c:	6011      	str	r1, [r2, #0]
10003b1e:	e7f3      	b.n	10003b08 <_sbrk+0x8>
10003b20:	20002164 	.word	0x20002164
10003b24:	20080000 	.word	0x20080000
10003b28:	200025f0 	.word	0x200025f0

10003b2c <exit>:
10003b2c:	b508      	push	{r3, lr}
10003b2e:	f7ff ffe3 	bl	10003af8 <_exit>
10003b32:	bf00      	nop

10003b34 <runtime_init>:
10003b34:	b538      	push	{r3, r4, r5, lr}
10003b36:	4d06      	ldr	r5, [pc, #24]	; (10003b50 <runtime_init+0x1c>)
10003b38:	4c06      	ldr	r4, [pc, #24]	; (10003b54 <runtime_init+0x20>)
10003b3a:	f7fe fabb 	bl	100020b4 <runtime_run_initializers>
10003b3e:	42ac      	cmp	r4, r5
10003b40:	d204      	bcs.n	10003b4c <runtime_init+0x18>
10003b42:	f854 3b04 	ldr.w	r3, [r4], #4
10003b46:	4798      	blx	r3
10003b48:	42ac      	cmp	r4, r5
10003b4a:	d3fa      	bcc.n	10003b42 <runtime_init+0xe>
10003b4c:	bd38      	pop	{r3, r4, r5, pc}
10003b4e:	bf00      	nop
10003b50:	100077ec 	.word	0x100077ec
10003b54:	100077e8 	.word	0x100077e8

10003b58 <stdio_out_chars_no_crlf>:
10003b58:	6803      	ldr	r3, [r0, #0]
10003b5a:	4608      	mov	r0, r1
10003b5c:	4611      	mov	r1, r2
10003b5e:	4718      	bx	r3

10003b60 <stdio_out_chars_crlf>:
10003b60:	7d43      	ldrb	r3, [r0, #21]
10003b62:	e92d 47f0 	stmdb	sp!, {r4, r5, r6, r7, r8, r9, sl, lr}
10003b66:	4682      	mov	sl, r0
10003b68:	460f      	mov	r7, r1
10003b6a:	4691      	mov	r9, r2
10003b6c:	2b00      	cmp	r3, #0
10003b6e:	d044      	beq.n	10003bfa <stdio_out_chars_crlf+0x9a>
10003b70:	2a00      	cmp	r2, #0
10003b72:	dd2a      	ble.n	10003bca <stdio_out_chars_crlf+0x6a>
10003b74:	2400      	movs	r4, #0
10003b76:	2501      	movs	r5, #1
10003b78:	4620      	mov	r0, r4
10003b7a:	f8df 808c 	ldr.w	r8, [pc, #140]	; 10003c08 <stdio_out_chars_crlf+0xa8>
10003b7e:	1e4e      	subs	r6, r1, #1
10003b80:	b32c      	cbz	r4, 10003bce <stdio_out_chars_crlf+0x6e>
10003b82:	7833      	ldrb	r3, [r6, #0]
10003b84:	f816 2f01 	ldrb.w	r2, [r6, #1]!
10003b88:	f1a3 030d 	sub.w	r3, r3, #13
10003b8c:	fab3 f383 	clz	r3, r3
10003b90:	2a0a      	cmp	r2, #10
10003b92:	ea4f 1353 	mov.w	r3, r3, lsr #5
10003b96:	d020      	beq.n	10003bda <stdio_out_chars_crlf+0x7a>
10003b98:	462b      	mov	r3, r5
10003b9a:	4599      	cmp	r9, r3
10003b9c:	f104 0401 	add.w	r4, r4, #1
10003ba0:	f105 0501 	add.w	r5, r5, #1
10003ba4:	dcec      	bgt.n	10003b80 <stdio_out_chars_crlf+0x20>
10003ba6:	4581      	cmp	r9, r0
10003ba8:	dd05      	ble.n	10003bb6 <stdio_out_chars_crlf+0x56>
10003baa:	eba9 0100 	sub.w	r1, r9, r0
10003bae:	f8da 3000 	ldr.w	r3, [sl]
10003bb2:	4438      	add	r0, r7
10003bb4:	4798      	blx	r3
10003bb6:	444f      	add	r7, r9
10003bb8:	f817 3c01 	ldrb.w	r3, [r7, #-1]
10003bbc:	f1a3 030d 	sub.w	r3, r3, #13
10003bc0:	fab3 f383 	clz	r3, r3
10003bc4:	095b      	lsrs	r3, r3, #5
10003bc6:	f88a 3014 	strb.w	r3, [sl, #20]
10003bca:	e8bd 87f0 	ldmia.w	sp!, {r4, r5, r6, r7, r8, r9, sl, pc}
10003bce:	f816 2f01 	ldrb.w	r2, [r6, #1]!
10003bd2:	f89a 3014 	ldrb.w	r3, [sl, #20]
10003bd6:	2a0a      	cmp	r2, #10
10003bd8:	d1de      	bne.n	10003b98 <stdio_out_chars_crlf+0x38>
10003bda:	2b00      	cmp	r3, #0
10003bdc:	d1dc      	bne.n	10003b98 <stdio_out_chars_crlf+0x38>
10003bde:	42a0      	cmp	r0, r4
10003be0:	da04      	bge.n	10003bec <stdio_out_chars_crlf+0x8c>
10003be2:	1a21      	subs	r1, r4, r0
10003be4:	f8da 3000 	ldr.w	r3, [sl]
10003be8:	4438      	add	r0, r7
10003bea:	4798      	blx	r3
10003bec:	4640      	mov	r0, r8
10003bee:	2102      	movs	r1, #2
10003bf0:	f8da 3000 	ldr.w	r3, [sl]
10003bf4:	4798      	blx	r3
10003bf6:	4628      	mov	r0, r5
10003bf8:	e7ce      	b.n	10003b98 <stdio_out_chars_crlf+0x38>
10003bfa:	4638      	mov	r0, r7
10003bfc:	f8da 3000 	ldr.w	r3, [sl]
10003c00:	4611      	mov	r1, r2
10003c02:	e8bd 47f0 	ldmia.w	sp!, {r4, r5, r6, r7, r8, r9, sl, lr}
10003c06:	4718      	bx	r3
10003c08:	10007b48 	.word	0x10007b48

10003c0c <stdio_buffered_printer>:
10003c0c:	b5f8      	push	{r3, r4, r5, r6, r7, lr}
10003c0e:	680b      	ldr	r3, [r1, #0]
10003c10:	1c5a      	adds	r2, r3, #1
10003c12:	2a80      	cmp	r2, #128	; 0x80
10003c14:	440b      	add	r3, r1
10003c16:	600a      	str	r2, [r1, #0]
10003c18:	7118      	strb	r0, [r3, #4]
10003c1a:	d000      	beq.n	10003c1e <stdio_buffered_printer+0x12>
10003c1c:	bdf8      	pop	{r3, r4, r5, r6, r7, pc}
10003c1e:	4b0d      	ldr	r3, [pc, #52]	; (10003c54 <stdio_buffered_printer+0x48>)
10003c20:	460d      	mov	r5, r1
10003c22:	681c      	ldr	r4, [r3, #0]
10003c24:	b19c      	cbz	r4, 10003c4e <stdio_buffered_printer+0x42>
10003c26:	4e0c      	ldr	r6, [pc, #48]	; (10003c58 <stdio_buffered_printer+0x4c>)
10003c28:	1d0f      	adds	r7, r1, #4
10003c2a:	e001      	b.n	10003c30 <stdio_buffered_printer+0x24>
10003c2c:	6924      	ldr	r4, [r4, #16]
10003c2e:	b174      	cbz	r4, 10003c4e <stdio_buffered_printer+0x42>
10003c30:	6823      	ldr	r3, [r4, #0]
10003c32:	2b00      	cmp	r3, #0
10003c34:	d0fa      	beq.n	10003c2c <stdio_buffered_printer+0x20>
10003c36:	6833      	ldr	r3, [r6, #0]
10003c38:	b10b      	cbz	r3, 10003c3e <stdio_buffered_printer+0x32>
10003c3a:	42a3      	cmp	r3, r4
10003c3c:	d1f6      	bne.n	10003c2c <stdio_buffered_printer+0x20>
10003c3e:	4620      	mov	r0, r4
10003c40:	4639      	mov	r1, r7
10003c42:	682a      	ldr	r2, [r5, #0]
10003c44:	f7ff ff8c 	bl	10003b60 <stdio_out_chars_crlf>
10003c48:	6924      	ldr	r4, [r4, #16]
10003c4a:	2c00      	cmp	r4, #0
10003c4c:	d1f0      	bne.n	10003c30 <stdio_buffered_printer+0x24>
10003c4e:	2300      	movs	r3, #0
10003c50:	602b      	str	r3, [r5, #0]
10003c52:	bdf8      	pop	{r3, r4, r5, r6, r7, pc}
10003c54:	20002154 	.word	0x20002154
10003c58:	20002160 	.word	0x20002160

10003c5c <stdio_put_string>:
10003c5c:	e92d 47f0 	stmdb	sp!, {r4, r5, r6, r7, r8, r9, sl, lr}
10003c60:	b082      	sub	sp, #8
10003c62:	460d      	mov	r5, r1
10003c64:	4692      	mov	sl, r2
10003c66:	4699      	mov	r9, r3
10003c68:	4607      	mov	r7, r0
10003c6a:	f7fe f87d 	bl	10001d68 <time_us_64>
10003c6e:	4a2f      	ldr	r2, [pc, #188]	; (10003d2c <stdio_put_string+0xd0>)
10003c70:	1882      	adds	r2, r0, r2
10003c72:	f141 0300 	adc.w	r3, r1, #0
10003c76:	2b00      	cmp	r3, #0
10003c78:	bfbc      	itt	lt
10003c7a:	f04f 32ff 	movlt.w	r2, #4294967295	; 0xffffffff
10003c7e:	f06f 4300 	mvnlt.w	r3, #2147483648	; 0x80000000
10003c82:	482b      	ldr	r0, [pc, #172]	; (10003d30 <stdio_put_string+0xd4>)
10003c84:	f003 fd60 	bl	10007748 <__mutex_try_enter_block_until_veneer>
10003c88:	1c6b      	adds	r3, r5, #1
10003c8a:	4680      	mov	r8, r0
10003c8c:	d103      	bne.n	10003c96 <stdio_put_string+0x3a>
10003c8e:	4638      	mov	r0, r7
10003c90:	f003 fbce 	bl	10007430 <strlen>
10003c94:	4605      	mov	r5, r0
10003c96:	4b27      	ldr	r3, [pc, #156]	; (10003d34 <stdio_put_string+0xd8>)
10003c98:	4e27      	ldr	r6, [pc, #156]	; (10003d38 <stdio_put_string+0xdc>)
10003c9a:	681c      	ldr	r4, [r3, #0]
10003c9c:	4b27      	ldr	r3, [pc, #156]	; (10003d3c <stdio_put_string+0xe0>)
10003c9e:	f1b9 0f00 	cmp.w	r9, #0
10003ca2:	bf08      	it	eq
10003ca4:	461e      	moveq	r6, r3
10003ca6:	b1b4      	cbz	r4, 10003cd6 <stdio_put_string+0x7a>
10003ca8:	f1ba 0f00 	cmp.w	sl, #0
10003cac:	d11a      	bne.n	10003ce4 <stdio_put_string+0x88>
10003cae:	f8df 9090 	ldr.w	r9, [pc, #144]	; 10003d40 <stdio_put_string+0xe4>
10003cb2:	e001      	b.n	10003cb8 <stdio_put_string+0x5c>
10003cb4:	6924      	ldr	r4, [r4, #16]
10003cb6:	b174      	cbz	r4, 10003cd6 <stdio_put_string+0x7a>
10003cb8:	6823      	ldr	r3, [r4, #0]
10003cba:	2b00      	cmp	r3, #0
10003cbc:	d0fa      	beq.n	10003cb4 <stdio_put_string+0x58>
10003cbe:	f8d9 3000 	ldr.w	r3, [r9]
10003cc2:	b10b      	cbz	r3, 10003cc8 <stdio_put_string+0x6c>
10003cc4:	42a3      	cmp	r3, r4
10003cc6:	d1f5      	bne.n	10003cb4 <stdio_put_string+0x58>
10003cc8:	4620      	mov	r0, r4
10003cca:	462a      	mov	r2, r5
10003ccc:	4639      	mov	r1, r7
10003cce:	47b0      	blx	r6
10003cd0:	6924      	ldr	r4, [r4, #16]
10003cd2:	2c00      	cmp	r4, #0
10003cd4:	d1f0      	bne.n	10003cb8 <stdio_put_string+0x5c>
10003cd6:	f1b8 0f00 	cmp.w	r8, #0
10003cda:	d11f      	bne.n	10003d1c <stdio_put_string+0xc0>
10003cdc:	4628      	mov	r0, r5
10003cde:	b002      	add	sp, #8
10003ce0:	e8bd 87f0 	ldmia.w	sp!, {r4, r5, r6, r7, r8, r9, sl, pc}
10003ce4:	f04f 0a0a 	mov.w	sl, #10
10003ce8:	f8df 9054 	ldr.w	r9, [pc, #84]	; 10003d40 <stdio_put_string+0xe4>
10003cec:	e002      	b.n	10003cf4 <stdio_put_string+0x98>
10003cee:	6924      	ldr	r4, [r4, #16]
10003cf0:	2c00      	cmp	r4, #0
10003cf2:	d0f0      	beq.n	10003cd6 <stdio_put_string+0x7a>
10003cf4:	6823      	ldr	r3, [r4, #0]
10003cf6:	2b00      	cmp	r3, #0
10003cf8:	d0f9      	beq.n	10003cee <stdio_put_string+0x92>
10003cfa:	f8d9 3000 	ldr.w	r3, [r9]
10003cfe:	b10b      	cbz	r3, 10003d04 <stdio_put_string+0xa8>
10003d00:	42a3      	cmp	r3, r4
10003d02:	d1f4      	bne.n	10003cee <stdio_put_string+0x92>
10003d04:	4620      	mov	r0, r4
10003d06:	462a      	mov	r2, r5
10003d08:	4639      	mov	r1, r7
10003d0a:	47b0      	blx	r6
10003d0c:	4620      	mov	r0, r4
10003d0e:	2201      	movs	r2, #1
10003d10:	f10d 0107 	add.w	r1, sp, #7
10003d14:	f88d a007 	strb.w	sl, [sp, #7]
10003d18:	47b0      	blx	r6
10003d1a:	e7e8      	b.n	10003cee <stdio_put_string+0x92>
10003d1c:	4804      	ldr	r0, [pc, #16]	; (10003d30 <stdio_put_string+0xd4>)
10003d1e:	f003 fd2b 	bl	10007778 <__mutex_exit_veneer>
10003d22:	4628      	mov	r0, r5
10003d24:	b002      	add	sp, #8
10003d26:	e8bd 87f0 	ldmia.w	sp!, {r4, r5, r6, r7, r8, r9, sl, pc}
10003d2a:	bf00      	nop
10003d2c:	000f4240 	.word	0x000f4240
10003d30:	20001c20 	.word	0x20001c20
10003d34:	20002154 	.word	0x20002154
10003d38:	10003b61 	.word	0x10003b61
10003d3c:	10003b59 	.word	0x10003b59
10003d40:	20002160 	.word	0x20002160

10003d44 <stdio_set_driver_enabled>:
10003d44:	4a08      	ldr	r2, [pc, #32]	; (10003d68 <stdio_set_driver_enabled+0x24>)
10003d46:	6813      	ldr	r3, [r2, #0]
10003d48:	b923      	cbnz	r3, 10003d54 <stdio_set_driver_enabled+0x10>
10003d4a:	e00a      	b.n	10003d62 <stdio_set_driver_enabled+0x1e>
10003d4c:	f103 0210 	add.w	r2, r3, #16
10003d50:	691b      	ldr	r3, [r3, #16]
10003d52:	b133      	cbz	r3, 10003d62 <stdio_set_driver_enabled+0x1e>
10003d54:	4298      	cmp	r0, r3
10003d56:	d1f9      	bne.n	10003d4c <stdio_set_driver_enabled+0x8>
10003d58:	b929      	cbnz	r1, 10003d66 <stdio_set_driver_enabled+0x22>
10003d5a:	6903      	ldr	r3, [r0, #16]
10003d5c:	6013      	str	r3, [r2, #0]
10003d5e:	6101      	str	r1, [r0, #16]
10003d60:	4770      	bx	lr
10003d62:	b101      	cbz	r1, 10003d66 <stdio_set_driver_enabled+0x22>
10003d64:	6010      	str	r0, [r2, #0]
10003d66:	4770      	bx	lr
10003d68:	20002154 	.word	0x20002154

10003d6c <stdio_init_all>:
10003d6c:	f000 ba56 	b.w	1000421c <stdio_usb_init>

10003d70 <__wrap_putchar>:
10003d70:	b5f0      	push	{r4, r5, r6, r7, lr}
10003d72:	b083      	sub	sp, #12
10003d74:	4606      	mov	r6, r0
10003d76:	f88d 0007 	strb.w	r0, [sp, #7]
10003d7a:	f7fd fff5 	bl	10001d68 <time_us_64>
10003d7e:	4a17      	ldr	r2, [pc, #92]	; (10003ddc <__wrap_putchar+0x6c>)
10003d80:	1882      	adds	r2, r0, r2
10003d82:	f141 0300 	adc.w	r3, r1, #0
10003d86:	2b00      	cmp	r3, #0
10003d88:	bfbc      	itt	lt
10003d8a:	f06f 4300 	mvnlt.w	r3, #2147483648	; 0x80000000
10003d8e:	f04f 32ff 	movlt.w	r2, #4294967295	; 0xffffffff
10003d92:	4813      	ldr	r0, [pc, #76]	; (10003de0 <__wrap_putchar+0x70>)
10003d94:	f003 fcd8 	bl	10007748 <__mutex_try_enter_block_until_veneer>
10003d98:	4b12      	ldr	r3, [pc, #72]	; (10003de4 <__wrap_putchar+0x74>)
10003d9a:	4607      	mov	r7, r0
10003d9c:	681c      	ldr	r4, [r3, #0]
10003d9e:	b19c      	cbz	r4, 10003dc8 <__wrap_putchar+0x58>
10003da0:	4d11      	ldr	r5, [pc, #68]	; (10003de8 <__wrap_putchar+0x78>)
10003da2:	e001      	b.n	10003da8 <__wrap_putchar+0x38>
10003da4:	6924      	ldr	r4, [r4, #16]
10003da6:	b17c      	cbz	r4, 10003dc8 <__wrap_putchar+0x58>
10003da8:	6823      	ldr	r3, [r4, #0]
10003daa:	2b00      	cmp	r3, #0
10003dac:	d0fa      	beq.n	10003da4 <__wrap_putchar+0x34>
10003dae:	682b      	ldr	r3, [r5, #0]
10003db0:	b10b      	cbz	r3, 10003db6 <__wrap_putchar+0x46>
10003db2:	42a3      	cmp	r3, r4
10003db4:	d1f6      	bne.n	10003da4 <__wrap_putchar+0x34>
10003db6:	4620      	mov	r0, r4
10003db8:	2201      	movs	r2, #1
10003dba:	f10d 0107 	add.w	r1, sp, #7
10003dbe:	f7ff fecf 	bl	10003b60 <stdio_out_chars_crlf>
10003dc2:	6924      	ldr	r4, [r4, #16]
10003dc4:	2c00      	cmp	r4, #0
10003dc6:	d1ef      	bne.n	10003da8 <__wrap_putchar+0x38>
10003dc8:	b917      	cbnz	r7, 10003dd0 <__wrap_putchar+0x60>
10003dca:	4630      	mov	r0, r6
10003dcc:	b003      	add	sp, #12
10003dce:	bdf0      	pop	{r4, r5, r6, r7, pc}
10003dd0:	4803      	ldr	r0, [pc, #12]	; (10003de0 <__wrap_putchar+0x70>)
10003dd2:	f003 fcd1 	bl	10007778 <__mutex_exit_veneer>
10003dd6:	4630      	mov	r0, r6
10003dd8:	b003      	add	sp, #12
10003dda:	bdf0      	pop	{r4, r5, r6, r7, pc}
10003ddc:	000f4240 	.word	0x000f4240
10003de0:	20001c20 	.word	0x20001c20
10003de4:	20002154 	.word	0x20002154
10003de8:	20002160 	.word	0x20002160

10003dec <__wrap_puts>:
10003dec:	b538      	push	{r3, r4, r5, lr}
10003dee:	4604      	mov	r4, r0
10003df0:	f003 fb1e 	bl	10007430 <strlen>
10003df4:	2301      	movs	r3, #1
10003df6:	4605      	mov	r5, r0
10003df8:	461a      	mov	r2, r3
10003dfa:	4620      	mov	r0, r4
10003dfc:	4629      	mov	r1, r5
10003dfe:	f7ff ff2d 	bl	10003c5c <stdio_put_string>
10003e02:	4b08      	ldr	r3, [pc, #32]	; (10003e24 <__wrap_puts+0x38>)
10003e04:	681c      	ldr	r4, [r3, #0]
10003e06:	b12c      	cbz	r4, 10003e14 <__wrap_puts+0x28>
10003e08:	6863      	ldr	r3, [r4, #4]
10003e0a:	b12b      	cbz	r3, 10003e18 <__wrap_puts+0x2c>
10003e0c:	4798      	blx	r3
10003e0e:	6924      	ldr	r4, [r4, #16]
10003e10:	2c00      	cmp	r4, #0
10003e12:	d1f9      	bne.n	10003e08 <__wrap_puts+0x1c>
10003e14:	4628      	mov	r0, r5
10003e16:	bd38      	pop	{r3, r4, r5, pc}
10003e18:	6924      	ldr	r4, [r4, #16]
10003e1a:	2c00      	cmp	r4, #0
10003e1c:	d1f4      	bne.n	10003e08 <__wrap_puts+0x1c>
10003e1e:	4628      	mov	r0, r5
10003e20:	bd38      	pop	{r3, r4, r5, pc}
10003e22:	bf00      	nop
10003e24:	20002154 	.word	0x20002154

10003e28 <__wrap_vprintf>:
10003e28:	e92d 41f0 	stmdb	sp!, {r4, r5, r6, r7, r8, lr}
10003e2c:	b0a2      	sub	sp, #136	; 0x88
10003e2e:	4604      	mov	r4, r0
10003e30:	460d      	mov	r5, r1
10003e32:	f7fd ff99 	bl	10001d68 <time_us_64>
10003e36:	4a27      	ldr	r2, [pc, #156]	; (10003ed4 <__wrap_vprintf+0xac>)
10003e38:	2600      	movs	r6, #0
10003e3a:	1882      	adds	r2, r0, r2
10003e3c:	f141 0300 	adc.w	r3, r1, #0
10003e40:	2b00      	cmp	r3, #0
10003e42:	bfbc      	itt	lt
10003e44:	f04f 32ff 	movlt.w	r2, #4294967295	; 0xffffffff
10003e48:	f06f 4300 	mvnlt.w	r3, #2147483648	; 0x80000000
10003e4c:	4822      	ldr	r0, [pc, #136]	; (10003ed8 <__wrap_vprintf+0xb0>)
10003e4e:	f003 fc7b 	bl	10007748 <__mutex_try_enter_block_until_veneer>
10003e52:	462b      	mov	r3, r5
10003e54:	4607      	mov	r7, r0
10003e56:	4622      	mov	r2, r4
10003e58:	4820      	ldr	r0, [pc, #128]	; (10003edc <__wrap_vprintf+0xb4>)
10003e5a:	a901      	add	r1, sp, #4
10003e5c:	9601      	str	r6, [sp, #4]
10003e5e:	f7ff fe1f 	bl	10003aa0 <vfctprintf>
10003e62:	9b01      	ldr	r3, [sp, #4]
10003e64:	4606      	mov	r6, r0
10003e66:	b97b      	cbnz	r3, 10003e88 <__wrap_vprintf+0x60>
10003e68:	4b1d      	ldr	r3, [pc, #116]	; (10003ee0 <__wrap_vprintf+0xb8>)
10003e6a:	681c      	ldr	r4, [r3, #0]
10003e6c:	b12c      	cbz	r4, 10003e7a <__wrap_vprintf+0x52>
10003e6e:	6863      	ldr	r3, [r4, #4]
10003e70:	b143      	cbz	r3, 10003e84 <__wrap_vprintf+0x5c>
10003e72:	4798      	blx	r3
10003e74:	6924      	ldr	r4, [r4, #16]
10003e76:	2c00      	cmp	r4, #0
10003e78:	d1f9      	bne.n	10003e6e <__wrap_vprintf+0x46>
10003e7a:	bb0f      	cbnz	r7, 10003ec0 <__wrap_vprintf+0x98>
10003e7c:	4630      	mov	r0, r6
10003e7e:	b022      	add	sp, #136	; 0x88
10003e80:	e8bd 81f0 	ldmia.w	sp!, {r4, r5, r6, r7, r8, pc}
10003e84:	6924      	ldr	r4, [r4, #16]
10003e86:	e7f1      	b.n	10003e6c <__wrap_vprintf+0x44>
10003e88:	f8df 8054 	ldr.w	r8, [pc, #84]	; 10003ee0 <__wrap_vprintf+0xb8>
10003e8c:	f8d8 5000 	ldr.w	r5, [r8]
10003e90:	b1ed      	cbz	r5, 10003ece <__wrap_vprintf+0xa6>
10003e92:	4c14      	ldr	r4, [pc, #80]	; (10003ee4 <__wrap_vprintf+0xbc>)
10003e94:	e001      	b.n	10003e9a <__wrap_vprintf+0x72>
10003e96:	692d      	ldr	r5, [r5, #16]
10003e98:	b175      	cbz	r5, 10003eb8 <__wrap_vprintf+0x90>
10003e9a:	682b      	ldr	r3, [r5, #0]
10003e9c:	2b00      	cmp	r3, #0
10003e9e:	d0fa      	beq.n	10003e96 <__wrap_vprintf+0x6e>
10003ea0:	6823      	ldr	r3, [r4, #0]
10003ea2:	b10b      	cbz	r3, 10003ea8 <__wrap_vprintf+0x80>
10003ea4:	429d      	cmp	r5, r3
10003ea6:	d1f6      	bne.n	10003e96 <__wrap_vprintf+0x6e>
10003ea8:	4628      	mov	r0, r5
10003eaa:	9a01      	ldr	r2, [sp, #4]
10003eac:	a902      	add	r1, sp, #8
10003eae:	f7ff fe57 	bl	10003b60 <stdio_out_chars_crlf>
10003eb2:	692d      	ldr	r5, [r5, #16]
10003eb4:	2d00      	cmp	r5, #0
10003eb6:	d1f0      	bne.n	10003e9a <__wrap_vprintf+0x72>
10003eb8:	f8d8 4000 	ldr.w	r4, [r8]
10003ebc:	9501      	str	r5, [sp, #4]
10003ebe:	e7d5      	b.n	10003e6c <__wrap_vprintf+0x44>
10003ec0:	4805      	ldr	r0, [pc, #20]	; (10003ed8 <__wrap_vprintf+0xb0>)
10003ec2:	f003 fc59 	bl	10007778 <__mutex_exit_veneer>
10003ec6:	4630      	mov	r0, r6
10003ec8:	b022      	add	sp, #136	; 0x88
10003eca:	e8bd 81f0 	ldmia.w	sp!, {r4, r5, r6, r7, r8, pc}
10003ece:	9501      	str	r5, [sp, #4]
10003ed0:	e7d3      	b.n	10003e7a <__wrap_vprintf+0x52>
10003ed2:	bf00      	nop
10003ed4:	000f4240 	.word	0x000f4240
10003ed8:	20001c20 	.word	0x20001c20
10003edc:	10003c0d 	.word	0x10003c0d
10003ee0:	20002154 	.word	0x20002154
10003ee4:	20002160 	.word	0x20002160

10003ee8 <__wrap_printf>:
10003ee8:	b40f      	push	{r0, r1, r2, r3}
10003eea:	b500      	push	{lr}
10003eec:	b083      	sub	sp, #12
10003eee:	a904      	add	r1, sp, #16
10003ef0:	f851 0b04 	ldr.w	r0, [r1], #4
10003ef4:	9101      	str	r1, [sp, #4]
10003ef6:	f7ff ff97 	bl	10003e28 <__wrap_vprintf>
10003efa:	b003      	add	sp, #12
10003efc:	f85d eb04 	ldr.w	lr, [sp], #4
10003f00:	b004      	add	sp, #16
10003f02:	4770      	bx	lr

10003f04 <stdio_usb_set_chars_available_callback>:
10003f04:	4a02      	ldr	r2, [pc, #8]	; (10003f10 <stdio_usb_set_chars_available_callback+0xc>)
10003f06:	4b03      	ldr	r3, [pc, #12]	; (10003f14 <stdio_usb_set_chars_available_callback+0x10>)
10003f08:	6010      	str	r0, [r2, #0]
10003f0a:	6019      	str	r1, [r3, #0]
10003f0c:	4770      	bx	lr
10003f0e:	bf00      	nop
10003f10:	200020f4 	.word	0x200020f4
10003f14:	200020f8 	.word	0x200020f8

10003f18 <timer_task>:
10003f18:	4b18      	ldr	r3, [pc, #96]	; (10003f7c <timer_task+0x64>)
10003f1a:	b570      	push	{r4, r5, r6, lr}
10003f1c:	681a      	ldr	r2, [r3, #0]
10003f1e:	2a00      	cmp	r2, #0
10003f20:	d028      	beq.n	10003f74 <timer_task+0x5c>
10003f22:	f3ef 8110 	mrs	r1, PRIMASK
10003f26:	b672      	cpsid	i
10003f28:	e8d2 4fcf 	ldaexb	r4, [r2]
10003f2c:	2001      	movs	r0, #1
10003f2e:	2c00      	cmp	r4, #0
10003f30:	d1fa      	bne.n	10003f28 <timer_task+0x10>
10003f32:	e8c2 0f44 	strexb	r4, r0, [r2]
10003f36:	2c00      	cmp	r4, #0
10003f38:	d1f6      	bne.n	10003f28 <timer_task+0x10>
10003f3a:	f3bf 8f5f 	dmb	sy
10003f3e:	2200      	movs	r2, #0
10003f40:	4c0f      	ldr	r4, [pc, #60]	; (10003f80 <timer_task+0x68>)
10003f42:	6818      	ldr	r0, [r3, #0]
10003f44:	6059      	str	r1, [r3, #4]
10003f46:	7022      	strb	r2, [r4, #0]
10003f48:	e8c0 2f8f 	stlb	r2, [r0]
10003f4c:	f381 8810 	msr	PRIMASK, r1
10003f50:	2400      	movs	r4, #0
10003f52:	2500      	movs	r5, #0
10003f54:	4e0b      	ldr	r6, [pc, #44]	; (10003f84 <timer_task+0x6c>)
10003f56:	7830      	ldrb	r0, [r6, #0]
10003f58:	f7fc ffb0 	bl	10000ebc <irq_is_enabled>
10003f5c:	b920      	cbnz	r0, 10003f68 <timer_task+0x50>
10003f5e:	2400      	movs	r4, #0
10003f60:	2500      	movs	r5, #0
10003f62:	4620      	mov	r0, r4
10003f64:	4629      	mov	r1, r5
10003f66:	bd70      	pop	{r4, r5, r6, pc}
10003f68:	7830      	ldrb	r0, [r6, #0]
10003f6a:	f7fc ffb7 	bl	10000edc <irq_set_pending>
10003f6e:	4620      	mov	r0, r4
10003f70:	4629      	mov	r1, r5
10003f72:	bd70      	pop	{r4, r5, r6, pc}
10003f74:	f44f 747a 	mov.w	r4, #1000	; 0x3e8
10003f78:	2500      	movs	r5, #0
10003f7a:	e7eb      	b.n	10003f54 <timer_task+0x3c>
10003f7c:	20002574 	.word	0x20002574
10003f80:	200025ec 	.word	0x200025ec
10003f84:	200025eb 	.word	0x200025eb

10003f88 <usb_irq>:
10003f88:	4b01      	ldr	r3, [pc, #4]	; (10003f90 <usb_irq+0x8>)
10003f8a:	7818      	ldrb	r0, [r3, #0]
10003f8c:	f7fc bfa6 	b.w	10000edc <irq_set_pending>
10003f90:	200025eb 	.word	0x200025eb

10003f94 <stdio_usb_in_chars>:
10003f94:	b538      	push	{r3, r4, r5, lr}
10003f96:	4604      	mov	r4, r0
10003f98:	2000      	movs	r0, #0
10003f9a:	460d      	mov	r5, r1
10003f9c:	f001 fb8e 	bl	100056bc <tud_cdc_n_connected>
10003fa0:	b390      	cbz	r0, 10004008 <stdio_usb_in_chars+0x74>
10003fa2:	2000      	movs	r0, #0
10003fa4:	f001 fba0 	bl	100056e8 <tud_cdc_n_available>
10003fa8:	b370      	cbz	r0, 10004008 <stdio_usb_in_chars+0x74>
10003faa:	f7fd fedd 	bl	10001d68 <time_us_64>
10003fae:	4a18      	ldr	r2, [pc, #96]	; (10004010 <stdio_usb_in_chars+0x7c>)
10003fb0:	1882      	adds	r2, r0, r2
10003fb2:	f141 0300 	adc.w	r3, r1, #0
10003fb6:	2b00      	cmp	r3, #0
10003fb8:	bfbc      	itt	lt
10003fba:	f04f 32ff 	movlt.w	r2, #4294967295	; 0xffffffff
10003fbe:	f06f 4300 	mvnlt.w	r3, #2147483648	; 0x80000000
10003fc2:	4814      	ldr	r0, [pc, #80]	; (10004014 <stdio_usb_in_chars+0x80>)
10003fc4:	f003 fbc0 	bl	10007748 <__mutex_try_enter_block_until_veneer>
10003fc8:	b1f0      	cbz	r0, 10004008 <stdio_usb_in_chars+0x74>
10003fca:	2000      	movs	r0, #0
10003fcc:	f001 fb76 	bl	100056bc <tud_cdc_n_connected>
10003fd0:	b958      	cbnz	r0, 10003fea <stdio_usb_in_chars+0x56>
10003fd2:	2100      	movs	r1, #0
10003fd4:	f04f 30ff 	mov.w	r0, #4294967295	; 0xffffffff
10003fd8:	f000 fd86 	bl	10004ae8 <tud_task_ext>
10003fdc:	f06f 0402 	mvn.w	r4, #2
10003fe0:	480c      	ldr	r0, [pc, #48]	; (10004014 <stdio_usb_in_chars+0x80>)
10003fe2:	f003 fbc9 	bl	10007778 <__mutex_exit_veneer>
10003fe6:	4620      	mov	r0, r4
10003fe8:	bd38      	pop	{r3, r4, r5, pc}
10003fea:	2000      	movs	r0, #0
10003fec:	f001 fb7c 	bl	100056e8 <tud_cdc_n_available>
10003ff0:	2800      	cmp	r0, #0
10003ff2:	d0ee      	beq.n	10003fd2 <stdio_usb_in_chars+0x3e>
10003ff4:	4621      	mov	r1, r4
10003ff6:	462a      	mov	r2, r5
10003ff8:	2000      	movs	r0, #0
10003ffa:	f001 fb81 	bl	10005700 <tud_cdc_n_read>
10003ffe:	1e04      	subs	r4, r0, #0
10004000:	bf08      	it	eq
10004002:	f06f 0402 	mvneq.w	r4, #2
10004006:	e7eb      	b.n	10003fe0 <stdio_usb_in_chars+0x4c>
10004008:	f06f 0402 	mvn.w	r4, #2
1000400c:	e7eb      	b.n	10003fe6 <stdio_usb_in_chars+0x52>
1000400e:	bf00      	nop
10004010:	000f4240 	.word	0x000f4240
10004014:	200025cc 	.word	0x200025cc

10004018 <stdio_usb_out_flush>:
10004018:	b508      	push	{r3, lr}
1000401a:	f7fd fea5 	bl	10001d68 <time_us_64>
1000401e:	4a0f      	ldr	r2, [pc, #60]	; (1000405c <stdio_usb_out_flush+0x44>)
10004020:	1882      	adds	r2, r0, r2
10004022:	f141 0300 	adc.w	r3, r1, #0
10004026:	2b00      	cmp	r3, #0
10004028:	bfbc      	itt	lt
1000402a:	f04f 32ff 	movlt.w	r2, #4294967295	; 0xffffffff
1000402e:	f06f 4300 	mvnlt.w	r3, #2147483648	; 0x80000000
10004032:	480b      	ldr	r0, [pc, #44]	; (10004060 <stdio_usb_out_flush+0x48>)
10004034:	f003 fb88 	bl	10007748 <__mutex_try_enter_block_until_veneer>
10004038:	b170      	cbz	r0, 10004058 <stdio_usb_out_flush+0x40>
1000403a:	f04f 30ff 	mov.w	r0, #4294967295	; 0xffffffff
1000403e:	2100      	movs	r1, #0
10004040:	f000 fd52 	bl	10004ae8 <tud_task_ext>
10004044:	2000      	movs	r0, #0
10004046:	f001 fba3 	bl	10005790 <tud_cdc_n_write_flush>
1000404a:	2800      	cmp	r0, #0
1000404c:	d1f5      	bne.n	1000403a <stdio_usb_out_flush+0x22>
1000404e:	e8bd 4008 	ldmia.w	sp!, {r3, lr}
10004052:	4803      	ldr	r0, [pc, #12]	; (10004060 <stdio_usb_out_flush+0x48>)
10004054:	f003 bb90 	b.w	10007778 <__mutex_exit_veneer>
10004058:	bd08      	pop	{r3, pc}
1000405a:	bf00      	nop
1000405c:	000f4240 	.word	0x000f4240
10004060:	200025cc 	.word	0x200025cc

10004064 <stdio_usb_out_chars>:
10004064:	e92d 43f8 	stmdb	sp!, {r3, r4, r5, r6, r7, r8, r9, lr}
10004068:	4607      	mov	r7, r0
1000406a:	460e      	mov	r6, r1
1000406c:	f7fd fe7c 	bl	10001d68 <time_us_64>
10004070:	4a34      	ldr	r2, [pc, #208]	; (10004144 <stdio_usb_out_chars+0xe0>)
10004072:	1882      	adds	r2, r0, r2
10004074:	f141 0300 	adc.w	r3, r1, #0
10004078:	2b00      	cmp	r3, #0
1000407a:	bfbc      	itt	lt
1000407c:	f04f 32ff 	movlt.w	r2, #4294967295	; 0xffffffff
10004080:	f06f 4300 	mvnlt.w	r3, #2147483648	; 0x80000000
10004084:	4830      	ldr	r0, [pc, #192]	; (10004148 <stdio_usb_out_chars+0xe4>)
10004086:	f003 fb5f 	bl	10007748 <__mutex_try_enter_block_until_veneer>
1000408a:	b908      	cbnz	r0, 10004090 <stdio_usb_out_chars+0x2c>
1000408c:	e8bd 83f8 	ldmia.w	sp!, {r3, r4, r5, r6, r7, r8, r9, pc}
10004090:	2000      	movs	r0, #0
10004092:	f001 fb13 	bl	100056bc <tud_cdc_n_connected>
10004096:	2800      	cmp	r0, #0
10004098:	d049      	beq.n	1000412e <stdio_usb_out_chars+0xca>
1000409a:	2e00      	cmp	r6, #0
1000409c:	dd42      	ble.n	10004124 <stdio_usb_out_chars+0xc0>
1000409e:	2500      	movs	r5, #0
100040a0:	f8df 80a8 	ldr.w	r8, [pc, #168]	; 1000414c <stdio_usb_out_chars+0xe8>
100040a4:	f8df 90a8 	ldr.w	r9, [pc, #168]	; 10004150 <stdio_usb_out_chars+0xec>
100040a8:	e013      	b.n	100040d2 <stdio_usb_out_chars+0x6e>
100040aa:	4622      	mov	r2, r4
100040ac:	2000      	movs	r0, #0
100040ae:	f001 fbb3 	bl	10005818 <tud_cdc_n_write>
100040b2:	2100      	movs	r1, #0
100040b4:	4604      	mov	r4, r0
100040b6:	f04f 30ff 	mov.w	r0, #4294967295	; 0xffffffff
100040ba:	f000 fd15 	bl	10004ae8 <tud_task_ext>
100040be:	2000      	movs	r0, #0
100040c0:	f001 fb66 	bl	10005790 <tud_cdc_n_write_flush>
100040c4:	f7fd fe50 	bl	10001d68 <time_us_64>
100040c8:	e9c8 0100 	strd	r0, r1, [r8]
100040cc:	4425      	add	r5, r4
100040ce:	42ae      	cmp	r6, r5
100040d0:	dd28      	ble.n	10004124 <stdio_usb_out_chars+0xc0>
100040d2:	2000      	movs	r0, #0
100040d4:	f001 fbc4 	bl	10005860 <tud_cdc_n_write_available>
100040d8:	1b74      	subs	r4, r6, r5
100040da:	4284      	cmp	r4, r0
100040dc:	bfa8      	it	ge
100040de:	4604      	movge	r4, r0
100040e0:	1979      	adds	r1, r7, r5
100040e2:	2c00      	cmp	r4, #0
100040e4:	d1e1      	bne.n	100040aa <stdio_usb_out_chars+0x46>
100040e6:	4621      	mov	r1, r4
100040e8:	f04f 30ff 	mov.w	r0, #4294967295	; 0xffffffff
100040ec:	f000 fcfc 	bl	10004ae8 <tud_task_ext>
100040f0:	4620      	mov	r0, r4
100040f2:	f001 fb4d 	bl	10005790 <tud_cdc_n_write_flush>
100040f6:	4620      	mov	r0, r4
100040f8:	f001 fae0 	bl	100056bc <tud_cdc_n_connected>
100040fc:	b190      	cbz	r0, 10004124 <stdio_usb_out_chars+0xc0>
100040fe:	4620      	mov	r0, r4
10004100:	f001 fbae 	bl	10005860 <tud_cdc_n_write_available>
10004104:	2800      	cmp	r0, #0
10004106:	d1e2      	bne.n	100040ce <stdio_usb_out_chars+0x6a>
10004108:	f7fd fe2e 	bl	10001d68 <time_us_64>
1000410c:	f8d8 3000 	ldr.w	r3, [r8]
10004110:	f8d8 2004 	ldr.w	r2, [r8, #4]
10004114:	eb13 0309 	adds.w	r3, r3, r9
10004118:	f142 0200 	adc.w	r2, r2, #0
1000411c:	4283      	cmp	r3, r0
1000411e:	eb72 0301 	sbcs.w	r3, r2, r1
10004122:	d2d4      	bcs.n	100040ce <stdio_usb_out_chars+0x6a>
10004124:	4808      	ldr	r0, [pc, #32]	; (10004148 <stdio_usb_out_chars+0xe4>)
10004126:	e8bd 43f8 	ldmia.w	sp!, {r3, r4, r5, r6, r7, r8, r9, lr}
1000412a:	f003 bb25 	b.w	10007778 <__mutex_exit_veneer>
1000412e:	2000      	movs	r0, #0
10004130:	2100      	movs	r1, #0
10004132:	4b06      	ldr	r3, [pc, #24]	; (1000414c <stdio_usb_out_chars+0xe8>)
10004134:	e9c3 0100 	strd	r0, r1, [r3]
10004138:	e8bd 43f8 	ldmia.w	sp!, {r3, r4, r5, r6, r7, r8, r9, lr}
1000413c:	4802      	ldr	r0, [pc, #8]	; (10004148 <stdio_usb_out_chars+0xe4>)
1000413e:	f003 bb1b 	b.w	10007778 <__mutex_exit_veneer>
10004142:	bf00      	nop
10004144:	000f4240 	.word	0x000f4240
10004148:	200025cc 	.word	0x200025cc
1000414c:	20001da8 	.word	0x20001da8
10004150:	0007a120 	.word	0x0007a120

10004154 <low_priority_worker_irq>:
10004154:	b530      	push	{r4, r5, lr}
10004156:	2100      	movs	r1, #0
10004158:	b085      	sub	sp, #20
1000415a:	482a      	ldr	r0, [pc, #168]	; (10004204 <low_priority_worker_irq+0xb0>)
1000415c:	f003 fb18 	bl	10007790 <__mutex_try_enter_veneer>
10004160:	b9f0      	cbnz	r0, 100041a0 <low_priority_worker_irq+0x4c>
10004162:	4b29      	ldr	r3, [pc, #164]	; (10004208 <low_priority_worker_irq+0xb4>)
10004164:	681a      	ldr	r2, [r3, #0]
10004166:	b1ca      	cbz	r2, 1000419c <low_priority_worker_irq+0x48>
10004168:	f3ef 8110 	mrs	r1, PRIMASK
1000416c:	b672      	cpsid	i
1000416e:	e8d2 5fcf 	ldaexb	r5, [r2]
10004172:	2401      	movs	r4, #1
10004174:	2d00      	cmp	r5, #0
10004176:	d1fa      	bne.n	1000416e <low_priority_worker_irq+0x1a>
10004178:	e8c2 4f45 	strexb	r5, r4, [r2]
1000417c:	2d00      	cmp	r5, #0
1000417e:	d1f6      	bne.n	1000416e <low_priority_worker_irq+0x1a>
10004180:	f3bf 8f5f 	dmb	sy
10004184:	4c21      	ldr	r4, [pc, #132]	; (1000420c <low_priority_worker_irq+0xb8>)
10004186:	681d      	ldr	r5, [r3, #0]
10004188:	7822      	ldrb	r2, [r4, #0]
1000418a:	6059      	str	r1, [r3, #4]
1000418c:	b2d3      	uxtb	r3, r2
1000418e:	2201      	movs	r2, #1
10004190:	7022      	strb	r2, [r4, #0]
10004192:	e8c5 0f8f 	stlb	r0, [r5]
10004196:	f381 8810 	msr	PRIMASK, r1
1000419a:	b1cb      	cbz	r3, 100041d0 <low_priority_worker_irq+0x7c>
1000419c:	b005      	add	sp, #20
1000419e:	bd30      	pop	{r4, r5, pc}
100041a0:	2100      	movs	r1, #0
100041a2:	f04f 30ff 	mov.w	r0, #4294967295	; 0xffffffff
100041a6:	f000 fc9f 	bl	10004ae8 <tud_task_ext>
100041aa:	2000      	movs	r0, #0
100041ac:	f001 fa9c 	bl	100056e8 <tud_cdc_n_available>
100041b0:	4604      	mov	r4, r0
100041b2:	4814      	ldr	r0, [pc, #80]	; (10004204 <low_priority_worker_irq+0xb0>)
100041b4:	f003 fae0 	bl	10007778 <__mutex_exit_veneer>
100041b8:	2c00      	cmp	r4, #0
100041ba:	d0ef      	beq.n	1000419c <low_priority_worker_irq+0x48>
100041bc:	4b14      	ldr	r3, [pc, #80]	; (10004210 <low_priority_worker_irq+0xbc>)
100041be:	681b      	ldr	r3, [r3, #0]
100041c0:	2b00      	cmp	r3, #0
100041c2:	d0eb      	beq.n	1000419c <low_priority_worker_irq+0x48>
100041c4:	4a13      	ldr	r2, [pc, #76]	; (10004214 <low_priority_worker_irq+0xc0>)
100041c6:	6810      	ldr	r0, [r2, #0]
100041c8:	b005      	add	sp, #20
100041ca:	e8bd 4030 	ldmia.w	sp!, {r4, r5, lr}
100041ce:	4718      	bx	r3
100041d0:	f7fd fba6 	bl	10001920 <alarm_pool_get_default>
100041d4:	4604      	mov	r4, r0
100041d6:	f7fd fdc7 	bl	10001d68 <time_us_64>
100041da:	f510 727a 	adds.w	r2, r0, #1000	; 0x3e8
100041de:	f141 0300 	adc.w	r3, r1, #0
100041e2:	2501      	movs	r5, #1
100041e4:	2100      	movs	r1, #0
100041e6:	4620      	mov	r0, r4
100041e8:	4c0b      	ldr	r4, [pc, #44]	; (10004218 <low_priority_worker_irq+0xc4>)
100041ea:	2b00      	cmp	r3, #0
100041ec:	bfbc      	itt	lt
100041ee:	f04f 32ff 	movlt.w	r2, #4294967295	; 0xffffffff
100041f2:	f06f 4300 	mvnlt.w	r3, #2147483648	; 0x80000000
100041f6:	e9cd 1501 	strd	r1, r5, [sp, #4]
100041fa:	9400      	str	r4, [sp, #0]
100041fc:	f7fd fb94 	bl	10001928 <alarm_pool_add_alarm_at>
10004200:	b005      	add	sp, #20
10004202:	bd30      	pop	{r4, r5, pc}
10004204:	200025cc 	.word	0x200025cc
10004208:	20002574 	.word	0x20002574
1000420c:	200025ec 	.word	0x200025ec
10004210:	200020f4 	.word	0x200020f4
10004214:	200020f8 	.word	0x200020f8
10004218:	10003f19 	.word	0x10003f19

1000421c <stdio_usb_init>:
1000421c:	f04f 4350 	mov.w	r3, #3489660928	; 0xd0000000
10004220:	b530      	push	{r4, r5, lr}
10004222:	b085      	sub	sp, #20
10004224:	681c      	ldr	r4, [r3, #0]
10004226:	f7fd fb7b 	bl	10001920 <alarm_pool_get_default>
1000422a:	f7fd fc8d 	bl	10001b48 <alarm_pool_core_num>
1000422e:	42a0      	cmp	r0, r4
10004230:	d002      	beq.n	10004238 <stdio_usb_init+0x1c>
10004232:	2000      	movs	r0, #0
10004234:	b005      	add	sp, #20
10004236:	bd30      	pop	{r4, r5, pc}
10004238:	2100      	movs	r1, #0
1000423a:	4b27      	ldr	r3, [pc, #156]	; (100042d8 <stdio_usb_init+0xbc>)
1000423c:	4608      	mov	r0, r1
1000423e:	781b      	ldrb	r3, [r3, #0]
10004240:	f001 fcca 	bl	10005bd8 <tusb_rhport_init>
10004244:	4825      	ldr	r0, [pc, #148]	; (100042dc <stdio_usb_init+0xc0>)
10004246:	6803      	ldr	r3, [r0, #0]
10004248:	2b00      	cmp	r3, #0
1000424a:	d042      	beq.n	100042d2 <stdio_usb_init+0xb6>
1000424c:	2001      	movs	r0, #1
1000424e:	f7fd f8d7 	bl	10001400 <user_irq_claim_unused>
10004252:	4603      	mov	r3, r0
10004254:	4c22      	ldr	r4, [pc, #136]	; (100042e0 <stdio_usb_init+0xc4>)
10004256:	4923      	ldr	r1, [pc, #140]	; (100042e4 <stdio_usb_init+0xc8>)
10004258:	b2c0      	uxtb	r0, r0
1000425a:	7023      	strb	r3, [r4, #0]
1000425c:	f7fc fe5c 	bl	10000f18 <irq_set_exclusive_handler>
10004260:	7820      	ldrb	r0, [r4, #0]
10004262:	2101      	movs	r1, #1
10004264:	f7fc fe14 	bl	10000e90 <irq_set_enabled>
10004268:	200e      	movs	r0, #14
1000426a:	f7fc fe45 	bl	10000ef8 <irq_has_shared_handler>
1000426e:	bb18      	cbnz	r0, 100042b8 <stdio_usb_init+0x9c>
10004270:	4b1d      	ldr	r3, [pc, #116]	; (100042e8 <stdio_usb_init+0xcc>)
10004272:	2501      	movs	r5, #1
10004274:	e9c3 0000 	strd	r0, r0, [r3]
10004278:	f7fd fb52 	bl	10001920 <alarm_pool_get_default>
1000427c:	4604      	mov	r4, r0
1000427e:	f7fd fd73 	bl	10001d68 <time_us_64>
10004282:	f510 727a 	adds.w	r2, r0, #1000	; 0x3e8
10004286:	f141 0300 	adc.w	r3, r1, #0
1000428a:	2100      	movs	r1, #0
1000428c:	4620      	mov	r0, r4
1000428e:	4c17      	ldr	r4, [pc, #92]	; (100042ec <stdio_usb_init+0xd0>)
10004290:	2b00      	cmp	r3, #0
10004292:	bfbc      	itt	lt
10004294:	f04f 32ff 	movlt.w	r2, #4294967295	; 0xffffffff
10004298:	f06f 4300 	mvnlt.w	r3, #2147483648	; 0x80000000
1000429c:	e9cd 1501 	strd	r1, r5, [sp, #4]
100042a0:	9400      	str	r4, [sp, #0]
100042a2:	f7fd fb41 	bl	10001928 <alarm_pool_add_alarm_at>
100042a6:	2800      	cmp	r0, #0
100042a8:	dbc3      	blt.n	10004232 <stdio_usb_init+0x16>
100042aa:	2101      	movs	r1, #1
100042ac:	4810      	ldr	r0, [pc, #64]	; (100042f0 <stdio_usb_init+0xd4>)
100042ae:	f7ff fd49 	bl	10003d44 <stdio_set_driver_enabled>
100042b2:	2001      	movs	r0, #1
100042b4:	b005      	add	sp, #20
100042b6:	bd30      	pop	{r4, r5, pc}
100042b8:	2001      	movs	r0, #1
100042ba:	f7fc fda5 	bl	10000e08 <spin_lock_claim_unused>
100042be:	4601      	mov	r1, r0
100042c0:	4809      	ldr	r0, [pc, #36]	; (100042e8 <stdio_usb_init+0xcc>)
100042c2:	f7fd f8fd 	bl	100014c0 <critical_section_init_with_lock_num>
100042c6:	2200      	movs	r2, #0
100042c8:	200e      	movs	r0, #14
100042ca:	490a      	ldr	r1, [pc, #40]	; (100042f4 <stdio_usb_init+0xd8>)
100042cc:	f7fc fe52 	bl	10000f74 <irq_add_shared_handler>
100042d0:	e7eb      	b.n	100042aa <stdio_usb_init+0x8e>
100042d2:	f7fd f8d9 	bl	10001488 <mutex_init>
100042d6:	e7b9      	b.n	1000424c <stdio_usb_init+0x30>
100042d8:	10009cec 	.word	0x10009cec
100042dc:	200025cc 	.word	0x200025cc
100042e0:	200025eb 	.word	0x200025eb
100042e4:	10004155 	.word	0x10004155
100042e8:	20002574 	.word	0x20002574
100042ec:	10003f19 	.word	0x10003f19
100042f0:	20001390 	.word	0x20001390
100042f4:	10003f89 	.word	0x10003f89

100042f8 <tud_descriptor_device_cb>:
100042f8:	4800      	ldr	r0, [pc, #0]	; (100042fc <tud_descriptor_device_cb+0x4>)
100042fa:	4770      	bx	lr
100042fc:	10007bec 	.word	0x10007bec

10004300 <tud_descriptor_configuration_cb>:
10004300:	4800      	ldr	r0, [pc, #0]	; (10004304 <tud_descriptor_configuration_cb+0x4>)
10004302:	4770      	bx	lr
10004304:	10007b98 	.word	0x10007b98

10004308 <tud_descriptor_string_cb>:
10004308:	b538      	push	{r3, r4, r5, lr}
1000430a:	4b1a      	ldr	r3, [pc, #104]	; (10004374 <tud_descriptor_string_cb+0x6c>)
1000430c:	4604      	mov	r4, r0
1000430e:	781a      	ldrb	r2, [r3, #0]
10004310:	b32a      	cbz	r2, 1000435e <tud_descriptor_string_cb+0x56>
10004312:	b944      	cbnz	r4, 10004326 <tud_descriptor_string_cb+0x1e>
10004314:	f240 4209 	movw	r2, #1033	; 0x409
10004318:	f44f 7341 	mov.w	r3, #772	; 0x304
1000431c:	4d16      	ldr	r5, [pc, #88]	; (10004378 <tud_descriptor_string_cb+0x70>)
1000431e:	806a      	strh	r2, [r5, #2]
10004320:	4815      	ldr	r0, [pc, #84]	; (10004378 <tud_descriptor_string_cb+0x70>)
10004322:	802b      	strh	r3, [r5, #0]
10004324:	bd38      	pop	{r3, r4, r5, pc}
10004326:	2c05      	cmp	r4, #5
10004328:	d821      	bhi.n	1000436e <tud_descriptor_string_cb+0x66>
1000432a:	4b14      	ldr	r3, [pc, #80]	; (1000437c <tud_descriptor_string_cb+0x74>)
1000432c:	4d12      	ldr	r5, [pc, #72]	; (10004378 <tud_descriptor_string_cb+0x70>)
1000432e:	f853 1024 	ldr.w	r1, [r3, r4, lsl #2]
10004332:	4628      	mov	r0, r5
10004334:	2300      	movs	r3, #0
10004336:	3901      	subs	r1, #1
10004338:	e003      	b.n	10004342 <tud_descriptor_string_cb+0x3a>
1000433a:	2b13      	cmp	r3, #19
1000433c:	f820 2f02 	strh.w	r2, [r0, #2]!
10004340:	d012      	beq.n	10004368 <tud_descriptor_string_cb+0x60>
10004342:	f811 2f01 	ldrb.w	r2, [r1, #1]!
10004346:	fa5f fc83 	uxtb.w	ip, r3
1000434a:	3301      	adds	r3, #1
1000434c:	2a00      	cmp	r2, #0
1000434e:	d1f4      	bne.n	1000433a <tud_descriptor_string_cb+0x32>
10004350:	f10c 0301 	add.w	r3, ip, #1
10004354:	b2db      	uxtb	r3, r3
10004356:	005b      	lsls	r3, r3, #1
10004358:	f443 7340 	orr.w	r3, r3, #768	; 0x300
1000435c:	e7e0      	b.n	10004320 <tud_descriptor_string_cb+0x18>
1000435e:	2111      	movs	r1, #17
10004360:	4618      	mov	r0, r3
10004362:	f000 f825 	bl	100043b0 <pico_get_unique_board_id_string>
10004366:	e7d4      	b.n	10004312 <tud_descriptor_string_cb+0xa>
10004368:	f44f 734a 	mov.w	r3, #808	; 0x328
1000436c:	e7d8      	b.n	10004320 <tud_descriptor_string_cb+0x18>
1000436e:	2000      	movs	r0, #0
10004370:	bd38      	pop	{r3, r4, r5, pc}
10004372:	bf00      	nop
10004374:	200025d4 	.word	0x200025d4
10004378:	2000212c 	.word	0x2000212c
1000437c:	10007c00 	.word	0x10007c00

10004380 <_retrieve_unique_id_on_boot>:
10004380:	b500      	push	{lr}
10004382:	f245 3047 	movw	r0, #21319	; 0x5347
10004386:	b08b      	sub	sp, #44	; 0x2c
10004388:	f7fd fe36 	bl	10001ff8 <rom_func_lookup>
1000438c:	2201      	movs	r2, #1
1000438e:	4603      	mov	r3, r0
10004390:	2109      	movs	r1, #9
10004392:	a801      	add	r0, sp, #4
10004394:	4798      	blx	r3
10004396:	e9dd 3203 	ldrd	r3, r2, [sp, #12]
1000439a:	4904      	ldr	r1, [pc, #16]	; (100043ac <_retrieve_unique_id_on_boot+0x2c>)
1000439c:	ba12      	rev	r2, r2
1000439e:	ba1b      	rev	r3, r3
100043a0:	e9c1 2300 	strd	r2, r3, [r1]
100043a4:	b00b      	add	sp, #44	; 0x2c
100043a6:	f85d fb04 	ldr.w	pc, [sp], #4
100043aa:	bf00      	nop
100043ac:	200025a4 	.word	0x200025a4

100043b0 <pico_get_unique_board_id_string>:
100043b0:	3901      	subs	r1, #1
100043b2:	f000 80b3 	beq.w	1000451c <pico_get_unique_board_id_string+0x16c>
100043b6:	4a5d      	ldr	r2, [pc, #372]	; (1000452c <pico_get_unique_board_id_string+0x17c>)
100043b8:	7813      	ldrb	r3, [r2, #0]
100043ba:	ea4f 1c23 	mov.w	ip, r3, asr #4
100043be:	2b9f      	cmp	r3, #159	; 0x9f
100043c0:	bf8c      	ite	hi
100043c2:	f10c 0c37 	addhi.w	ip, ip, #55	; 0x37
100043c6:	f10c 0c30 	addls.w	ip, ip, #48	; 0x30
100043ca:	2901      	cmp	r1, #1
100043cc:	f880 c000 	strb.w	ip, [r0]
100043d0:	f000 80a7 	beq.w	10004522 <pico_get_unique_board_id_string+0x172>
100043d4:	f003 030f 	and.w	r3, r3, #15
100043d8:	2b09      	cmp	r3, #9
100043da:	bfcc      	ite	gt
100043dc:	3337      	addgt	r3, #55	; 0x37
100043de:	3330      	addle	r3, #48	; 0x30
100043e0:	2902      	cmp	r1, #2
100043e2:	7043      	strb	r3, [r0, #1]
100043e4:	f000 809d 	beq.w	10004522 <pico_get_unique_board_id_string+0x172>
100043e8:	7853      	ldrb	r3, [r2, #1]
100043ea:	ea4f 1c23 	mov.w	ip, r3, asr #4
100043ee:	2b9f      	cmp	r3, #159	; 0x9f
100043f0:	bf8c      	ite	hi
100043f2:	f10c 0c37 	addhi.w	ip, ip, #55	; 0x37
100043f6:	f10c 0c30 	addls.w	ip, ip, #48	; 0x30
100043fa:	2903      	cmp	r1, #3
100043fc:	f880 c002 	strb.w	ip, [r0, #2]
10004400:	f000 808f 	beq.w	10004522 <pico_get_unique_board_id_string+0x172>
10004404:	f003 030f 	and.w	r3, r3, #15
10004408:	2b09      	cmp	r3, #9
1000440a:	bfcc      	ite	gt
1000440c:	3337      	addgt	r3, #55	; 0x37
1000440e:	3330      	addle	r3, #48	; 0x30
10004410:	2904      	cmp	r1, #4
10004412:	70c3      	strb	r3, [r0, #3]
10004414:	f000 8085 	beq.w	10004522 <pico_get_unique_board_id_string+0x172>
10004418:	7893      	ldrb	r3, [r2, #2]
1000441a:	ea4f 1c23 	mov.w	ip, r3, asr #4
1000441e:	2b9f      	cmp	r3, #159	; 0x9f
10004420:	bf8c      	ite	hi
10004422:	f10c 0c37 	addhi.w	ip, ip, #55	; 0x37
10004426:	f10c 0c30 	addls.w	ip, ip, #48	; 0x30
1000442a:	2905      	cmp	r1, #5
1000442c:	f880 c004 	strb.w	ip, [r0, #4]
10004430:	d077      	beq.n	10004522 <pico_get_unique_board_id_string+0x172>
10004432:	f003 030f 	and.w	r3, r3, #15
10004436:	2b09      	cmp	r3, #9
10004438:	bfcc      	ite	gt
1000443a:	3337      	addgt	r3, #55	; 0x37
1000443c:	3330      	addle	r3, #48	; 0x30
1000443e:	2906      	cmp	r1, #6
10004440:	7143      	strb	r3, [r0, #5]
10004442:	d06e      	beq.n	10004522 <pico_get_unique_board_id_string+0x172>
10004444:	78d3      	ldrb	r3, [r2, #3]
10004446:	ea4f 1c23 	mov.w	ip, r3, asr #4
1000444a:	2b9f      	cmp	r3, #159	; 0x9f
1000444c:	bf8c      	ite	hi
1000444e:	f10c 0c37 	addhi.w	ip, ip, #55	; 0x37
10004452:	f10c 0c30 	addls.w	ip, ip, #48	; 0x30
10004456:	2907      	cmp	r1, #7
10004458:	f880 c006 	strb.w	ip, [r0, #6]
1000445c:	d061      	beq.n	10004522 <pico_get_unique_board_id_string+0x172>
1000445e:	f003 030f 	and.w	r3, r3, #15
10004462:	2b09      	cmp	r3, #9
10004464:	bfcc      	ite	gt
10004466:	3337      	addgt	r3, #55	; 0x37
10004468:	3330      	addle	r3, #48	; 0x30
1000446a:	2908      	cmp	r1, #8
1000446c:	71c3      	strb	r3, [r0, #7]
1000446e:	d058      	beq.n	10004522 <pico_get_unique_board_id_string+0x172>
10004470:	7913      	ldrb	r3, [r2, #4]
10004472:	ea4f 1c23 	mov.w	ip, r3, asr #4
10004476:	2b9f      	cmp	r3, #159	; 0x9f
10004478:	bf8c      	ite	hi
1000447a:	f10c 0c37 	addhi.w	ip, ip, #55	; 0x37
1000447e:	f10c 0c30 	addls.w	ip, ip, #48	; 0x30
10004482:	2909      	cmp	r1, #9
10004484:	f880 c008 	strb.w	ip, [r0, #8]
10004488:	d04b      	beq.n	10004522 <pico_get_unique_board_id_string+0x172>
1000448a:	f003 030f 	and.w	r3, r3, #15
1000448e:	2b09      	cmp	r3, #9
10004490:	bfcc      	ite	gt
10004492:	3337      	addgt	r3, #55	; 0x37
10004494:	3330      	addle	r3, #48	; 0x30
10004496:	290a      	cmp	r1, #10
10004498:	7243      	strb	r3, [r0, #9]
1000449a:	d042      	beq.n	10004522 <pico_get_unique_board_id_string+0x172>
1000449c:	7953      	ldrb	r3, [r2, #5]
1000449e:	ea4f 1c23 	mov.w	ip, r3, asr #4
100044a2:	2b9f      	cmp	r3, #159	; 0x9f
100044a4:	bf8c      	ite	hi
100044a6:	f10c 0c37 	addhi.w	ip, ip, #55	; 0x37
100044aa:	f10c 0c30 	addls.w	ip, ip, #48	; 0x30
100044ae:	290b      	cmp	r1, #11
100044b0:	f880 c00a 	strb.w	ip, [r0, #10]
100044b4:	d035      	beq.n	10004522 <pico_get_unique_board_id_string+0x172>
100044b6:	f003 030f 	and.w	r3, r3, #15
100044ba:	2b09      	cmp	r3, #9
100044bc:	bfcc      	ite	gt
100044be:	3337      	addgt	r3, #55	; 0x37
100044c0:	3330      	addle	r3, #48	; 0x30
100044c2:	290c      	cmp	r1, #12
100044c4:	72c3      	strb	r3, [r0, #11]
100044c6:	d02c      	beq.n	10004522 <pico_get_unique_board_id_string+0x172>
100044c8:	7993      	ldrb	r3, [r2, #6]
100044ca:	ea4f 1c23 	mov.w	ip, r3, asr #4
100044ce:	2b9f      	cmp	r3, #159	; 0x9f
100044d0:	bf8c      	ite	hi
100044d2:	f10c 0c37 	addhi.w	ip, ip, #55	; 0x37
100044d6:	f10c 0c30 	addls.w	ip, ip, #48	; 0x30
100044da:	290d      	cmp	r1, #13
100044dc:	f880 c00c 	strb.w	ip, [r0, #12]
100044e0:	d01f      	beq.n	10004522 <pico_get_unique_board_id_string+0x172>
100044e2:	f003 030f 	and.w	r3, r3, #15
100044e6:	2b09      	cmp	r3, #9
100044e8:	bfcc      	ite	gt
100044ea:	3337      	addgt	r3, #55	; 0x37
100044ec:	3330      	addle	r3, #48	; 0x30
100044ee:	290e      	cmp	r1, #14
100044f0:	7343      	strb	r3, [r0, #13]
100044f2:	d016      	beq.n	10004522 <pico_get_unique_board_id_string+0x172>
100044f4:	79d3      	ldrb	r3, [r2, #7]
100044f6:	111a      	asrs	r2, r3, #4
100044f8:	2b9f      	cmp	r3, #159	; 0x9f
100044fa:	bf8c      	ite	hi
100044fc:	3237      	addhi	r2, #55	; 0x37
100044fe:	3230      	addls	r2, #48	; 0x30
10004500:	290f      	cmp	r1, #15
10004502:	7382      	strb	r2, [r0, #14]
10004504:	d00d      	beq.n	10004522 <pico_get_unique_board_id_string+0x172>
10004506:	f003 030f 	and.w	r3, r3, #15
1000450a:	2b09      	cmp	r3, #9
1000450c:	bfd4      	ite	le
1000450e:	3330      	addle	r3, #48	; 0x30
10004510:	3337      	addgt	r3, #55	; 0x37
10004512:	2910      	cmp	r1, #16
10004514:	73c3      	strb	r3, [r0, #15]
10004516:	bf18      	it	ne
10004518:	3010      	addne	r0, #16
1000451a:	d002      	beq.n	10004522 <pico_get_unique_board_id_string+0x172>
1000451c:	2300      	movs	r3, #0
1000451e:	7003      	strb	r3, [r0, #0]
10004520:	4770      	bx	lr
10004522:	2300      	movs	r3, #0
10004524:	4408      	add	r0, r1
10004526:	7003      	strb	r3, [r0, #0]
10004528:	4770      	bx	lr
1000452a:	bf00      	nop
1000452c:	200025a4 	.word	0x200025a4

10004530 <usb_reset_interface_init>:
10004530:	4770      	bx	lr
10004532:	bf00      	nop

10004534 <usb_reset_interface_reset>:
10004534:	2200      	movs	r2, #0
10004536:	4b01      	ldr	r3, [pc, #4]	; (1000453c <usb_reset_interface_reset+0x8>)
10004538:	701a      	strb	r2, [r3, #0]
1000453a:	4770      	bx	lr
1000453c:	200025e9 	.word	0x200025e9

10004540 <usb_reset_interface_open>:
10004540:	794b      	ldrb	r3, [r1, #5]
10004542:	2bff      	cmp	r3, #255	; 0xff
10004544:	d10b      	bne.n	1000455e <usb_reset_interface_open+0x1e>
10004546:	7988      	ldrb	r0, [r1, #6]
10004548:	b948      	cbnz	r0, 1000455e <usb_reset_interface_open+0x1e>
1000454a:	79cb      	ldrb	r3, [r1, #7]
1000454c:	2b01      	cmp	r3, #1
1000454e:	d107      	bne.n	10004560 <usb_reset_interface_open+0x20>
10004550:	2a08      	cmp	r2, #8
10004552:	d905      	bls.n	10004560 <usb_reset_interface_open+0x20>
10004554:	4b03      	ldr	r3, [pc, #12]	; (10004564 <usb_reset_interface_open+0x24>)
10004556:	788a      	ldrb	r2, [r1, #2]
10004558:	2009      	movs	r0, #9
1000455a:	701a      	strb	r2, [r3, #0]
1000455c:	4770      	bx	lr
1000455e:	2000      	movs	r0, #0
10004560:	4770      	bx	lr
10004562:	bf00      	nop
10004564:	200025e9 	.word	0x200025e9

10004568 <usb_reset_interface_xfer_cb>:
10004568:	2001      	movs	r0, #1
1000456a:	4770      	bx	lr

1000456c <usb_reset_interface_control_xfer_cb>:
1000456c:	2901      	cmp	r1, #1
1000456e:	d108      	bne.n	10004582 <usb_reset_interface_control_xfer_cb+0x16>
10004570:	b510      	push	{r4, lr}
10004572:	4b11      	ldr	r3, [pc, #68]	; (100045b8 <usb_reset_interface_control_xfer_cb+0x4c>)
10004574:	460c      	mov	r4, r1
10004576:	781b      	ldrb	r3, [r3, #0]
10004578:	8891      	ldrh	r1, [r2, #4]
1000457a:	4299      	cmp	r1, r3
1000457c:	d003      	beq.n	10004586 <usb_reset_interface_control_xfer_cb+0x1a>
1000457e:	2000      	movs	r0, #0
10004580:	bd10      	pop	{r4, pc}
10004582:	2001      	movs	r0, #1
10004584:	4770      	bx	lr
10004586:	7853      	ldrb	r3, [r2, #1]
10004588:	2b01      	cmp	r3, #1
1000458a:	d008      	beq.n	1000459e <usb_reset_interface_control_xfer_cb+0x32>
1000458c:	2b02      	cmp	r3, #2
1000458e:	d1f6      	bne.n	1000457e <usb_reset_interface_control_xfer_cb+0x12>
10004590:	2100      	movs	r1, #0
10004592:	2264      	movs	r2, #100	; 0x64
10004594:	4608      	mov	r0, r1
10004596:	f7fd fcb7 	bl	10001f08 <watchdog_reboot>
1000459a:	4620      	mov	r0, r4
1000459c:	bd10      	pop	{r4, pc}
1000459e:	8851      	ldrh	r1, [r2, #2]
100045a0:	f411 7280 	ands.w	r2, r1, #256	; 0x100
100045a4:	bf1a      	itte	ne
100045a6:	f3c1 12c0 	ubfxne	r2, r1, #7, #1
100045aa:	0a48      	lsrne	r0, r1, #9
100045ac:	f04f 30ff 	moveq.w	r0, #4294967295	; 0xffffffff
100045b0:	f001 0103 	and.w	r1, r1, #3
100045b4:	f7fd fd2c 	bl	10002010 <rom_reset_usb_boot_extra>
100045b8:	200025e9 	.word	0x200025e9

100045bc <tud_descriptor_bos_cb>:
100045bc:	4800      	ldr	r0, [pc, #0]	; (100045c0 <tud_descriptor_bos_cb+0x4>)
100045be:	4770      	bx	lr
100045c0:	10007c18 	.word	0x10007c18

100045c4 <tud_vendor_control_xfer_cb>:
100045c4:	2901      	cmp	r1, #1
100045c6:	d107      	bne.n	100045d8 <tud_vendor_control_xfer_cb+0x14>
100045c8:	7853      	ldrb	r3, [r2, #1]
100045ca:	2b01      	cmp	r3, #1
100045cc:	d102      	bne.n	100045d4 <tud_vendor_control_xfer_cb+0x10>
100045ce:	8893      	ldrh	r3, [r2, #4]
100045d0:	2b07      	cmp	r3, #7
100045d2:	d003      	beq.n	100045dc <tud_vendor_control_xfer_cb+0x18>
100045d4:	2000      	movs	r0, #0
100045d6:	4770      	bx	lr
100045d8:	2001      	movs	r0, #1
100045da:	4770      	bx	lr
100045dc:	4611      	mov	r1, r2
100045de:	23a6      	movs	r3, #166	; 0xa6
100045e0:	4a01      	ldr	r2, [pc, #4]	; (100045e8 <tud_vendor_control_xfer_cb+0x24>)
100045e2:	f000 bf23 	b.w	1000542c <tud_control_xfer>
100045e6:	bf00      	nop
100045e8:	10007c3c 	.word	0x10007c3c

100045ec <usbd_app_driver_get_cb>:
100045ec:	4603      	mov	r3, r0
100045ee:	2201      	movs	r2, #1
100045f0:	4801      	ldr	r0, [pc, #4]	; (100045f8 <usbd_app_driver_get_cb+0xc>)
100045f2:	701a      	strb	r2, [r3, #0]
100045f4:	4770      	bx	lr
100045f6:	bf00      	nop
100045f8:	10007ce4 	.word	0x10007ce4

100045fc <tud_cdc_line_coding_cb>:
100045fc:	b508      	push	{r3, lr}
100045fe:	680b      	ldr	r3, [r1, #0]
10004600:	f5b3 6f96 	cmp.w	r3, #1200	; 0x4b0
10004604:	d000      	beq.n	10004608 <tud_cdc_line_coding_cb+0xc>
10004606:	bd08      	pop	{r3, pc}
10004608:	2200      	movs	r2, #0
1000460a:	f04f 30ff 	mov.w	r0, #4294967295	; 0xffffffff
1000460e:	4611      	mov	r1, r2
10004610:	f7fd fcfe 	bl	10002010 <rom_reset_usb_boot_extra>

10004614 <dcd_init>:
10004614:	b5f8      	push	{r3, r4, r5, r6, r7, lr}
10004616:	f000 f935 	bl	10004884 <rp2040_usb_init>
1000461a:	230c      	movs	r3, #12
1000461c:	2740      	movs	r7, #64	; 0x40
1000461e:	4d1a      	ldr	r5, [pc, #104]	; (10004688 <dcd_init+0x74>)
10004620:	4c1a      	ldr	r4, [pc, #104]	; (1000468c <dcd_init+0x78>)
10004622:	67ab      	str	r3, [r5, #120]	; 0x78
10004624:	22ff      	movs	r2, #255	; 0xff
10004626:	200e      	movs	r0, #14
10004628:	4919      	ldr	r1, [pc, #100]	; (10004690 <dcd_init+0x7c>)
1000462a:	f7fc fca3 	bl	10000f74 <irq_add_shared_handler>
1000462e:	463a      	mov	r2, r7
10004630:	2100      	movs	r1, #0
10004632:	4620      	mov	r0, r4
10004634:	f003 f880 	bl	10007738 <__memset_veneer>
10004638:	4b16      	ldr	r3, [pc, #88]	; (10004694 <dcd_init+0x80>)
1000463a:	2601      	movs	r6, #1
1000463c:	62a3      	str	r3, [r4, #40]	; 0x28
1000463e:	2180      	movs	r1, #128	; 0x80
10004640:	2300      	movs	r3, #0
10004642:	4a15      	ldr	r2, [pc, #84]	; (10004698 <dcd_init+0x84>)
10004644:	7066      	strb	r6, [r4, #1]
10004646:	60a2      	str	r2, [r4, #8]
10004648:	3a84      	subs	r2, #132	; 0x84
1000464a:	8327      	strh	r7, [r4, #24]
1000464c:	8727      	strh	r7, [r4, #56]	; 0x38
1000464e:	8461      	strh	r1, [r4, #34]	; 0x22
10004650:	f8c2 3084 	str.w	r3, [r2, #132]	; 0x84
10004654:	f8c2 3080 	str.w	r3, [r2, #128]	; 0x80
10004658:	6063      	str	r3, [r4, #4]
1000465a:	f884 3021 	strb.w	r3, [r4, #33]	; 0x21
1000465e:	f884 303b 	strb.w	r3, [r4, #59]	; 0x3b
10004662:	6263      	str	r3, [r4, #36]	; 0x24
10004664:	4b0d      	ldr	r3, [pc, #52]	; (1000469c <dcd_init+0x88>)
10004666:	60e3      	str	r3, [r4, #12]
10004668:	62e3      	str	r3, [r4, #44]	; 0x2c
1000466a:	f003 f875 	bl	10007758 <__reset_non_control_endpoints_veneer>
1000466e:	f04f 5400 	mov.w	r4, #536870912	; 0x20000000
10004672:	f44f 3280 	mov.w	r2, #65536	; 0x10000
10004676:	490a      	ldr	r1, [pc, #40]	; (100046a0 <dcd_init+0x8c>)
10004678:	4b0a      	ldr	r3, [pc, #40]	; (100046a4 <dcd_init+0x90>)
1000467a:	642e      	str	r6, [r5, #64]	; 0x40
1000467c:	4630      	mov	r0, r6
1000467e:	64ec      	str	r4, [r5, #76]	; 0x4c
10004680:	f8c5 1090 	str.w	r1, [r5, #144]	; 0x90
10004684:	64da      	str	r2, [r3, #76]	; 0x4c
10004686:	bdf8      	pop	{r3, r4, r5, r6, r7, pc}
10004688:	50110000 	.word	0x50110000
1000468c:	20002168 	.word	0x20002168
10004690:	200003a5 	.word	0x200003a5
10004694:	50100080 	.word	0x50100080
10004698:	50100084 	.word	0x50100084
1000469c:	50100100 	.word	0x50100100
100046a0:	0001d010 	.word	0x0001d010
100046a4:	50112000 	.word	0x50112000

100046a8 <dcd_int_enable>:
100046a8:	2101      	movs	r1, #1
100046aa:	200e      	movs	r0, #14
100046ac:	f7fc bbf0 	b.w	10000e90 <irq_set_enabled>

100046b0 <dcd_set_address>:
100046b0:	2200      	movs	r2, #0
100046b2:	4802      	ldr	r0, [pc, #8]	; (100046bc <dcd_set_address+0xc>)
100046b4:	4611      	mov	r1, r2
100046b6:	f000 b905 	b.w	100048c4 <hw_endpoint_xfer_start>
100046ba:	bf00      	nop
100046bc:	20002188 	.word	0x20002188

100046c0 <dcd_sof_enable>:
100046c0:	4b04      	ldr	r3, [pc, #16]	; (100046d4 <dcd_sof_enable+0x14>)
100046c2:	7019      	strb	r1, [r3, #0]
100046c4:	b121      	cbz	r1, 100046d0 <dcd_sof_enable+0x10>
100046c6:	f44f 3200 	mov.w	r2, #131072	; 0x20000
100046ca:	4b03      	ldr	r3, [pc, #12]	; (100046d8 <dcd_sof_enable+0x18>)
100046cc:	f8c3 2090 	str.w	r2, [r3, #144]	; 0x90
100046d0:	4770      	bx	lr
100046d2:	bf00      	nop
100046d4:	200025e6 	.word	0x200025e6
100046d8:	50112000 	.word	0x50112000

100046dc <dcd_edpt0_status_complete>:
100046dc:	780b      	ldrb	r3, [r1, #0]
100046de:	065b      	lsls	r3, r3, #25
100046e0:	d102      	bne.n	100046e8 <dcd_edpt0_status_complete+0xc>
100046e2:	784b      	ldrb	r3, [r1, #1]
100046e4:	2b05      	cmp	r3, #5
100046e6:	d000      	beq.n	100046ea <dcd_edpt0_status_complete+0xe>
100046e8:	4770      	bx	lr
100046ea:	884b      	ldrh	r3, [r1, #2]
100046ec:	4a01      	ldr	r2, [pc, #4]	; (100046f4 <dcd_edpt0_status_complete+0x18>)
100046ee:	b2db      	uxtb	r3, r3
100046f0:	6013      	str	r3, [r2, #0]
100046f2:	4770      	bx	lr
100046f4:	50110000 	.word	0x50110000

100046f8 <dcd_edpt_open>:
100046f8:	78cb      	ldrb	r3, [r1, #3]
100046fa:	e92d 41f0 	stmdb	sp!, {r4, r5, r6, r7, r8, lr}
100046fe:	f003 0e03 	and.w	lr, r3, #3
10004702:	f1be 0f01 	cmp.w	lr, #1
10004706:	f3c3 0001 	ubfx	r0, r3, #0, #2
1000470a:	d05b      	beq.n	100047c4 <dcd_edpt_open+0xcc>
1000470c:	2700      	movs	r7, #0
1000470e:	f891 c002 	ldrb.w	ip, [r1, #2]
10004712:	4d34      	ldr	r5, [pc, #208]	; (100047e4 <dcd_edpt_open+0xec>)
10004714:	f00c 027f 	and.w	r2, ip, #127	; 0x7f
10004718:	0056      	lsls	r6, r2, #1
1000471a:	8889      	ldrh	r1, [r1, #4]
1000471c:	eb06 13dc 	add.w	r3, r6, ip, lsr #7
10004720:	eb05 1343 	add.w	r3, r5, r3, lsl #5
10004724:	ea4f 14dc 	mov.w	r4, ip, lsr #7
10004728:	f3c1 010a 	ubfx	r1, r1, #0, #11
1000472c:	76d8      	strb	r0, [r3, #27]
1000472e:	f084 0001 	eor.w	r0, r4, #1
10004732:	f883 c002 	strb.w	ip, [r3, #2]
10004736:	8319      	strh	r1, [r3, #24]
10004738:	7058      	strb	r0, [r3, #1]
1000473a:	70df      	strb	r7, [r3, #3]
1000473c:	bb74      	cbnz	r4, 1000479c <dcd_edpt_open+0xa4>
1000473e:	2304      	movs	r3, #4
10004740:	4829      	ldr	r0, [pc, #164]	; (100047e8 <dcd_edpt_open+0xf0>)
10004742:	eb03 03c2 	add.w	r3, r3, r2, lsl #3
10004746:	eb05 1c82 	add.w	ip, r5, r2, lsl #6
1000474a:	eb03 0800 	add.w	r8, r3, r0
1000474e:	f8cc 8008 	str.w	r8, [ip, #8]
10004752:	501f      	str	r7, [r3, r0]
10004754:	b36a      	cbz	r2, 100047b2 <dcd_edpt_open+0xba>
10004756:	4b25      	ldr	r3, [pc, #148]	; (100047ec <dcd_edpt_open+0xf4>)
10004758:	00d2      	lsls	r2, r2, #3
1000475a:	4413      	add	r3, r2
1000475c:	f8cc 3004 	str.w	r3, [ip, #4]
10004760:	313f      	adds	r1, #63	; 0x3f
10004762:	f1be 0f02 	cmp.w	lr, #2
10004766:	f021 013f 	bic.w	r1, r1, #63	; 0x3f
1000476a:	d036      	beq.n	100047da <dcd_edpt_open+0xe2>
1000476c:	4a20      	ldr	r2, [pc, #128]	; (100047f0 <dcd_edpt_open+0xf8>)
1000476e:	4821      	ldr	r0, [pc, #132]	; (100047f4 <dcd_edpt_open+0xfc>)
10004770:	6813      	ldr	r3, [r2, #0]
10004772:	4434      	add	r4, r6
10004774:	4419      	add	r1, r3
10004776:	eb05 1544 	add.w	r5, r5, r4, lsl #5
1000477a:	4281      	cmp	r1, r0
1000477c:	6011      	str	r1, [r2, #0]
1000477e:	60eb      	str	r3, [r5, #12]
10004780:	d82d      	bhi.n	100047de <dcd_edpt_open+0xe6>
10004782:	f083 43a0 	eor.w	r3, r3, #1342177280	; 0x50000000
10004786:	f483 1380 	eor.w	r3, r3, #1048576	; 0x100000
1000478a:	686a      	ldr	r2, [r5, #4]
1000478c:	ea43 638e 	orr.w	r3, r3, lr, lsl #26
10004790:	f043 4300 	orr.w	r3, r3, #2147483648	; 0x80000000
10004794:	2001      	movs	r0, #1
10004796:	6013      	str	r3, [r2, #0]
10004798:	e8bd 81f0 	ldmia.w	sp!, {r4, r5, r6, r7, r8, pc}
1000479c:	4812      	ldr	r0, [pc, #72]	; (100047e8 <dcd_edpt_open+0xf0>)
1000479e:	b213      	sxth	r3, r2
100047a0:	eb00 08c2 	add.w	r8, r0, r2, lsl #3
100047a4:	eb05 1c82 	add.w	ip, r5, r2, lsl #6
100047a8:	f8cc 8028 	str.w	r8, [ip, #40]	; 0x28
100047ac:	f840 7033 	str.w	r7, [r0, r3, lsl #3]
100047b0:	b95a      	cbnz	r2, 100047ca <dcd_edpt_open+0xd2>
100047b2:	2300      	movs	r3, #0
100047b4:	4a10      	ldr	r2, [pc, #64]	; (100047f8 <dcd_edpt_open+0x100>)
100047b6:	eb05 1444 	add.w	r4, r5, r4, lsl #5
100047ba:	2001      	movs	r0, #1
100047bc:	60e2      	str	r2, [r4, #12]
100047be:	6063      	str	r3, [r4, #4]
100047c0:	e8bd 81f0 	ldmia.w	sp!, {r4, r5, r6, r7, r8, pc}
100047c4:	2000      	movs	r0, #0
100047c6:	e8bd 81f0 	ldmia.w	sp!, {r4, r5, r6, r7, r8, pc}
100047ca:	00d2      	lsls	r2, r2, #3
100047cc:	f102 42a0 	add.w	r2, r2, #1342177280	; 0x50000000
100047d0:	f502 1280 	add.w	r2, r2, #1048576	; 0x100000
100047d4:	f8cc 2024 	str.w	r2, [ip, #36]	; 0x24
100047d8:	e7c2      	b.n	10004760 <dcd_edpt_open+0x68>
100047da:	0049      	lsls	r1, r1, #1
100047dc:	e7c6      	b.n	1000476c <dcd_edpt_open+0x74>
100047de:	f7fd fc63 	bl	100020a8 <hard_assertion_failure>
100047e2:	bf00      	nop
100047e4:	20002168 	.word	0x20002168
100047e8:	50100080 	.word	0x50100080
100047ec:	50100004 	.word	0x50100004
100047f0:	20002570 	.word	0x20002570
100047f4:	50100fff 	.word	0x50100fff
100047f8:	50100100 	.word	0x50100100

100047fc <dcd_edpt_close_all>:
100047fc:	f002 bfac 	b.w	10007758 <__reset_non_control_endpoints_veneer>

10004800 <dcd_edpt_xfer>:
10004800:	468c      	mov	ip, r1
10004802:	b508      	push	{r3, lr}
10004804:	4611      	mov	r1, r2
10004806:	4807      	ldr	r0, [pc, #28]	; (10004824 <dcd_edpt_xfer+0x24>)
10004808:	461a      	mov	r2, r3
1000480a:	f00c 037f 	and.w	r3, ip, #127	; 0x7f
1000480e:	ea4f 1cdc 	mov.w	ip, ip, lsr #7
10004812:	eb0c 0c43 	add.w	ip, ip, r3, lsl #1
10004816:	eb00 104c 	add.w	r0, r0, ip, lsl #5
1000481a:	f000 f853 	bl	100048c4 <hw_endpoint_xfer_start>
1000481e:	2001      	movs	r0, #1
10004820:	bd08      	pop	{r3, pc}
10004822:	bf00      	nop
10004824:	20002168 	.word	0x20002168

10004828 <dcd_edpt_stall>:
10004828:	f011 007f 	ands.w	r0, r1, #127	; 0x7f
1000482c:	d00a      	beq.n	10004844 <dcd_edpt_stall+0x1c>
1000482e:	09c9      	lsrs	r1, r1, #7
10004830:	4b07      	ldr	r3, [pc, #28]	; (10004850 <dcd_edpt_stall+0x28>)
10004832:	eb01 0040 	add.w	r0, r1, r0, lsl #1
10004836:	f44f 6200 	mov.w	r2, #2048	; 0x800
1000483a:	2100      	movs	r1, #0
1000483c:	eb03 1040 	add.w	r0, r3, r0, lsl #5
10004840:	f002 bf86 	b.w	10007750 <___hw_endpoint_buffer_control_update32_veneer>
10004844:	4b03      	ldr	r3, [pc, #12]	; (10004854 <dcd_edpt_stall+0x2c>)
10004846:	09c9      	lsrs	r1, r1, #7
10004848:	f1c1 0202 	rsb	r2, r1, #2
1000484c:	669a      	str	r2, [r3, #104]	; 0x68
1000484e:	e7ef      	b.n	10004830 <dcd_edpt_stall+0x8>
10004850:	20002168 	.word	0x20002168
10004854:	50112000 	.word	0x50112000

10004858 <dcd_edpt_clear_stall>:
10004858:	f011 037f 	ands.w	r3, r1, #127	; 0x7f
1000485c:	d100      	bne.n	10004860 <dcd_edpt_clear_stall+0x8>
1000485e:	4770      	bx	lr
10004860:	2200      	movs	r2, #0
10004862:	b410      	push	{r4}
10004864:	09c8      	lsrs	r0, r1, #7
10004866:	4c06      	ldr	r4, [pc, #24]	; (10004880 <dcd_edpt_clear_stall+0x28>)
10004868:	eb00 0043 	add.w	r0, r0, r3, lsl #1
1000486c:	eb04 1340 	add.w	r3, r4, r0, lsl #5
10004870:	f46f 6100 	mvn.w	r1, #2048	; 0x800
10004874:	4618      	mov	r0, r3
10004876:	f85d 4b04 	ldr.w	r4, [sp], #4
1000487a:	70da      	strb	r2, [r3, #3]
1000487c:	f002 bf68 	b.w	10007750 <___hw_endpoint_buffer_control_update32_veneer>
10004880:	20002168 	.word	0x20002168

10004884 <rp2040_usb_init>:
10004884:	f04f 5280 	mov.w	r2, #268435456	; 0x10000000
10004888:	4809      	ldr	r0, [pc, #36]	; (100048b0 <rp2040_usb_init+0x2c>)
1000488a:	490a      	ldr	r1, [pc, #40]	; (100048b4 <rp2040_usb_init+0x30>)
1000488c:	b508      	push	{r3, lr}
1000488e:	4b0a      	ldr	r3, [pc, #40]	; (100048b8 <rp2040_usb_init+0x34>)
10004890:	6002      	str	r2, [r0, #0]
10004892:	600a      	str	r2, [r1, #0]
10004894:	6899      	ldr	r1, [r3, #8]
10004896:	43c9      	mvns	r1, r1
10004898:	f011 5180 	ands.w	r1, r1, #268435456	; 0x10000000
1000489c:	d1fa      	bne.n	10004894 <rp2040_usb_init+0x10>
1000489e:	f44f 5280 	mov.w	r2, #4096	; 0x1000
100048a2:	4806      	ldr	r0, [pc, #24]	; (100048bc <rp2040_usb_init+0x38>)
100048a4:	f002 ff48 	bl	10007738 <__memset_veneer>
100048a8:	2209      	movs	r2, #9
100048aa:	4b05      	ldr	r3, [pc, #20]	; (100048c0 <rp2040_usb_init+0x3c>)
100048ac:	675a      	str	r2, [r3, #116]	; 0x74
100048ae:	bd08      	pop	{r3, pc}
100048b0:	40022000 	.word	0x40022000
100048b4:	40023000 	.word	0x40023000
100048b8:	40020000 	.word	0x40020000
100048bc:	50100000 	.word	0x50100000
100048c0:	50110000 	.word	0x50110000

100048c4 <hw_endpoint_xfer_start>:
100048c4:	7e83      	ldrb	r3, [r0, #26]
100048c6:	b510      	push	{r4, lr}
100048c8:	4604      	mov	r4, r0
100048ca:	b9bb      	cbnz	r3, 100048fc <hw_endpoint_xfer_start+0x38>
100048cc:	f04f 0c00 	mov.w	ip, #0
100048d0:	2301      	movs	r3, #1
100048d2:	4620      	mov	r0, r4
100048d4:	82a2      	strh	r2, [r4, #20]
100048d6:	6121      	str	r1, [r4, #16]
100048d8:	f8a4 c016 	strh.w	ip, [r4, #22]
100048dc:	76a3      	strb	r3, [r4, #26]
100048de:	f002 ff5b 	bl	10007798 <__e15_is_bulkin_ep_veneer>
100048e2:	b120      	cbz	r0, 100048ee <hw_endpoint_xfer_start+0x2a>
100048e4:	f44f 3200 	mov.w	r2, #131072	; 0x20000
100048e8:	4b08      	ldr	r3, [pc, #32]	; (1000490c <hw_endpoint_xfer_start+0x48>)
100048ea:	f8c3 2090 	str.w	r2, [r3, #144]	; 0x90
100048ee:	4620      	mov	r0, r4
100048f0:	f002 ff46 	bl	10007780 <__e15_is_critical_frame_period_veneer>
100048f4:	b128      	cbz	r0, 10004902 <hw_endpoint_xfer_start+0x3e>
100048f6:	2301      	movs	r3, #1
100048f8:	7723      	strb	r3, [r4, #28]
100048fa:	bd10      	pop	{r4, pc}
100048fc:	f002 ff34 	bl	10007768 <__hw_endpoint_reset_transfer_veneer>
10004900:	e7e4      	b.n	100048cc <hw_endpoint_xfer_start+0x8>
10004902:	4620      	mov	r0, r4
10004904:	e8bd 4010 	ldmia.w	sp!, {r4, lr}
10004908:	f002 bf32 	b.w	10007770 <__hw_endpoint_start_next_buffer_veneer>
1000490c:	50112000 	.word	0x50112000

10004910 <configuration_reset>:
10004910:	e92d 41f0 	stmdb	sp!, {r4, r5, r6, r7, r8, lr}
10004914:	f04f 0800 	mov.w	r8, #0
10004918:	4c1c      	ldr	r4, [pc, #112]	; (1000498c <configuration_reset+0x7c>)
1000491a:	4607      	mov	r7, r0
1000491c:	4642      	mov	r2, r8
1000491e:	7823      	ldrb	r3, [r4, #0]
10004920:	4e1b      	ldr	r6, [pc, #108]	; (10004990 <configuration_reset+0x80>)
10004922:	4d1c      	ldr	r5, [pc, #112]	; (10004994 <configuration_reset+0x84>)
10004924:	e00d      	b.n	10004942 <configuration_reset+0x32>
10004926:	682b      	ldr	r3, [r5, #0]
10004928:	eb13 1342 	adds.w	r3, r3, r2, lsl #5
1000492c:	d025      	beq.n	1000497a <configuration_reset+0x6a>
1000492e:	68db      	ldr	r3, [r3, #12]
10004930:	4638      	mov	r0, r7
10004932:	4798      	blx	r3
10004934:	f108 0801 	add.w	r8, r8, #1
10004938:	7823      	ldrb	r3, [r4, #0]
1000493a:	fa5f f288 	uxtb.w	r2, r8
1000493e:	4293      	cmp	r3, r2
10004940:	d306      	bcc.n	10004950 <configuration_reset+0x40>
10004942:	4293      	cmp	r3, r2
10004944:	eba2 0303 	sub.w	r3, r2, r3
10004948:	d8ed      	bhi.n	10004926 <configuration_reset+0x16>
1000494a:	eb06 1343 	add.w	r3, r6, r3, lsl #5
1000494e:	e7ee      	b.n	1000492e <configuration_reset+0x1e>
10004950:	4c11      	ldr	r4, [pc, #68]	; (10004998 <configuration_reset+0x88>)
10004952:	2254      	movs	r2, #84	; 0x54
10004954:	2100      	movs	r1, #0
10004956:	4620      	mov	r0, r4
10004958:	f002 feee 	bl	10007738 <__memset_veneer>
1000495c:	f04f 33ff 	mov.w	r3, #4294967295	; 0xffffffff
10004960:	1d25      	adds	r5, r4, #4
10004962:	6063      	str	r3, [r4, #4]
10004964:	e9c5 3301 	strd	r3, r3, [r5, #4]
10004968:	60eb      	str	r3, [r5, #12]
1000496a:	f104 0014 	add.w	r0, r4, #20
1000496e:	2220      	movs	r2, #32
10004970:	e8bd 41f0 	ldmia.w	sp!, {r4, r5, r6, r7, r8, lr}
10004974:	21ff      	movs	r1, #255	; 0xff
10004976:	f002 bedf 	b.w	10007738 <__memset_veneer>
1000497a:	f04f 23e0 	mov.w	r3, #3758153728	; 0xe000e000
1000497e:	f8d3 3df0 	ldr.w	r3, [r3, #3568]	; 0xdf0
10004982:	07db      	lsls	r3, r3, #31
10004984:	d500      	bpl.n	10004988 <configuration_reset+0x78>
10004986:	be00      	bkpt	0x0000
10004988:	e8bd 81f0 	ldmia.w	sp!, {r4, r5, r6, r7, r8, pc}
1000498c:	200025e5 	.word	0x200025e5
10004990:	10007d60 	.word	0x10007d60
10004994:	20001e00 	.word	0x20001e00
10004998:	20001fd0 	.word	0x20001fd0

1000499c <tud_event_hook_cb>:
1000499c:	4770      	bx	lr
1000499e:	bf00      	nop

100049a0 <tud_sof_cb>:
100049a0:	4770      	bx	lr
100049a2:	bf00      	nop

100049a4 <tud_descriptor_device_qualifier_cb>:
100049a4:	2000      	movs	r0, #0
100049a6:	4770      	bx	lr

100049a8 <tud_descriptor_other_speed_configuration_cb>:
100049a8:	2000      	movs	r0, #0
100049aa:	4770      	bx	lr

100049ac <tud_mount_cb>:
100049ac:	4770      	bx	lr
100049ae:	bf00      	nop

100049b0 <tud_umount_cb>:
100049b0:	4770      	bx	lr
100049b2:	bf00      	nop

100049b4 <tud_suspend_cb>:
100049b4:	4770      	bx	lr
100049b6:	bf00      	nop

100049b8 <tud_resume_cb>:
100049b8:	4770      	bx	lr
100049ba:	bf00      	nop

100049bc <tud_mounted>:
100049bc:	4b02      	ldr	r3, [pc, #8]	; (100049c8 <tud_mounted+0xc>)
100049be:	7858      	ldrb	r0, [r3, #1]
100049c0:	3800      	subs	r0, #0
100049c2:	bf18      	it	ne
100049c4:	2001      	movne	r0, #1
100049c6:	4770      	bx	lr
100049c8:	20001fd0 	.word	0x20001fd0

100049cc <tud_suspended>:
100049cc:	4b02      	ldr	r3, [pc, #8]	; (100049d8 <tud_suspended+0xc>)
100049ce:	7818      	ldrb	r0, [r3, #0]
100049d0:	f3c0 0080 	ubfx	r0, r0, #2, #1
100049d4:	4770      	bx	lr
100049d6:	bf00      	nop
100049d8:	20001fd0 	.word	0x20001fd0

100049dc <tud_rhport_init>:
100049dc:	e92d 47f0 	stmdb	sp!, {r4, r5, r6, r7, r8, r9, sl, lr}
100049e0:	4f36      	ldr	r7, [pc, #216]	; (10004abc <tud_rhport_init+0xe0>)
100049e2:	783b      	ldrb	r3, [r7, #0]
100049e4:	2bff      	cmp	r3, #255	; 0xff
100049e6:	d14e      	bne.n	10004a86 <tud_rhport_init+0xaa>
100049e8:	460c      	mov	r4, r1
100049ea:	2900      	cmp	r1, #0
100049ec:	d04f      	beq.n	10004a8e <tud_rhport_init+0xb2>
100049ee:	2100      	movs	r1, #0
100049f0:	2254      	movs	r2, #84	; 0x54
100049f2:	4606      	mov	r6, r0
100049f4:	4832      	ldr	r0, [pc, #200]	; (10004ac0 <tud_rhport_init+0xe4>)
100049f6:	f002 fe9f 	bl	10007738 <__memset_veneer>
100049fa:	2200      	movs	r2, #0
100049fc:	4d31      	ldr	r5, [pc, #196]	; (10004ac4 <tud_rhport_init+0xe8>)
100049fe:	4b32      	ldr	r3, [pc, #200]	; (10004ac8 <tud_rhport_init+0xec>)
10004a00:	4628      	mov	r0, r5
10004a02:	701a      	strb	r2, [r3, #0]
10004a04:	f7fc fd40 	bl	10001488 <mutex_init>
10004a08:	4b30      	ldr	r3, [pc, #192]	; (10004acc <tud_rhport_init+0xf0>)
10004a0a:	601d      	str	r5, [r3, #0]
10004a0c:	4d30      	ldr	r5, [pc, #192]	; (10004ad0 <tud_rhport_init+0xf4>)
10004a0e:	f105 0014 	add.w	r0, r5, #20
10004a12:	f7fc fd47 	bl	100014a4 <critical_section_init>
10004a16:	4628      	mov	r0, r5
10004a18:	f001 fbc0 	bl	1000619c <tu_fifo_clear>
10004a1c:	4b2d      	ldr	r3, [pc, #180]	; (10004ad4 <tud_rhport_init+0xf8>)
10004a1e:	601d      	str	r5, [r3, #0]
10004a20:	4b2d      	ldr	r3, [pc, #180]	; (10004ad8 <tud_rhport_init+0xfc>)
10004a22:	b123      	cbz	r3, 10004a2e <tud_rhport_init+0x52>
10004a24:	482d      	ldr	r0, [pc, #180]	; (10004adc <tud_rhport_init+0x100>)
10004a26:	f7ff fde1 	bl	100045ec <usbd_app_driver_get_cb>
10004a2a:	4b2d      	ldr	r3, [pc, #180]	; (10004ae0 <tud_rhport_init+0x104>)
10004a2c:	6018      	str	r0, [r3, #0]
10004a2e:	f04f 0a00 	mov.w	sl, #0
10004a32:	4d2a      	ldr	r5, [pc, #168]	; (10004adc <tud_rhport_init+0x100>)
10004a34:	4653      	mov	r3, sl
10004a36:	782a      	ldrb	r2, [r5, #0]
10004a38:	f8df 90a8 	ldr.w	r9, [pc, #168]	; 10004ae4 <tud_rhport_init+0x108>
10004a3c:	f8df 80a0 	ldr.w	r8, [pc, #160]	; 10004ae0 <tud_rhport_init+0x104>
10004a40:	e00c      	b.n	10004a5c <tud_rhport_init+0x80>
10004a42:	f8d8 2000 	ldr.w	r2, [r8]
10004a46:	eb12 1343 	adds.w	r3, r2, r3, lsl #5
10004a4a:	d011      	beq.n	10004a70 <tud_rhport_init+0x94>
10004a4c:	685b      	ldr	r3, [r3, #4]
10004a4e:	b17b      	cbz	r3, 10004a70 <tud_rhport_init+0x94>
10004a50:	4798      	blx	r3
10004a52:	782a      	ldrb	r2, [r5, #0]
10004a54:	fa5f f38a 	uxtb.w	r3, sl
10004a58:	429a      	cmp	r2, r3
10004a5a:	d322      	bcc.n	10004aa2 <tud_rhport_init+0xc6>
10004a5c:	4293      	cmp	r3, r2
10004a5e:	f10a 0a01 	add.w	sl, sl, #1
10004a62:	d3ee      	bcc.n	10004a42 <tud_rhport_init+0x66>
10004a64:	1a9b      	subs	r3, r3, r2
10004a66:	eb09 1343 	add.w	r3, r9, r3, lsl #5
10004a6a:	685b      	ldr	r3, [r3, #4]
10004a6c:	2b00      	cmp	r3, #0
10004a6e:	d1ef      	bne.n	10004a50 <tud_rhport_init+0x74>
10004a70:	f04f 23e0 	mov.w	r3, #3758153728	; 0xe000e000
10004a74:	f8d3 3df0 	ldr.w	r3, [r3, #3568]	; 0xdf0
10004a78:	07da      	lsls	r2, r3, #31
10004a7a:	d500      	bpl.n	10004a7e <tud_rhport_init+0xa2>
10004a7c:	be00      	bkpt	0x0000
10004a7e:	2400      	movs	r4, #0
10004a80:	4620      	mov	r0, r4
10004a82:	e8bd 87f0 	ldmia.w	sp!, {r4, r5, r6, r7, r8, r9, sl, pc}
10004a86:	2401      	movs	r4, #1
10004a88:	4620      	mov	r0, r4
10004a8a:	e8bd 87f0 	ldmia.w	sp!, {r4, r5, r6, r7, r8, r9, sl, pc}
10004a8e:	f04f 23e0 	mov.w	r3, #3758153728	; 0xe000e000
10004a92:	f8d3 3df0 	ldr.w	r3, [r3, #3568]	; 0xdf0
10004a96:	07db      	lsls	r3, r3, #31
10004a98:	d5f1      	bpl.n	10004a7e <tud_rhport_init+0xa2>
10004a9a:	be00      	bkpt	0x0000
10004a9c:	4620      	mov	r0, r4
10004a9e:	e8bd 87f0 	ldmia.w	sp!, {r4, r5, r6, r7, r8, r9, sl, pc}
10004aa2:	4621      	mov	r1, r4
10004aa4:	4630      	mov	r0, r6
10004aa6:	703e      	strb	r6, [r7, #0]
10004aa8:	f7ff fdb4 	bl	10004614 <dcd_init>
10004aac:	4604      	mov	r4, r0
10004aae:	2800      	cmp	r0, #0
10004ab0:	d0ed      	beq.n	10004a8e <tud_rhport_init+0xb2>
10004ab2:	4630      	mov	r0, r6
10004ab4:	f7ff fdf8 	bl	100046a8 <dcd_int_enable>
10004ab8:	e7e6      	b.n	10004a88 <tud_rhport_init+0xac>
10004aba:	bf00      	nop
10004abc:	200013c4 	.word	0x200013c4
10004ac0:	20001fd0 	.word	0x20001fd0
10004ac4:	20001fc8 	.word	0x20001fc8
10004ac8:	200025e7 	.word	0x200025e7
10004acc:	20002024 	.word	0x20002024
10004ad0:	200013a8 	.word	0x200013a8
10004ad4:	20002028 	.word	0x20002028
10004ad8:	100045ed 	.word	0x100045ed
10004adc:	200025e5 	.word	0x200025e5
10004ae0:	20001e00 	.word	0x20001e00
10004ae4:	10007d60 	.word	0x10007d60

10004ae8 <tud_task_ext>:
10004ae8:	e92d 4ff0 	stmdb	sp!, {r4, r5, r6, r7, r8, r9, sl, fp, lr}
10004aec:	f8df 92bc 	ldr.w	r9, [pc, #700]	; 10004dac <tud_task_ext+0x2c4>
10004af0:	b08b      	sub	sp, #44	; 0x2c
10004af2:	f899 3000 	ldrb.w	r3, [r9]
10004af6:	2bff      	cmp	r3, #255	; 0xff
10004af8:	f000 80ec 	beq.w	10004cd4 <tud_task_ext+0x1ec>
10004afc:	4ca6      	ldr	r4, [pc, #664]	; (10004d98 <tud_task_ext+0x2b0>)
10004afe:	f8df a2b0 	ldr.w	sl, [pc, #688]	; 10004db0 <tud_task_ext+0x2c8>
10004b02:	f8df b2b0 	ldr.w	fp, [pc, #688]	; 10004db4 <tud_task_ext+0x2cc>
10004b06:	6825      	ldr	r5, [r4, #0]
10004b08:	696b      	ldr	r3, [r5, #20]
10004b0a:	f3ef 8210 	mrs	r2, PRIMASK
10004b0e:	b672      	cpsid	i
10004b10:	e8d3 0fcf 	ldaexb	r0, [r3]
10004b14:	2101      	movs	r1, #1
10004b16:	2800      	cmp	r0, #0
10004b18:	d1fa      	bne.n	10004b10 <tud_task_ext+0x28>
10004b1a:	e8c3 1f40 	strexb	r0, r1, [r3]
10004b1e:	2800      	cmp	r0, #0
10004b20:	d1f6      	bne.n	10004b10 <tud_task_ext+0x28>
10004b22:	f3bf 8f5f 	dmb	sy
10004b26:	61aa      	str	r2, [r5, #24]
10004b28:	4628      	mov	r0, r5
10004b2a:	a907      	add	r1, sp, #28
10004b2c:	f001 f992 	bl	10005e54 <tu_fifo_read>
10004b30:	2300      	movs	r3, #0
10004b32:	696a      	ldr	r2, [r5, #20]
10004b34:	e8c2 3f8f 	stlb	r3, [r2]
10004b38:	69ab      	ldr	r3, [r5, #24]
10004b3a:	f383 8810 	msr	PRIMASK, r3
10004b3e:	2800      	cmp	r0, #0
10004b40:	f000 80c8 	beq.w	10004cd4 <tud_task_ext+0x1ec>
10004b44:	f89d 301d 	ldrb.w	r3, [sp, #29]
10004b48:	3b01      	subs	r3, #1
10004b4a:	2b07      	cmp	r3, #7
10004b4c:	f200 8379 	bhi.w	10005242 <tud_task_ext+0x75a>
10004b50:	e8df f003 	tbb	[pc, r3]
10004b54:	9990afa4 	.word	0x9990afa4
10004b58:	040a3688 	.word	0x040a3688
10004b5c:	9b08      	ldr	r3, [sp, #32]
10004b5e:	2b00      	cmp	r3, #0
10004b60:	d0d1      	beq.n	10004b06 <tud_task_ext+0x1e>
10004b62:	9809      	ldr	r0, [sp, #36]	; 0x24
10004b64:	4798      	blx	r3
10004b66:	e7ce      	b.n	10004b06 <tud_task_ext+0x1e>
10004b68:	f89d 1020 	ldrb.w	r1, [sp, #32]
10004b6c:	4b8b      	ldr	r3, [pc, #556]	; (10004d9c <tud_task_ext+0x2b4>)
10004b6e:	f001 057f 	and.w	r5, r1, #127	; 0x7f
10004b72:	eb03 0345 	add.w	r3, r3, r5, lsl #1
10004b76:	eb03 13d1 	add.w	r3, r3, r1, lsr #7
10004b7a:	f893 2034 	ldrb.w	r2, [r3, #52]	; 0x34
10004b7e:	f36f 0200 	bfc	r2, #0, #1
10004b82:	f883 2034 	strb.w	r2, [r3, #52]	; 0x34
10004b86:	f893 2034 	ldrb.w	r2, [r3, #52]	; 0x34
10004b8a:	f36f 0282 	bfc	r2, #2, #1
10004b8e:	f883 2034 	strb.w	r2, [r3, #52]	; 0x34
10004b92:	2d00      	cmp	r5, #0
10004b94:	f000 80a1 	beq.w	10004cda <tud_task_ext+0x1f2>
10004b98:	4881      	ldr	r0, [pc, #516]	; (10004da0 <tud_task_ext+0x2b8>)
10004b9a:	7d1a      	ldrb	r2, [r3, #20]
10004b9c:	7803      	ldrb	r3, [r0, #0]
10004b9e:	429a      	cmp	r2, r3
10004ba0:	f080 8090 	bcs.w	10004cc4 <tud_task_ext+0x1dc>
10004ba4:	f8db 3000 	ldr.w	r3, [fp]
10004ba8:	eb13 1342 	adds.w	r3, r3, r2, lsl #5
10004bac:	f000 808b 	beq.w	10004cc6 <tud_task_ext+0x1de>
10004bb0:	699d      	ldr	r5, [r3, #24]
10004bb2:	f89d 2021 	ldrb.w	r2, [sp, #33]	; 0x21
10004bb6:	9b09      	ldr	r3, [sp, #36]	; 0x24
10004bb8:	f89d 001c 	ldrb.w	r0, [sp, #28]
10004bbc:	47a8      	blx	r5
10004bbe:	e7a2      	b.n	10004b06 <tud_task_ext+0x1e>
10004bc0:	4a78      	ldr	r2, [pc, #480]	; (10004da4 <tud_task_ext+0x2bc>)
10004bc2:	7813      	ldrb	r3, [r2, #0]
10004bc4:	2b00      	cmp	r3, #0
10004bc6:	d07e      	beq.n	10004cc6 <tud_task_ext+0x1de>
10004bc8:	7813      	ldrb	r3, [r2, #0]
10004bca:	3b01      	subs	r3, #1
10004bcc:	b2db      	uxtb	r3, r3
10004bce:	7013      	strb	r3, [r2, #0]
10004bd0:	7813      	ldrb	r3, [r2, #0]
10004bd2:	f003 00ff 	and.w	r0, r3, #255	; 0xff
10004bd6:	2b00      	cmp	r3, #0
10004bd8:	d195      	bne.n	10004b06 <tud_task_ext+0x1e>
10004bda:	4d70      	ldr	r5, [pc, #448]	; (10004d9c <tud_task_ext+0x2b4>)
10004bdc:	f89d 801c 	ldrb.w	r8, [sp, #28]
10004be0:	782b      	ldrb	r3, [r5, #0]
10004be2:	f043 0301 	orr.w	r3, r3, #1
10004be6:	702b      	strb	r3, [r5, #0]
10004be8:	f895 3034 	ldrb.w	r3, [r5, #52]	; 0x34
10004bec:	f360 0300 	bfi	r3, r0, #0, #1
10004bf0:	f885 3034 	strb.w	r3, [r5, #52]	; 0x34
10004bf4:	f895 3034 	ldrb.w	r3, [r5, #52]	; 0x34
10004bf8:	f360 0382 	bfi	r3, r0, #2, #1
10004bfc:	f885 3034 	strb.w	r3, [r5, #52]	; 0x34
10004c00:	f895 3035 	ldrb.w	r3, [r5, #53]	; 0x35
10004c04:	f360 0300 	bfi	r3, r0, #0, #1
10004c08:	f885 3035 	strb.w	r3, [r5, #53]	; 0x35
10004c0c:	f895 3035 	ldrb.w	r3, [r5, #53]	; 0x35
10004c10:	f360 0382 	bfi	r3, r0, #2, #1
10004c14:	f885 3035 	strb.w	r3, [r5, #53]	; 0x35
10004c18:	f000 fc78 	bl	1000550c <usbd_control_set_complete_callback>
10004c1c:	f89d 3020 	ldrb.w	r3, [sp, #32]
10004c20:	f003 0260 	and.w	r2, r3, #96	; 0x60
10004c24:	2a60      	cmp	r2, #96	; 0x60
10004c26:	d00b      	beq.n	10004c40 <tud_task_ext+0x158>
10004c28:	2a40      	cmp	r2, #64	; 0x40
10004c2a:	d060      	beq.n	10004cee <tud_task_ext+0x206>
10004c2c:	f003 031f 	and.w	r3, r3, #31
10004c30:	2b01      	cmp	r3, #1
10004c32:	f000 80c1 	beq.w	10004db8 <tud_task_ext+0x2d0>
10004c36:	2b02      	cmp	r3, #2
10004c38:	f000 8086 	beq.w	10004d48 <tud_task_ext+0x260>
10004c3c:	2b00      	cmp	r3, #0
10004c3e:	d062      	beq.n	10004d06 <tud_task_ext+0x21e>
10004c40:	f04f 23e0 	mov.w	r3, #3758153728	; 0xe000e000
10004c44:	f8d3 3df0 	ldr.w	r3, [r3, #3568]	; 0xdf0
10004c48:	07dd      	lsls	r5, r3, #31
10004c4a:	d500      	bpl.n	10004c4e <tud_task_ext+0x166>
10004c4c:	be00      	bkpt	0x0000
10004c4e:	f89d 001c 	ldrb.w	r0, [sp, #28]
10004c52:	2100      	movs	r1, #0
10004c54:	f7ff fde8 	bl	10004828 <dcd_edpt_stall>
10004c58:	2180      	movs	r1, #128	; 0x80
10004c5a:	f89d 001c 	ldrb.w	r0, [sp, #28]
10004c5e:	f7ff fde3 	bl	10004828 <dcd_edpt_stall>
10004c62:	e750      	b.n	10004b06 <tud_task_ext+0x1e>
10004c64:	4b4d      	ldr	r3, [pc, #308]	; (10004d9c <tud_task_ext+0x2b4>)
10004c66:	781b      	ldrb	r3, [r3, #0]
10004c68:	07d9      	lsls	r1, r3, #31
10004c6a:	f57f af4c 	bpl.w	10004b06 <tud_task_ext+0x1e>
10004c6e:	f7ff fea3 	bl	100049b8 <tud_resume_cb>
10004c72:	e748      	b.n	10004b06 <tud_task_ext+0x1e>
10004c74:	4b49      	ldr	r3, [pc, #292]	; (10004d9c <tud_task_ext+0x2b4>)
10004c76:	78db      	ldrb	r3, [r3, #3]
10004c78:	07da      	lsls	r2, r3, #31
10004c7a:	f57f af44 	bpl.w	10004b06 <tud_task_ext+0x1e>
10004c7e:	9808      	ldr	r0, [sp, #32]
10004c80:	f7ff fe8e 	bl	100049a0 <tud_sof_cb>
10004c84:	e73f      	b.n	10004b06 <tud_task_ext+0x1e>
10004c86:	4b45      	ldr	r3, [pc, #276]	; (10004d9c <tud_task_ext+0x2b4>)
10004c88:	781a      	ldrb	r2, [r3, #0]
10004c8a:	07d0      	lsls	r0, r2, #31
10004c8c:	f57f af3b 	bpl.w	10004b06 <tud_task_ext+0x1e>
10004c90:	7818      	ldrb	r0, [r3, #0]
10004c92:	f3c0 00c0 	ubfx	r0, r0, #3, #1
10004c96:	f7ff fe8d 	bl	100049b4 <tud_suspend_cb>
10004c9a:	e734      	b.n	10004b06 <tud_task_ext+0x1e>
10004c9c:	f89d 001c 	ldrb.w	r0, [sp, #28]
10004ca0:	f7ff fe36 	bl	10004910 <configuration_reset>
10004ca4:	f000 fc28 	bl	100054f8 <usbd_control_reset>
10004ca8:	4b3c      	ldr	r3, [pc, #240]	; (10004d9c <tud_task_ext+0x2b4>)
10004caa:	f89d 2020 	ldrb.w	r2, [sp, #32]
10004cae:	709a      	strb	r2, [r3, #2]
10004cb0:	e729      	b.n	10004b06 <tud_task_ext+0x1e>
10004cb2:	f89d 001c 	ldrb.w	r0, [sp, #28]
10004cb6:	f7ff fe2b 	bl	10004910 <configuration_reset>
10004cba:	f000 fc1d 	bl	100054f8 <usbd_control_reset>
10004cbe:	f7ff fe77 	bl	100049b0 <tud_umount_cb>
10004cc2:	e720      	b.n	10004b06 <tud_task_ext+0x1e>
10004cc4:	d011      	beq.n	10004cea <tud_task_ext+0x202>
10004cc6:	f04f 23e0 	mov.w	r3, #3758153728	; 0xe000e000
10004cca:	f8d3 3df0 	ldr.w	r3, [r3, #3568]	; 0xdf0
10004cce:	07dc      	lsls	r4, r3, #31
10004cd0:	d500      	bpl.n	10004cd4 <tud_task_ext+0x1ec>
10004cd2:	be00      	bkpt	0x0000
10004cd4:	b00b      	add	sp, #44	; 0x2c
10004cd6:	e8bd 8ff0 	ldmia.w	sp!, {r4, r5, r6, r7, r8, r9, sl, fp, pc}
10004cda:	9b09      	ldr	r3, [sp, #36]	; 0x24
10004cdc:	f89d 2021 	ldrb.w	r2, [sp, #33]	; 0x21
10004ce0:	f89d 001c 	ldrb.w	r0, [sp, #28]
10004ce4:	f000 fc26 	bl	10005534 <usbd_control_xfer_cb>
10004ce8:	e70d      	b.n	10004b06 <tud_task_ext+0x1e>
10004cea:	4653      	mov	r3, sl
10004cec:	e760      	b.n	10004bb0 <tud_task_ext+0xc8>
10004cee:	482e      	ldr	r0, [pc, #184]	; (10004da8 <tud_task_ext+0x2c0>)
10004cf0:	f000 fc0c 	bl	1000550c <usbd_control_set_complete_callback>
10004cf4:	4640      	mov	r0, r8
10004cf6:	2101      	movs	r1, #1
10004cf8:	aa08      	add	r2, sp, #32
10004cfa:	f7ff fc63 	bl	100045c4 <tud_vendor_control_xfer_cb>
10004cfe:	2800      	cmp	r0, #0
10004d00:	f47f af01 	bne.w	10004b06 <tud_task_ext+0x1e>
10004d04:	e7a3      	b.n	10004c4e <tud_task_ext+0x166>
10004d06:	2a20      	cmp	r2, #32
10004d08:	f000 8180 	beq.w	1000500c <tud_task_ext+0x524>
10004d0c:	2a00      	cmp	r2, #0
10004d0e:	d197      	bne.n	10004c40 <tud_task_ext+0x158>
10004d10:	f89d 3021 	ldrb.w	r3, [sp, #33]	; 0x21
10004d14:	2b09      	cmp	r3, #9
10004d16:	d893      	bhi.n	10004c40 <tud_task_ext+0x158>
10004d18:	a201      	add	r2, pc, #4	; (adr r2, 10004d20 <tud_task_ext+0x238>)
10004d1a:	f852 f023 	ldr.w	pc, [r2, r3, lsl #2]
10004d1e:	bf00      	nop
10004d20:	10004fab 	.word	0x10004fab
10004d24:	10004f8f 	.word	0x10004f8f
10004d28:	10004c41 	.word	0x10004c41
10004d2c:	10004fcd 	.word	0x10004fcd
10004d30:	10004c41 	.word	0x10004c41
10004d34:	10004f75 	.word	0x10004f75
10004d38:	10004f23 	.word	0x10004f23
10004d3c:	10004c41 	.word	0x10004c41
10004d40:	10004f0d 	.word	0x10004f0d
10004d44:	10004e3f 	.word	0x10004e3f
10004d48:	f89d 1024 	ldrb.w	r1, [sp, #36]	; 0x24
10004d4c:	f011 0f70 	tst.w	r1, #112	; 0x70
10004d50:	f47f af76 	bne.w	10004c40 <tud_task_ext+0x158>
10004d54:	4b12      	ldr	r3, [pc, #72]	; (10004da0 <tud_task_ext+0x2b8>)
10004d56:	f001 067f 	and.w	r6, r1, #127	; 0x7f
10004d5a:	7818      	ldrb	r0, [r3, #0]
10004d5c:	eb05 0346 	add.w	r3, r5, r6, lsl #1
10004d60:	eb03 13d1 	add.w	r3, r3, r1, lsr #7
10004d64:	7d1b      	ldrb	r3, [r3, #20]
10004d66:	09cf      	lsrs	r7, r1, #7
10004d68:	4283      	cmp	r3, r0
10004d6a:	ea4f 0646 	mov.w	r6, r6, lsl #1
10004d6e:	9701      	str	r7, [sp, #4]
10004d70:	d353      	bcc.n	10004e1a <tud_task_ext+0x332>
10004d72:	f040 8168 	bne.w	10005046 <tud_task_ext+0x55e>
10004d76:	4657      	mov	r7, sl
10004d78:	2a00      	cmp	r2, #0
10004d7a:	f000 8168 	beq.w	1000504e <tud_task_ext+0x566>
10004d7e:	6978      	ldr	r0, [r7, #20]
10004d80:	f000 fbc4 	bl	1000550c <usbd_control_set_complete_callback>
10004d84:	4640      	mov	r0, r8
10004d86:	2101      	movs	r1, #1
10004d88:	697b      	ldr	r3, [r7, #20]
10004d8a:	aa08      	add	r2, sp, #32
10004d8c:	4798      	blx	r3
10004d8e:	2800      	cmp	r0, #0
10004d90:	f47f aeb9 	bne.w	10004b06 <tud_task_ext+0x1e>
10004d94:	e75b      	b.n	10004c4e <tud_task_ext+0x166>
10004d96:	bf00      	nop
10004d98:	20002028 	.word	0x20002028
10004d9c:	20001fd0 	.word	0x20001fd0
10004da0:	200025e5 	.word	0x200025e5
10004da4:	200025e7 	.word	0x200025e7
10004da8:	100045c5 	.word	0x100045c5
10004dac:	200013c4 	.word	0x200013c4
10004db0:	10007d60 	.word	0x10007d60
10004db4:	20001e00 	.word	0x20001e00
10004db8:	f89d 3024 	ldrb.w	r3, [sp, #36]	; 0x24
10004dbc:	2b0f      	cmp	r3, #15
10004dbe:	f63f af46 	bhi.w	10004c4e <tud_task_ext+0x166>
10004dc2:	4aae      	ldr	r2, [pc, #696]	; (1000507c <tud_task_ext+0x594>)
10004dc4:	442b      	add	r3, r5
10004dc6:	791b      	ldrb	r3, [r3, #4]
10004dc8:	7812      	ldrb	r2, [r2, #0]
10004dca:	4293      	cmp	r3, r2
10004dcc:	d330      	bcc.n	10004e30 <tud_task_ext+0x348>
10004dce:	f47f af3e 	bne.w	10004c4e <tud_task_ext+0x166>
10004dd2:	4655      	mov	r5, sl
10004dd4:	6968      	ldr	r0, [r5, #20]
10004dd6:	f000 fb99 	bl	1000550c <usbd_control_set_complete_callback>
10004dda:	2101      	movs	r1, #1
10004ddc:	4640      	mov	r0, r8
10004dde:	696b      	ldr	r3, [r5, #20]
10004de0:	aa08      	add	r2, sp, #32
10004de2:	4798      	blx	r3
10004de4:	2800      	cmp	r0, #0
10004de6:	f47f ae8e 	bne.w	10004b06 <tud_task_ext+0x1e>
10004dea:	f89d 3020 	ldrb.w	r3, [sp, #32]
10004dee:	f013 0560 	ands.w	r5, r3, #96	; 0x60
10004df2:	f47f af2c 	bne.w	10004c4e <tud_task_ext+0x166>
10004df6:	f89d 3021 	ldrb.w	r3, [sp, #33]	; 0x21
10004dfa:	3b0a      	subs	r3, #10
10004dfc:	2b01      	cmp	r3, #1
10004dfe:	f63f af26 	bhi.w	10004c4e <tud_task_ext+0x166>
10004e02:	f000 fb83 	bl	1000550c <usbd_control_set_complete_callback>
10004e06:	f89d 3021 	ldrb.w	r3, [sp, #33]	; 0x21
10004e0a:	2b0a      	cmp	r3, #10
10004e0c:	f000 81ee 	beq.w	100051ec <tud_task_ext+0x704>
10004e10:	4640      	mov	r0, r8
10004e12:	a908      	add	r1, sp, #32
10004e14:	f000 faf0 	bl	100053f8 <tud_control_status>
10004e18:	e675      	b.n	10004b06 <tud_task_ext+0x1e>
10004e1a:	f8db 7000 	ldr.w	r7, [fp]
10004e1e:	eb07 1743 	add.w	r7, r7, r3, lsl #5
10004e22:	2a00      	cmp	r2, #0
10004e24:	f000 8113 	beq.w	1000504e <tud_task_ext+0x566>
10004e28:	2f00      	cmp	r7, #0
10004e2a:	f43f af10 	beq.w	10004c4e <tud_task_ext+0x166>
10004e2e:	e7a6      	b.n	10004d7e <tud_task_ext+0x296>
10004e30:	f8db 5000 	ldr.w	r5, [fp]
10004e34:	eb15 1543 	adds.w	r5, r5, r3, lsl #5
10004e38:	f43f af09 	beq.w	10004c4e <tud_task_ext+0x166>
10004e3c:	e7ca      	b.n	10004dd4 <tud_task_ext+0x2ec>
10004e3e:	786b      	ldrb	r3, [r5, #1]
10004e40:	f89d 6022 	ldrb.w	r6, [sp, #34]	; 0x22
10004e44:	429e      	cmp	r6, r3
10004e46:	f000 814a 	beq.w	100050de <tud_task_ext+0x5f6>
10004e4a:	786b      	ldrb	r3, [r5, #1]
10004e4c:	2b00      	cmp	r3, #0
10004e4e:	f040 81bb 	bne.w	100051c8 <tud_task_ext+0x6e0>
10004e52:	706e      	strb	r6, [r5, #1]
10004e54:	2e00      	cmp	r6, #0
10004e56:	f000 8140 	beq.w	100050da <tud_task_ext+0x5f2>
10004e5a:	1e70      	subs	r0, r6, #1
10004e5c:	b2c0      	uxtb	r0, r0
10004e5e:	f7ff fa4f 	bl	10004300 <tud_descriptor_configuration_cb>
10004e62:	2800      	cmp	r0, #0
10004e64:	f000 815c 	beq.w	10005120 <tud_task_ext+0x638>
10004e68:	7843      	ldrb	r3, [r0, #1]
10004e6a:	2b02      	cmp	r3, #2
10004e6c:	f040 8158 	bne.w	10005120 <tud_task_ext+0x638>
10004e70:	782b      	ldrb	r3, [r5, #0]
10004e72:	79c2      	ldrb	r2, [r0, #7]
10004e74:	f023 0130 	bic.w	r1, r3, #48	; 0x30
10004e78:	f3c2 1340 	ubfx	r3, r2, #5, #1
10004e7c:	011b      	lsls	r3, r3, #4
10004e7e:	f3c2 1280 	ubfx	r2, r2, #6, #1
10004e82:	ea43 1342 	orr.w	r3, r3, r2, lsl #5
10004e86:	430b      	orrs	r3, r1
10004e88:	702b      	strb	r3, [r5, #0]
10004e8a:	8843      	ldrh	r3, [r0, #2]
10004e8c:	f100 0709 	add.w	r7, r0, #9
10004e90:	18c3      	adds	r3, r0, r3
10004e92:	9302      	str	r3, [sp, #8]
10004e94:	f8cd 800c 	str.w	r8, [sp, #12]
10004e98:	9b02      	ldr	r3, [sp, #8]
10004e9a:	42bb      	cmp	r3, r7
10004e9c:	f240 81a1 	bls.w	100051e2 <tud_task_ext+0x6fa>
10004ea0:	787b      	ldrb	r3, [r7, #1]
10004ea2:	2b0b      	cmp	r3, #11
10004ea4:	f000 81ac 	beq.w	10005200 <tud_task_ext+0x718>
10004ea8:	f04f 0801 	mov.w	r8, #1
10004eac:	2b04      	cmp	r3, #4
10004eae:	f040 8137 	bne.w	10005120 <tud_task_ext+0x638>
10004eb2:	2600      	movs	r6, #0
10004eb4:	9b02      	ldr	r3, [sp, #8]
10004eb6:	4639      	mov	r1, r7
10004eb8:	1bda      	subs	r2, r3, r7
10004eba:	4b70      	ldr	r3, [pc, #448]	; (1000507c <tud_task_ext+0x594>)
10004ebc:	4637      	mov	r7, r6
10004ebe:	781b      	ldrb	r3, [r3, #0]
10004ec0:	9601      	str	r6, [sp, #4]
10004ec2:	b292      	uxth	r2, r2
10004ec4:	e01b      	b.n	10004efe <tud_task_ext+0x416>
10004ec6:	f8db 6000 	ldr.w	r6, [fp]
10004eca:	eb16 1647 	adds.w	r6, r6, r7, lsl #5
10004ece:	f000 8127 	beq.w	10005120 <tud_task_ext+0x638>
10004ed2:	9b01      	ldr	r3, [sp, #4]
10004ed4:	9803      	ldr	r0, [sp, #12]
10004ed6:	3301      	adds	r3, #1
10004ed8:	9301      	str	r3, [sp, #4]
10004eda:	6933      	ldr	r3, [r6, #16]
10004edc:	e9cd 1204 	strd	r1, r2, [sp, #16]
10004ee0:	4798      	blx	r3
10004ee2:	e9dd 1204 	ldrd	r1, r2, [sp, #16]
10004ee6:	2808      	cmp	r0, #8
10004ee8:	d902      	bls.n	10004ef0 <tud_task_ext+0x408>
10004eea:	4282      	cmp	r2, r0
10004eec:	f080 80fc 	bcs.w	100050e8 <tud_task_ext+0x600>
10004ef0:	4b62      	ldr	r3, [pc, #392]	; (1000507c <tud_task_ext+0x594>)
10004ef2:	f89d 7004 	ldrb.w	r7, [sp, #4]
10004ef6:	781b      	ldrb	r3, [r3, #0]
10004ef8:	42bb      	cmp	r3, r7
10004efa:	f0c0 8111 	bcc.w	10005120 <tud_task_ext+0x638>
10004efe:	42bb      	cmp	r3, r7
10004f00:	eba7 0303 	sub.w	r3, r7, r3
10004f04:	d8df      	bhi.n	10004ec6 <tud_task_ext+0x3de>
10004f06:	eb0a 1643 	add.w	r6, sl, r3, lsl #5
10004f0a:	e7e2      	b.n	10004ed2 <tud_task_ext+0x3ea>
10004f0c:	786b      	ldrb	r3, [r5, #1]
10004f0e:	4640      	mov	r0, r8
10004f10:	f88d 301a 	strb.w	r3, [sp, #26]
10004f14:	f10d 021a 	add.w	r2, sp, #26
10004f18:	2301      	movs	r3, #1
10004f1a:	a908      	add	r1, sp, #32
10004f1c:	f000 fa86 	bl	1000542c <tud_control_xfer>
10004f20:	e5f1      	b.n	10004b06 <tud_task_ext+0x1e>
10004f22:	f8bd 0022 	ldrh.w	r0, [sp, #34]	; 0x22
10004f26:	0a03      	lsrs	r3, r0, #8
10004f28:	1e5a      	subs	r2, r3, #1
10004f2a:	b2c0      	uxtb	r0, r0
10004f2c:	2a0e      	cmp	r2, #14
10004f2e:	f63f ae8e 	bhi.w	10004c4e <tud_task_ext+0x166>
10004f32:	a101      	add	r1, pc, #4	; (adr r1, 10004f38 <tud_task_ext+0x450>)
10004f34:	f851 f022 	ldr.w	pc, [r1, r2, lsl #2]
10004f38:	10005151 	.word	0x10005151
10004f3c:	10004fe9 	.word	0x10004fe9
10004f40:	1000518d 	.word	0x1000518d
10004f44:	10004c4f 	.word	0x10004c4f
10004f48:	10004c4f 	.word	0x10004c4f
10004f4c:	1000516f 	.word	0x1000516f
10004f50:	10004fe9 	.word	0x10004fe9
10004f54:	10004c4f 	.word	0x10004c4f
10004f58:	10004c4f 	.word	0x10004c4f
10004f5c:	10004c4f 	.word	0x10004c4f
10004f60:	10004c4f 	.word	0x10004c4f
10004f64:	10004c4f 	.word	0x10004c4f
10004f68:	10004c4f 	.word	0x10004c4f
10004f6c:	10004c4f 	.word	0x10004c4f
10004f70:	10005143 	.word	0x10005143
10004f74:	a808      	add	r0, sp, #32
10004f76:	f000 facf 	bl	10005518 <usbd_control_set_request>
10004f7a:	4640      	mov	r0, r8
10004f7c:	f89d 1022 	ldrb.w	r1, [sp, #34]	; 0x22
10004f80:	f7ff fb96 	bl	100046b0 <dcd_set_address>
10004f84:	782b      	ldrb	r3, [r5, #0]
10004f86:	f043 0302 	orr.w	r3, r3, #2
10004f8a:	702b      	strb	r3, [r5, #0]
10004f8c:	e5bb      	b.n	10004b06 <tud_task_ext+0x1e>
10004f8e:	f8bd 3022 	ldrh.w	r3, [sp, #34]	; 0x22
10004f92:	2b01      	cmp	r3, #1
10004f94:	f47f ae5b 	bne.w	10004c4e <tud_task_ext+0x166>
10004f98:	782b      	ldrb	r3, [r5, #0]
10004f9a:	4640      	mov	r0, r8
10004f9c:	f36f 03c3 	bfc	r3, #3, #1
10004fa0:	a908      	add	r1, sp, #32
10004fa2:	702b      	strb	r3, [r5, #0]
10004fa4:	f000 fa28 	bl	100053f8 <tud_control_status>
10004fa8:	e5ad      	b.n	10004b06 <tud_task_ext+0x1e>
10004faa:	4640      	mov	r0, r8
10004fac:	782b      	ldrb	r3, [r5, #0]
10004fae:	089a      	lsrs	r2, r3, #2
10004fb0:	f002 0202 	and.w	r2, r2, #2
10004fb4:	f3c3 1340 	ubfx	r3, r3, #5, #1
10004fb8:	4313      	orrs	r3, r2
10004fba:	f8ad 301a 	strh.w	r3, [sp, #26]
10004fbe:	f10d 021a 	add.w	r2, sp, #26
10004fc2:	2302      	movs	r3, #2
10004fc4:	a908      	add	r1, sp, #32
10004fc6:	f000 fa31 	bl	1000542c <tud_control_xfer>
10004fca:	e59c      	b.n	10004b06 <tud_task_ext+0x1e>
10004fcc:	f8bd 3022 	ldrh.w	r3, [sp, #34]	; 0x22
10004fd0:	2b01      	cmp	r3, #1
10004fd2:	f47f ae3c 	bne.w	10004c4e <tud_task_ext+0x166>
10004fd6:	782b      	ldrb	r3, [r5, #0]
10004fd8:	4640      	mov	r0, r8
10004fda:	f043 0308 	orr.w	r3, r3, #8
10004fde:	a908      	add	r1, sp, #32
10004fe0:	702b      	strb	r3, [r5, #0]
10004fe2:	f000 fa09 	bl	100053f8 <tud_control_status>
10004fe6:	e58e      	b.n	10004b06 <tud_task_ext+0x1e>
10004fe8:	2b02      	cmp	r3, #2
10004fea:	f000 810f 	beq.w	1000520c <tud_task_ext+0x724>
10004fee:	f7ff fcdb 	bl	100049a8 <tud_descriptor_other_speed_configuration_cb>
10004ff2:	4602      	mov	r2, r0
10004ff4:	2800      	cmp	r0, #0
10004ff6:	f43f ae2a 	beq.w	10004c4e <tud_task_ext+0x166>
10004ffa:	4640      	mov	r0, r8
10004ffc:	8853      	ldrh	r3, [r2, #2]
10004ffe:	a908      	add	r1, sp, #32
10005000:	f000 fa14 	bl	1000542c <tud_control_xfer>
10005004:	2800      	cmp	r0, #0
10005006:	f47f ad7e 	bne.w	10004b06 <tud_task_ext+0x1e>
1000500a:	e620      	b.n	10004c4e <tud_task_ext+0x166>
1000500c:	f89d 3024 	ldrb.w	r3, [sp, #36]	; 0x24
10005010:	2b0f      	cmp	r3, #15
10005012:	f63f ae1c 	bhi.w	10004c4e <tud_task_ext+0x166>
10005016:	4a19      	ldr	r2, [pc, #100]	; (1000507c <tud_task_ext+0x594>)
10005018:	442b      	add	r3, r5
1000501a:	791b      	ldrb	r3, [r3, #4]
1000501c:	7812      	ldrb	r2, [r2, #0]
1000501e:	4293      	cmp	r3, r2
10005020:	d227      	bcs.n	10005072 <tud_task_ext+0x58a>
10005022:	f8db 5000 	ldr.w	r5, [fp]
10005026:	eb15 1543 	adds.w	r5, r5, r3, lsl #5
1000502a:	f43f ae10 	beq.w	10004c4e <tud_task_ext+0x166>
1000502e:	6968      	ldr	r0, [r5, #20]
10005030:	f000 fa6c 	bl	1000550c <usbd_control_set_complete_callback>
10005034:	4640      	mov	r0, r8
10005036:	2101      	movs	r1, #1
10005038:	696b      	ldr	r3, [r5, #20]
1000503a:	aa08      	add	r2, sp, #32
1000503c:	4798      	blx	r3
1000503e:	2800      	cmp	r0, #0
10005040:	f47f ad61 	bne.w	10004b06 <tud_task_ext+0x1e>
10005044:	e603      	b.n	10004c4e <tud_task_ext+0x166>
10005046:	2a00      	cmp	r2, #0
10005048:	f47f ae01 	bne.w	10004c4e <tud_task_ext+0x166>
1000504c:	2700      	movs	r7, #0
1000504e:	f89d 2021 	ldrb.w	r2, [sp, #33]	; 0x21
10005052:	f002 03fd 	and.w	r3, r2, #253	; 0xfd
10005056:	2b01      	cmp	r3, #1
10005058:	d012      	beq.n	10005080 <tud_task_ext+0x598>
1000505a:	2a00      	cmp	r2, #0
1000505c:	f47f adf0 	bne.w	10004c40 <tud_task_ext+0x158>
10005060:	9b01      	ldr	r3, [sp, #4]
10005062:	4435      	add	r5, r6
10005064:	442b      	add	r3, r5
10005066:	f893 3034 	ldrb.w	r3, [r3, #52]	; 0x34
1000506a:	4640      	mov	r0, r8
1000506c:	f3c3 0340 	ubfx	r3, r3, #1, #1
10005070:	e7a3      	b.n	10004fba <tud_task_ext+0x4d2>
10005072:	f47f adec 	bne.w	10004c4e <tud_task_ext+0x166>
10005076:	4655      	mov	r5, sl
10005078:	e7d9      	b.n	1000502e <tud_task_ext+0x546>
1000507a:	bf00      	nop
1000507c:	200025e5 	.word	0x200025e5
10005080:	f8bd 3022 	ldrh.w	r3, [sp, #34]	; 0x22
10005084:	b9ab      	cbnz	r3, 100050b2 <tud_task_ext+0x5ca>
10005086:	2a01      	cmp	r2, #1
10005088:	f000 8088 	beq.w	1000519c <tud_task_ext+0x6b4>
1000508c:	f899 0000 	ldrb.w	r0, [r9]
10005090:	f7ff fbca 	bl	10004828 <dcd_edpt_stall>
10005094:	9a01      	ldr	r2, [sp, #4]
10005096:	19ab      	adds	r3, r5, r6
10005098:	4413      	add	r3, r2
1000509a:	f893 2034 	ldrb.w	r2, [r3, #52]	; 0x34
1000509e:	f042 0202 	orr.w	r2, r2, #2
100050a2:	f883 2034 	strb.w	r2, [r3, #52]	; 0x34
100050a6:	f893 2034 	ldrb.w	r2, [r3, #52]	; 0x34
100050aa:	f042 0201 	orr.w	r2, r2, #1
100050ae:	f883 2034 	strb.w	r2, [r3, #52]	; 0x34
100050b2:	2f00      	cmp	r7, #0
100050b4:	f43f ad27 	beq.w	10004b06 <tud_task_ext+0x1e>
100050b8:	6978      	ldr	r0, [r7, #20]
100050ba:	f000 fa27 	bl	1000550c <usbd_control_set_complete_callback>
100050be:	697b      	ldr	r3, [r7, #20]
100050c0:	2101      	movs	r1, #1
100050c2:	aa08      	add	r2, sp, #32
100050c4:	4640      	mov	r0, r8
100050c6:	4798      	blx	r3
100050c8:	2000      	movs	r0, #0
100050ca:	f000 fa1f 	bl	1000550c <usbd_control_set_complete_callback>
100050ce:	f895 3035 	ldrb.w	r3, [r5, #53]	; 0x35
100050d2:	07de      	lsls	r6, r3, #31
100050d4:	f53f ad17 	bmi.w	10004b06 <tud_task_ext+0x1e>
100050d8:	e69a      	b.n	10004e10 <tud_task_ext+0x328>
100050da:	f7ff fc69 	bl	100049b0 <tud_umount_cb>
100050de:	4640      	mov	r0, r8
100050e0:	a908      	add	r1, sp, #32
100050e2:	f000 f989 	bl	100053f8 <tud_control_status>
100050e6:	e50e      	b.n	10004b06 <tud_task_ext+0x1e>
100050e8:	f1b8 0f01 	cmp.w	r8, #1
100050ec:	4633      	mov	r3, r6
100050ee:	463e      	mov	r6, r7
100050f0:	460f      	mov	r7, r1
100050f2:	f000 809f 	beq.w	10005234 <tud_task_ext+0x74c>
100050f6:	f1b8 0f00 	cmp.w	r8, #0
100050fa:	f000 808e 	beq.w	1000521a <tud_task_ext+0x732>
100050fe:	2300      	movs	r3, #0
10005100:	78b9      	ldrb	r1, [r7, #2]
10005102:	e004      	b.n	1000510e <tud_task_ext+0x626>
10005104:	7116      	strb	r6, [r2, #4]
10005106:	b2da      	uxtb	r2, r3
10005108:	4590      	cmp	r8, r2
1000510a:	f240 8086 	bls.w	1000521a <tud_task_ext+0x732>
1000510e:	18ca      	adds	r2, r1, r3
10005110:	fa55 f282 	uxtab	r2, r5, r2
10005114:	f892 c004 	ldrb.w	ip, [r2, #4]
10005118:	3301      	adds	r3, #1
1000511a:	f1bc 0fff 	cmp.w	ip, #255	; 0xff
1000511e:	d0f1      	beq.n	10005104 <tud_task_ext+0x61c>
10005120:	f04f 23e0 	mov.w	r3, #3758153728	; 0xe000e000
10005124:	f8d3 3df0 	ldr.w	r3, [r3, #3568]	; 0xdf0
10005128:	07db      	lsls	r3, r3, #31
1000512a:	d500      	bpl.n	1000512e <tud_task_ext+0x646>
1000512c:	be00      	bkpt	0x0000
1000512e:	f04f 23e0 	mov.w	r3, #3758153728	; 0xe000e000
10005132:	f8d3 3df0 	ldr.w	r3, [r3, #3568]	; 0xdf0
10005136:	07df      	lsls	r7, r3, #31
10005138:	d500      	bpl.n	1000513c <tud_task_ext+0x654>
1000513a:	be00      	bkpt	0x0000
1000513c:	2300      	movs	r3, #0
1000513e:	706b      	strb	r3, [r5, #1]
10005140:	e585      	b.n	10004c4e <tud_task_ext+0x166>
10005142:	f7ff fa3b 	bl	100045bc <tud_descriptor_bos_cb>
10005146:	4602      	mov	r2, r0
10005148:	2800      	cmp	r0, #0
1000514a:	f47f af56 	bne.w	10004ffa <tud_task_ext+0x512>
1000514e:	e57e      	b.n	10004c4e <tud_task_ext+0x166>
10005150:	f7ff f8d2 	bl	100042f8 <tud_descriptor_device_cb>
10005154:	4602      	mov	r2, r0
10005156:	2800      	cmp	r0, #0
10005158:	f43f ad72 	beq.w	10004c40 <tud_task_ext+0x158>
1000515c:	4640      	mov	r0, r8
1000515e:	2312      	movs	r3, #18
10005160:	a908      	add	r1, sp, #32
10005162:	f000 f963 	bl	1000542c <tud_control_xfer>
10005166:	2800      	cmp	r0, #0
10005168:	f47f accd 	bne.w	10004b06 <tud_task_ext+0x1e>
1000516c:	e56f      	b.n	10004c4e <tud_task_ext+0x166>
1000516e:	f7ff fc19 	bl	100049a4 <tud_descriptor_device_qualifier_cb>
10005172:	4602      	mov	r2, r0
10005174:	2800      	cmp	r0, #0
10005176:	f43f ad6a 	beq.w	10004c4e <tud_task_ext+0x166>
1000517a:	4640      	mov	r0, r8
1000517c:	7813      	ldrb	r3, [r2, #0]
1000517e:	a908      	add	r1, sp, #32
10005180:	f000 f954 	bl	1000542c <tud_control_xfer>
10005184:	2800      	cmp	r0, #0
10005186:	f47f acbe 	bne.w	10004b06 <tud_task_ext+0x1e>
1000518a:	e560      	b.n	10004c4e <tud_task_ext+0x166>
1000518c:	f8bd 1024 	ldrh.w	r1, [sp, #36]	; 0x24
10005190:	f7ff f8ba 	bl	10004308 <tud_descriptor_string_cb>
10005194:	4602      	mov	r2, r0
10005196:	2800      	cmp	r0, #0
10005198:	d1ef      	bne.n	1000517a <tud_task_ext+0x692>
1000519a:	e558      	b.n	10004c4e <tud_task_ext+0x166>
1000519c:	f899 0000 	ldrb.w	r0, [r9]
100051a0:	9302      	str	r3, [sp, #8]
100051a2:	f7ff fb59 	bl	10004858 <dcd_edpt_clear_stall>
100051a6:	9b01      	ldr	r3, [sp, #4]
100051a8:	19aa      	adds	r2, r5, r6
100051aa:	441a      	add	r2, r3
100051ac:	f892 1034 	ldrb.w	r1, [r2, #52]	; 0x34
100051b0:	9b02      	ldr	r3, [sp, #8]
100051b2:	f363 0141 	bfi	r1, r3, #1, #1
100051b6:	f882 1034 	strb.w	r1, [r2, #52]	; 0x34
100051ba:	f892 1034 	ldrb.w	r1, [r2, #52]	; 0x34
100051be:	f363 0100 	bfi	r1, r3, #0, #1
100051c2:	f882 1034 	strb.w	r1, [r2, #52]	; 0x34
100051c6:	e774      	b.n	100050b2 <tud_task_ext+0x5ca>
100051c8:	2100      	movs	r1, #0
100051ca:	4640      	mov	r0, r8
100051cc:	f7ff fa78 	bl	100046c0 <dcd_sof_enable>
100051d0:	4640      	mov	r0, r8
100051d2:	f7ff fb13 	bl	100047fc <dcd_edpt_close_all>
100051d6:	78af      	ldrb	r7, [r5, #2]
100051d8:	4640      	mov	r0, r8
100051da:	f7ff fb99 	bl	10004910 <configuration_reset>
100051de:	70af      	strb	r7, [r5, #2]
100051e0:	e637      	b.n	10004e52 <tud_task_ext+0x36a>
100051e2:	f8dd 800c 	ldr.w	r8, [sp, #12]
100051e6:	f7ff fbe1 	bl	100049ac <tud_mount_cb>
100051ea:	e778      	b.n	100050de <tud_task_ext+0x5f6>
100051ec:	4640      	mov	r0, r8
100051ee:	2301      	movs	r3, #1
100051f0:	a908      	add	r1, sp, #32
100051f2:	f10d 021a 	add.w	r2, sp, #26
100051f6:	f88d 501a 	strb.w	r5, [sp, #26]
100051fa:	f000 f917 	bl	1000542c <tud_control_xfer>
100051fe:	e482      	b.n	10004b06 <tud_task_ext+0x1e>
10005200:	783b      	ldrb	r3, [r7, #0]
10005202:	f897 8003 	ldrb.w	r8, [r7, #3]
10005206:	441f      	add	r7, r3
10005208:	787b      	ldrb	r3, [r7, #1]
1000520a:	e64f      	b.n	10004eac <tud_task_ext+0x3c4>
1000520c:	f7ff f878 	bl	10004300 <tud_descriptor_configuration_cb>
10005210:	4602      	mov	r2, r0
10005212:	2800      	cmp	r0, #0
10005214:	f47f aef1 	bne.w	10004ffa <tud_task_ext+0x512>
10005218:	e512      	b.n	10004c40 <tud_task_ext+0x158>
1000521a:	4639      	mov	r1, r7
1000521c:	4602      	mov	r2, r0
1000521e:	4633      	mov	r3, r6
10005220:	4407      	add	r7, r0
10005222:	480c      	ldr	r0, [pc, #48]	; (10005254 <tud_task_ext+0x76c>)
10005224:	f000 fd8c 	bl	10005d40 <tu_edpt_bind_driver>
10005228:	4b0b      	ldr	r3, [pc, #44]	; (10005258 <tud_task_ext+0x770>)
1000522a:	781b      	ldrb	r3, [r3, #0]
1000522c:	42b3      	cmp	r3, r6
1000522e:	f4bf ae33 	bcs.w	10004e98 <tud_task_ext+0x3b0>
10005232:	e775      	b.n	10005120 <tud_task_ext+0x638>
10005234:	691b      	ldr	r3, [r3, #16]
10005236:	4a09      	ldr	r2, [pc, #36]	; (1000525c <tud_task_ext+0x774>)
10005238:	4293      	cmp	r3, r2
1000523a:	bf08      	it	eq
1000523c:	f04f 0802 	moveq.w	r8, #2
10005240:	e75d      	b.n	100050fe <tud_task_ext+0x616>
10005242:	f04f 23e0 	mov.w	r3, #3758153728	; 0xe000e000
10005246:	f8d3 3df0 	ldr.w	r3, [r3, #3568]	; 0xdf0
1000524a:	07db      	lsls	r3, r3, #31
1000524c:	f57f ac5b 	bpl.w	10004b06 <tud_task_ext+0x1e>
10005250:	be00      	bkpt	0x0000
10005252:	e458      	b.n	10004b06 <tud_task_ext+0x1e>
10005254:	20001fe4 	.word	0x20001fe4
10005258:	200025e5 	.word	0x200025e5
1000525c:	10005955 	.word	0x10005955

10005260 <usbd_open_edpt_pair>:
10005260:	e92d 4ff8 	stmdb	sp!, {r3, r4, r5, r6, r7, r8, r9, sl, fp, lr}
10005264:	9f0a      	ldr	r7, [sp, #40]	; 0x28
10005266:	2a00      	cmp	r2, #0
10005268:	d040      	beq.n	100052ec <usbd_open_edpt_pair+0x8c>
1000526a:	460c      	mov	r4, r1
1000526c:	461e      	mov	r6, r3
1000526e:	4615      	mov	r5, r2
10005270:	f04f 0a00 	mov.w	sl, #0
10005274:	f8df 907c 	ldr.w	r9, [pc, #124]	; 100052f4 <usbd_open_edpt_pair+0x94>
10005278:	f8df 807c 	ldr.w	r8, [pc, #124]	; 100052f8 <usbd_open_edpt_pair+0x98>
1000527c:	e018      	b.n	100052b0 <usbd_open_edpt_pair+0x50>
1000527e:	4620      	mov	r0, r4
10005280:	f898 1002 	ldrb.w	r1, [r8, #2]
10005284:	f899 b000 	ldrb.w	fp, [r9]
10005288:	f000 fd26 	bl	10005cd8 <tu_edpt_validate>
1000528c:	b1e0      	cbz	r0, 100052c8 <usbd_open_edpt_pair+0x68>
1000528e:	4621      	mov	r1, r4
10005290:	4658      	mov	r0, fp
10005292:	f7ff fa31 	bl	100046f8 <dcd_edpt_open>
10005296:	b1f0      	cbz	r0, 100052d6 <usbd_open_edpt_pair+0x76>
10005298:	78a2      	ldrb	r2, [r4, #2]
1000529a:	f10a 0a01 	add.w	sl, sl, #1
1000529e:	09d3      	lsrs	r3, r2, #7
100052a0:	bf16      	itet	ne
100052a2:	9b0b      	ldrne	r3, [sp, #44]	; 0x2c
100052a4:	703a      	strbeq	r2, [r7, #0]
100052a6:	701a      	strbne	r2, [r3, #0]
100052a8:	7822      	ldrb	r2, [r4, #0]
100052aa:	45aa      	cmp	sl, r5
100052ac:	4414      	add	r4, r2
100052ae:	d01d      	beq.n	100052ec <usbd_open_edpt_pair+0x8c>
100052b0:	7862      	ldrb	r2, [r4, #1]
100052b2:	2a05      	cmp	r2, #5
100052b4:	d10f      	bne.n	100052d6 <usbd_open_edpt_pair+0x76>
100052b6:	78e1      	ldrb	r1, [r4, #3]
100052b8:	f001 0103 	and.w	r1, r1, #3
100052bc:	42b1      	cmp	r1, r6
100052be:	d10a      	bne.n	100052d6 <usbd_open_edpt_pair+0x76>
100052c0:	78a2      	ldrb	r2, [r4, #2]
100052c2:	f012 0f70 	tst.w	r2, #112	; 0x70
100052c6:	d0da      	beq.n	1000527e <usbd_open_edpt_pair+0x1e>
100052c8:	f04f 23e0 	mov.w	r3, #3758153728	; 0xe000e000
100052cc:	f8d3 3df0 	ldr.w	r3, [r3, #3568]	; 0xdf0
100052d0:	07da      	lsls	r2, r3, #31
100052d2:	d500      	bpl.n	100052d6 <usbd_open_edpt_pair+0x76>
100052d4:	be00      	bkpt	0x0000
100052d6:	f04f 23e0 	mov.w	r3, #3758153728	; 0xe000e000
100052da:	f8d3 3df0 	ldr.w	r3, [r3, #3568]	; 0xdf0
100052de:	07db      	lsls	r3, r3, #31
100052e0:	d402      	bmi.n	100052e8 <usbd_open_edpt_pair+0x88>
100052e2:	2000      	movs	r0, #0
100052e4:	e8bd 8ff8 	ldmia.w	sp!, {r3, r4, r5, r6, r7, r8, r9, sl, fp, pc}
100052e8:	be00      	bkpt	0x0000
100052ea:	e7fa      	b.n	100052e2 <usbd_open_edpt_pair+0x82>
100052ec:	2001      	movs	r0, #1
100052ee:	e8bd 8ff8 	ldmia.w	sp!, {r3, r4, r5, r6, r7, r8, r9, sl, fp, pc}
100052f2:	bf00      	nop
100052f4:	200013c4 	.word	0x200013c4
100052f8:	20001fd0 	.word	0x20001fd0

100052fc <usbd_edpt_open>:
100052fc:	b538      	push	{r3, r4, r5, lr}
100052fe:	788b      	ldrb	r3, [r1, #2]
10005300:	f013 0f70 	tst.w	r3, #112	; 0x70
10005304:	d008      	beq.n	10005318 <usbd_edpt_open+0x1c>
10005306:	f04f 23e0 	mov.w	r3, #3758153728	; 0xe000e000
1000530a:	f8d3 3df0 	ldr.w	r3, [r3, #3568]	; 0xdf0
1000530e:	07db      	lsls	r3, r3, #31
10005310:	d500      	bpl.n	10005314 <usbd_edpt_open+0x18>
10005312:	be00      	bkpt	0x0000
10005314:	2000      	movs	r0, #0
10005316:	bd38      	pop	{r3, r4, r5, pc}
10005318:	4a07      	ldr	r2, [pc, #28]	; (10005338 <usbd_edpt_open+0x3c>)
1000531a:	4b08      	ldr	r3, [pc, #32]	; (1000533c <usbd_edpt_open+0x40>)
1000531c:	460c      	mov	r4, r1
1000531e:	4608      	mov	r0, r1
10005320:	7891      	ldrb	r1, [r2, #2]
10005322:	781d      	ldrb	r5, [r3, #0]
10005324:	f000 fcd8 	bl	10005cd8 <tu_edpt_validate>
10005328:	2800      	cmp	r0, #0
1000532a:	d0ec      	beq.n	10005306 <usbd_edpt_open+0xa>
1000532c:	4621      	mov	r1, r4
1000532e:	4628      	mov	r0, r5
10005330:	e8bd 4038 	ldmia.w	sp!, {r3, r4, r5, lr}
10005334:	f7ff b9e0 	b.w	100046f8 <dcd_edpt_open>
10005338:	20001fd0 	.word	0x20001fd0
1000533c:	200013c4 	.word	0x200013c4

10005340 <usbd_edpt_claim>:
10005340:	460b      	mov	r3, r1
10005342:	4a06      	ldr	r2, [pc, #24]	; (1000535c <usbd_edpt_claim+0x1c>)
10005344:	4806      	ldr	r0, [pc, #24]	; (10005360 <usbd_edpt_claim+0x20>)
10005346:	6811      	ldr	r1, [r2, #0]
10005348:	09da      	lsrs	r2, r3, #7
1000534a:	3234      	adds	r2, #52	; 0x34
1000534c:	f003 037f 	and.w	r3, r3, #127	; 0x7f
10005350:	eb02 0343 	add.w	r3, r2, r3, lsl #1
10005354:	4418      	add	r0, r3
10005356:	f000 bc79 	b.w	10005c4c <tu_edpt_claim>
1000535a:	bf00      	nop
1000535c:	20002024 	.word	0x20002024
10005360:	20001fd0 	.word	0x20001fd0

10005364 <usbd_edpt_release>:
10005364:	460b      	mov	r3, r1
10005366:	4a06      	ldr	r2, [pc, #24]	; (10005380 <usbd_edpt_release+0x1c>)
10005368:	4806      	ldr	r0, [pc, #24]	; (10005384 <usbd_edpt_release+0x20>)
1000536a:	6811      	ldr	r1, [r2, #0]
1000536c:	09da      	lsrs	r2, r3, #7
1000536e:	3234      	adds	r2, #52	; 0x34
10005370:	f003 037f 	and.w	r3, r3, #127	; 0x7f
10005374:	eb02 0343 	add.w	r3, r2, r3, lsl #1
10005378:	4418      	add	r0, r3
1000537a:	f000 bc91 	b.w	10005ca0 <tu_edpt_release>
1000537e:	bf00      	nop
10005380:	20002024 	.word	0x20002024
10005384:	20001fd0 	.word	0x20001fd0

10005388 <usbd_edpt_xfer>:
10005388:	b510      	push	{r4, lr}
1000538a:	4c19      	ldr	r4, [pc, #100]	; (100053f0 <usbd_edpt_xfer+0x68>)
1000538c:	f001 0c7f 	and.w	ip, r1, #127	; 0x7f
10005390:	eb04 044c 	add.w	r4, r4, ip, lsl #1
10005394:	eb04 10d1 	add.w	r0, r4, r1, lsr #7
10005398:	f890 c034 	ldrb.w	ip, [r0, #52]	; 0x34
1000539c:	f01c 0f01 	tst.w	ip, #1
100053a0:	d008      	beq.n	100053b4 <usbd_edpt_xfer+0x2c>
100053a2:	f04f 23e0 	mov.w	r3, #3758153728	; 0xe000e000
100053a6:	f8d3 3df0 	ldr.w	r3, [r3, #3568]	; 0xdf0
100053aa:	07da      	lsls	r2, r3, #31
100053ac:	d500      	bpl.n	100053b0 <usbd_edpt_xfer+0x28>
100053ae:	be00      	bkpt	0x0000
100053b0:	2000      	movs	r0, #0
100053b2:	bd10      	pop	{r4, pc}
100053b4:	f890 c034 	ldrb.w	ip, [r0, #52]	; 0x34
100053b8:	f100 0430 	add.w	r4, r0, #48	; 0x30
100053bc:	480d      	ldr	r0, [pc, #52]	; (100053f4 <usbd_edpt_xfer+0x6c>)
100053be:	f04c 0c01 	orr.w	ip, ip, #1
100053c2:	7800      	ldrb	r0, [r0, #0]
100053c4:	f884 c004 	strb.w	ip, [r4, #4]
100053c8:	f7ff fa1a 	bl	10004800 <dcd_edpt_xfer>
100053cc:	2800      	cmp	r0, #0
100053ce:	d1f0      	bne.n	100053b2 <usbd_edpt_xfer+0x2a>
100053d0:	f04f 22e0 	mov.w	r2, #3758153728	; 0xe000e000
100053d4:	7923      	ldrb	r3, [r4, #4]
100053d6:	f360 0300 	bfi	r3, r0, #0, #1
100053da:	7123      	strb	r3, [r4, #4]
100053dc:	7923      	ldrb	r3, [r4, #4]
100053de:	f360 0382 	bfi	r3, r0, #2, #1
100053e2:	7123      	strb	r3, [r4, #4]
100053e4:	f8d2 3df0 	ldr.w	r3, [r2, #3568]	; 0xdf0
100053e8:	07db      	lsls	r3, r3, #31
100053ea:	d5e1      	bpl.n	100053b0 <usbd_edpt_xfer+0x28>
100053ec:	be00      	bkpt	0x0000
100053ee:	bd10      	pop	{r4, pc}
100053f0:	20001fd0 	.word	0x20001fd0
100053f4:	200013c4 	.word	0x200013c4

100053f8 <tud_control_status>:
100053f8:	b530      	push	{r4, r5, lr}
100053fa:	4c0b      	ldr	r4, [pc, #44]	; (10005428 <tud_control_status+0x30>)
100053fc:	468c      	mov	ip, r1
100053fe:	46a6      	mov	lr, r4
10005400:	2300      	movs	r3, #0
10005402:	4605      	mov	r5, r0
10005404:	6808      	ldr	r0, [r1, #0]
10005406:	6849      	ldr	r1, [r1, #4]
10005408:	461a      	mov	r2, r3
1000540a:	e8ae 0003 	stmia.w	lr!, {r0, r1}
1000540e:	f99c 1000 	ldrsb.w	r1, [ip]
10005412:	4628      	mov	r0, r5
10005414:	4299      	cmp	r1, r3
10005416:	e9c4 3302 	strd	r3, r3, [r4, #8]
1000541a:	e8bd 4030 	ldmia.w	sp!, {r4, r5, lr}
1000541e:	bfac      	ite	ge
10005420:	2180      	movge	r1, #128	; 0x80
10005422:	4619      	movlt	r1, r3
10005424:	f7ff bfb0 	b.w	10005388 <usbd_edpt_xfer>
10005428:	20001f90 	.word	0x20001f90

1000542c <tud_control_xfer>:
1000542c:	e92d 41f0 	stmdb	sp!, {r4, r5, r6, r7, r8, lr}
10005430:	4f2f      	ldr	r7, [pc, #188]	; (100054f0 <tud_control_xfer+0xc4>)
10005432:	f04f 0800 	mov.w	r8, #0
10005436:	46be      	mov	lr, r7
10005438:	468c      	mov	ip, r1
1000543a:	4606      	mov	r6, r0
1000543c:	6808      	ldr	r0, [r1, #0]
1000543e:	6849      	ldr	r1, [r1, #4]
10005440:	60ba      	str	r2, [r7, #8]
10005442:	e8ae 0003 	stmia.w	lr!, {r0, r1}
10005446:	f8a7 800e 	strh.w	r8, [r7, #14]
1000544a:	f8bc 5006 	ldrh.w	r5, [ip, #6]
1000544e:	b082      	sub	sp, #8
10005450:	42ab      	cmp	r3, r5
10005452:	bf28      	it	cs
10005454:	462b      	movcs	r3, r5
10005456:	81bb      	strh	r3, [r7, #12]
10005458:	b19d      	cbz	r5, 10005482 <tud_control_xfer+0x56>
1000545a:	b34b      	cbz	r3, 100054b0 <tud_control_xfer+0x84>
1000545c:	4614      	mov	r4, r2
1000545e:	b37a      	cbz	r2, 100054c0 <tud_control_xfer+0x94>
10005460:	f997 2000 	ldrsb.w	r2, [r7]
10005464:	2b40      	cmp	r3, #64	; 0x40
10005466:	bf28      	it	cs
10005468:	2340      	movcs	r3, #64	; 0x40
1000546a:	2a00      	cmp	r2, #0
1000546c:	db32      	blt.n	100054d4 <tud_control_xfer+0xa8>
1000546e:	4641      	mov	r1, r8
10005470:	4a20      	ldr	r2, [pc, #128]	; (100054f4 <tud_control_xfer+0xc8>)
10005472:	4630      	mov	r0, r6
10005474:	f7ff ff88 	bl	10005388 <usbd_edpt_xfer>
10005478:	b180      	cbz	r0, 1000549c <tud_control_xfer+0x70>
1000547a:	2001      	movs	r0, #1
1000547c:	b002      	add	sp, #8
1000547e:	e8bd 81f0 	ldmia.w	sp!, {r4, r5, r6, r7, r8, pc}
10005482:	f99c 2000 	ldrsb.w	r2, [ip]
10005486:	462b      	mov	r3, r5
10005488:	2a00      	cmp	r2, #0
1000548a:	bfac      	ite	ge
1000548c:	2180      	movge	r1, #128	; 0x80
1000548e:	2100      	movlt	r1, #0
10005490:	462a      	mov	r2, r5
10005492:	4630      	mov	r0, r6
10005494:	f7ff ff78 	bl	10005388 <usbd_edpt_xfer>
10005498:	2800      	cmp	r0, #0
1000549a:	d1ee      	bne.n	1000547a <tud_control_xfer+0x4e>
1000549c:	f04f 23e0 	mov.w	r3, #3758153728	; 0xe000e000
100054a0:	f8d3 3df0 	ldr.w	r3, [r3, #3568]	; 0xdf0
100054a4:	07db      	lsls	r3, r3, #31
100054a6:	d511      	bpl.n	100054cc <tud_control_xfer+0xa0>
100054a8:	be00      	bkpt	0x0000
100054aa:	b002      	add	sp, #8
100054ac:	e8bd 81f0 	ldmia.w	sp!, {r4, r5, r6, r7, r8, pc}
100054b0:	f997 1000 	ldrsb.w	r1, [r7]
100054b4:	461a      	mov	r2, r3
100054b6:	2900      	cmp	r1, #0
100054b8:	bfac      	ite	ge
100054ba:	4619      	movge	r1, r3
100054bc:	2180      	movlt	r1, #128	; 0x80
100054be:	e7d8      	b.n	10005472 <tud_control_xfer+0x46>
100054c0:	f04f 23e0 	mov.w	r3, #3758153728	; 0xe000e000
100054c4:	f8d3 3df0 	ldr.w	r3, [r3, #3568]	; 0xdf0
100054c8:	07da      	lsls	r2, r3, #31
100054ca:	d40d      	bmi.n	100054e8 <tud_control_xfer+0xbc>
100054cc:	2000      	movs	r0, #0
100054ce:	b002      	add	sp, #8
100054d0:	e8bd 81f0 	ldmia.w	sp!, {r4, r5, r6, r7, r8, pc}
100054d4:	461a      	mov	r2, r3
100054d6:	4621      	mov	r1, r4
100054d8:	4806      	ldr	r0, [pc, #24]	; (100054f4 <tud_control_xfer+0xc8>)
100054da:	9301      	str	r3, [sp, #4]
100054dc:	f002 f954 	bl	10007788 <__memcpy_veneer>
100054e0:	2180      	movs	r1, #128	; 0x80
100054e2:	4a04      	ldr	r2, [pc, #16]	; (100054f4 <tud_control_xfer+0xc8>)
100054e4:	9b01      	ldr	r3, [sp, #4]
100054e6:	e7c4      	b.n	10005472 <tud_control_xfer+0x46>
100054e8:	be00      	bkpt	0x0000
100054ea:	4620      	mov	r0, r4
100054ec:	e7c6      	b.n	1000547c <tud_control_xfer+0x50>
100054ee:	bf00      	nop
100054f0:	20001f90 	.word	0x20001f90
100054f4:	20001f50 	.word	0x20001f50

100054f8 <usbd_control_reset>:
100054f8:	2200      	movs	r2, #0
100054fa:	4b03      	ldr	r3, [pc, #12]	; (10005508 <usbd_control_reset+0x10>)
100054fc:	e9c3 2200 	strd	r2, r2, [r3]
10005500:	e9c3 2202 	strd	r2, r2, [r3, #8]
10005504:	611a      	str	r2, [r3, #16]
10005506:	4770      	bx	lr
10005508:	20001f90 	.word	0x20001f90

1000550c <usbd_control_set_complete_callback>:
1000550c:	4b01      	ldr	r3, [pc, #4]	; (10005514 <usbd_control_set_complete_callback+0x8>)
1000550e:	6118      	str	r0, [r3, #16]
10005510:	4770      	bx	lr
10005512:	bf00      	nop
10005514:	20001f90 	.word	0x20001f90

10005518 <usbd_control_set_request>:
10005518:	b430      	push	{r4, r5}
1000551a:	4602      	mov	r2, r0
1000551c:	4c04      	ldr	r4, [pc, #16]	; (10005530 <usbd_control_set_request+0x18>)
1000551e:	2500      	movs	r5, #0
10005520:	4623      	mov	r3, r4
10005522:	6800      	ldr	r0, [r0, #0]
10005524:	6851      	ldr	r1, [r2, #4]
10005526:	e9c4 5502 	strd	r5, r5, [r4, #8]
1000552a:	bc30      	pop	{r4, r5}
1000552c:	c303      	stmia	r3!, {r0, r1}
1000552e:	4770      	bx	lr
10005530:	20001f90 	.word	0x20001f90

10005534 <usbd_control_xfer_cb>:
10005534:	b570      	push	{r4, r5, r6, lr}
10005536:	4c41      	ldr	r4, [pc, #260]	; (1000563c <usbd_control_xfer_cb+0x108>)
10005538:	09c9      	lsrs	r1, r1, #7
1000553a:	7822      	ldrb	r2, [r4, #0]
1000553c:	4605      	mov	r5, r0
1000553e:	ebb1 1fd2 	cmp.w	r1, r2, lsr #7
10005542:	461e      	mov	r6, r3
10005544:	b082      	sub	sp, #8
10005546:	d021      	beq.n	1000558c <usbd_control_xfer_cb+0x58>
10005548:	b14b      	cbz	r3, 1000555e <usbd_control_xfer_cb+0x2a>
1000554a:	f04f 23e0 	mov.w	r3, #3758153728	; 0xe000e000
1000554e:	f8d3 3df0 	ldr.w	r3, [r3, #3568]	; 0xdf0
10005552:	07da      	lsls	r2, r3, #31
10005554:	d500      	bpl.n	10005558 <usbd_control_xfer_cb+0x24>
10005556:	be00      	bkpt	0x0000
10005558:	2000      	movs	r0, #0
1000555a:	b002      	add	sp, #8
1000555c:	bd70      	pop	{r4, r5, r6, pc}
1000555e:	4621      	mov	r1, r4
10005560:	f7ff f8bc 	bl	100046dc <dcd_edpt0_status_complete>
10005564:	6923      	ldr	r3, [r4, #16]
10005566:	b173      	cbz	r3, 10005586 <usbd_control_xfer_cb+0x52>
10005568:	4622      	mov	r2, r4
1000556a:	2103      	movs	r1, #3
1000556c:	4628      	mov	r0, r5
1000556e:	4798      	blx	r3
10005570:	2001      	movs	r0, #1
10005572:	b002      	add	sp, #8
10005574:	bd70      	pop	{r4, r5, r6, pc}
10005576:	4601      	mov	r1, r0
10005578:	4628      	mov	r0, r5
1000557a:	f7ff f955 	bl	10004828 <dcd_edpt_stall>
1000557e:	2180      	movs	r1, #128	; 0x80
10005580:	4628      	mov	r0, r5
10005582:	f7ff f951 	bl	10004828 <dcd_edpt_stall>
10005586:	2001      	movs	r0, #1
10005588:	b002      	add	sp, #8
1000558a:	bd70      	pop	{r4, r5, r6, pc}
1000558c:	f994 2000 	ldrsb.w	r2, [r4]
10005590:	2a00      	cmp	r2, #0
10005592:	db06      	blt.n	100055a2 <usbd_control_xfer_cb+0x6e>
10005594:	68a0      	ldr	r0, [r4, #8]
10005596:	2800      	cmp	r0, #0
10005598:	d0de      	beq.n	10005558 <usbd_control_xfer_cb+0x24>
1000559a:	461a      	mov	r2, r3
1000559c:	4928      	ldr	r1, [pc, #160]	; (10005640 <usbd_control_xfer_cb+0x10c>)
1000559e:	f002 f8f3 	bl	10007788 <__memcpy_veneer>
100055a2:	89e0      	ldrh	r0, [r4, #14]
100055a4:	68a1      	ldr	r1, [r4, #8]
100055a6:	88e2      	ldrh	r2, [r4, #6]
100055a8:	4430      	add	r0, r6
100055aa:	b280      	uxth	r0, r0
100055ac:	4431      	add	r1, r6
100055ae:	4282      	cmp	r2, r0
100055b0:	81e0      	strh	r0, [r4, #14]
100055b2:	60a1      	str	r1, [r4, #8]
100055b4:	d016      	beq.n	100055e4 <usbd_control_xfer_cb+0xb0>
100055b6:	2e3f      	cmp	r6, #63	; 0x3f
100055b8:	d914      	bls.n	100055e4 <usbd_control_xfer_cb+0xb0>
100055ba:	89a2      	ldrh	r2, [r4, #12]
100055bc:	f994 4000 	ldrsb.w	r4, [r4]
100055c0:	1a13      	subs	r3, r2, r0
100055c2:	b29b      	uxth	r3, r3
100055c4:	2b40      	cmp	r3, #64	; 0x40
100055c6:	bf28      	it	cs
100055c8:	2340      	movcs	r3, #64	; 0x40
100055ca:	2c00      	cmp	r4, #0
100055cc:	db27      	blt.n	1000561e <usbd_control_xfer_cb+0xea>
100055ce:	4290      	cmp	r0, r2
100055d0:	f04f 0100 	mov.w	r1, #0
100055d4:	d02f      	beq.n	10005636 <usbd_control_xfer_cb+0x102>
100055d6:	4a1a      	ldr	r2, [pc, #104]	; (10005640 <usbd_control_xfer_cb+0x10c>)
100055d8:	4628      	mov	r0, r5
100055da:	f7ff fed5 	bl	10005388 <usbd_edpt_xfer>
100055de:	2800      	cmp	r0, #0
100055e0:	d1d1      	bne.n	10005586 <usbd_control_xfer_cb+0x52>
100055e2:	e014      	b.n	1000560e <usbd_control_xfer_cb+0xda>
100055e4:	6923      	ldr	r3, [r4, #16]
100055e6:	b12b      	cbz	r3, 100055f4 <usbd_control_xfer_cb+0xc0>
100055e8:	2102      	movs	r1, #2
100055ea:	4628      	mov	r0, r5
100055ec:	4a13      	ldr	r2, [pc, #76]	; (1000563c <usbd_control_xfer_cb+0x108>)
100055ee:	4798      	blx	r3
100055f0:	2800      	cmp	r0, #0
100055f2:	d0c0      	beq.n	10005576 <usbd_control_xfer_cb+0x42>
100055f4:	2300      	movs	r3, #0
100055f6:	f994 2000 	ldrsb.w	r2, [r4]
100055fa:	4628      	mov	r0, r5
100055fc:	429a      	cmp	r2, r3
100055fe:	bfac      	ite	ge
10005600:	2180      	movge	r1, #128	; 0x80
10005602:	4619      	movlt	r1, r3
10005604:	461a      	mov	r2, r3
10005606:	f7ff febf 	bl	10005388 <usbd_edpt_xfer>
1000560a:	2800      	cmp	r0, #0
1000560c:	d1bb      	bne.n	10005586 <usbd_control_xfer_cb+0x52>
1000560e:	f04f 23e0 	mov.w	r3, #3758153728	; 0xe000e000
10005612:	f8d3 3df0 	ldr.w	r3, [r3, #3568]	; 0xdf0
10005616:	07db      	lsls	r3, r3, #31
10005618:	d59e      	bpl.n	10005558 <usbd_control_xfer_cb+0x24>
1000561a:	be00      	bkpt	0x0000
1000561c:	e79d      	b.n	1000555a <usbd_control_xfer_cb+0x26>
1000561e:	4290      	cmp	r0, r2
10005620:	d008      	beq.n	10005634 <usbd_control_xfer_cb+0x100>
10005622:	461a      	mov	r2, r3
10005624:	4806      	ldr	r0, [pc, #24]	; (10005640 <usbd_control_xfer_cb+0x10c>)
10005626:	9301      	str	r3, [sp, #4]
10005628:	f002 f8ae 	bl	10007788 <__memcpy_veneer>
1000562c:	2180      	movs	r1, #128	; 0x80
1000562e:	4a04      	ldr	r2, [pc, #16]	; (10005640 <usbd_control_xfer_cb+0x10c>)
10005630:	9b01      	ldr	r3, [sp, #4]
10005632:	e7d1      	b.n	100055d8 <usbd_control_xfer_cb+0xa4>
10005634:	2180      	movs	r1, #128	; 0x80
10005636:	2200      	movs	r2, #0
10005638:	e7ce      	b.n	100055d8 <usbd_control_xfer_cb+0xa4>
1000563a:	bf00      	nop
1000563c:	20001f90 	.word	0x20001f90
10005640:	20001f50 	.word	0x20001f50

10005644 <_prep_out_transaction.isra.0>:
10005644:	e92d 41f0 	stmdb	sp!, {r4, r5, r6, r7, r8, lr}
10005648:	4604      	mov	r4, r0
1000564a:	f7ff f9b7 	bl	100049bc <tud_mounted>
1000564e:	b908      	cbnz	r0, 10005654 <_prep_out_transaction.isra.0+0x10>
10005650:	e8bd 81f0 	ldmia.w	sp!, {r4, r5, r6, r7, r8, pc}
10005654:	f7ff f9ba 	bl	100049cc <tud_suspended>
10005658:	4607      	mov	r7, r0
1000565a:	2800      	cmp	r0, #0
1000565c:	d1f8      	bne.n	10005650 <_prep_out_transaction.isra.0+0xc>
1000565e:	25c8      	movs	r5, #200	; 0xc8
10005660:	4b14      	ldr	r3, [pc, #80]	; (100056b4 <_prep_out_transaction.isra.0+0x70>)
10005662:	fb05 3604 	mla	r6, r5, r4, r3
10005666:	78f2      	ldrb	r2, [r6, #3]
10005668:	2a00      	cmp	r2, #0
1000566a:	d0f1      	beq.n	10005650 <_prep_out_transaction.isra.0+0xc>
1000566c:	fb05 3304 	mla	r3, r5, r4, r3
10005670:	f103 0510 	add.w	r5, r3, #16
10005674:	4628      	mov	r0, r5
10005676:	f000 fbdb 	bl	10005e30 <tu_fifo_remaining>
1000567a:	283f      	cmp	r0, #63	; 0x3f
1000567c:	d9e8      	bls.n	10005650 <_prep_out_transaction.isra.0+0xc>
1000567e:	4638      	mov	r0, r7
10005680:	78f1      	ldrb	r1, [r6, #3]
10005682:	f7ff fe5d 	bl	10005340 <usbd_edpt_claim>
10005686:	2800      	cmp	r0, #0
10005688:	d0e2      	beq.n	10005650 <_prep_out_transaction.isra.0+0xc>
1000568a:	4628      	mov	r0, r5
1000568c:	f000 fbd0 	bl	10005e30 <tu_fifo_remaining>
10005690:	283f      	cmp	r0, #63	; 0x3f
10005692:	d909      	bls.n	100056a8 <_prep_out_transaction.isra.0+0x64>
10005694:	4a08      	ldr	r2, [pc, #32]	; (100056b8 <_prep_out_transaction.isra.0+0x74>)
10005696:	4638      	mov	r0, r7
10005698:	78f1      	ldrb	r1, [r6, #3]
1000569a:	eb02 12c4 	add.w	r2, r2, r4, lsl #7
1000569e:	2340      	movs	r3, #64	; 0x40
100056a0:	e8bd 41f0 	ldmia.w	sp!, {r4, r5, r6, r7, r8, lr}
100056a4:	f7ff be70 	b.w	10005388 <usbd_edpt_xfer>
100056a8:	4638      	mov	r0, r7
100056aa:	78f1      	ldrb	r1, [r6, #3]
100056ac:	e8bd 41f0 	ldmia.w	sp!, {r4, r5, r6, r7, r8, lr}
100056b0:	f7ff be58 	b.w	10005364 <usbd_edpt_release>
100056b4:	20001e88 	.word	0x20001e88
100056b8:	20001e04 	.word	0x20001e04

100056bc <tud_cdc_n_connected>:
100056bc:	b510      	push	{r4, lr}
100056be:	4604      	mov	r4, r0
100056c0:	f7ff f97c 	bl	100049bc <tud_mounted>
100056c4:	b908      	cbnz	r0, 100056ca <tud_cdc_n_connected+0xe>
100056c6:	2000      	movs	r0, #0
100056c8:	bd10      	pop	{r4, pc}
100056ca:	f7ff f97f 	bl	100049cc <tud_suspended>
100056ce:	2800      	cmp	r0, #0
100056d0:	d1f9      	bne.n	100056c6 <tud_cdc_n_connected+0xa>
100056d2:	23c8      	movs	r3, #200	; 0xc8
100056d4:	4803      	ldr	r0, [pc, #12]	; (100056e4 <tud_cdc_n_connected+0x28>)
100056d6:	fb03 0004 	mla	r0, r3, r4, r0
100056da:	7900      	ldrb	r0, [r0, #4]
100056dc:	f000 0001 	and.w	r0, r0, #1
100056e0:	bd10      	pop	{r4, pc}
100056e2:	bf00      	nop
100056e4:	20001e88 	.word	0x20001e88

100056e8 <tud_cdc_n_available>:
100056e8:	22c8      	movs	r2, #200	; 0xc8
100056ea:	b508      	push	{r3, lr}
100056ec:	4b03      	ldr	r3, [pc, #12]	; (100056fc <tud_cdc_n_available+0x14>)
100056ee:	fb02 3000 	mla	r0, r2, r0, r3
100056f2:	3010      	adds	r0, #16
100056f4:	f000 fb82 	bl	10005dfc <tu_fifo_count>
100056f8:	bd08      	pop	{r3, pc}
100056fa:	bf00      	nop
100056fc:	20001e88 	.word	0x20001e88

10005700 <tud_cdc_n_read>:
10005700:	e92d 43f8 	stmdb	sp!, {r3, r4, r5, r6, r7, r8, r9, lr}
10005704:	f64f 74fe 	movw	r4, #65534	; 0xfffe
10005708:	f64f 73ff 	movw	r3, #65535	; 0xffff
1000570c:	f04f 08c8 	mov.w	r8, #200	; 0xc8
10005710:	42a2      	cmp	r2, r4
10005712:	bf98      	it	ls
10005714:	4613      	movls	r3, r2
10005716:	4e1c      	ldr	r6, [pc, #112]	; (10005788 <tud_cdc_n_read+0x88>)
10005718:	4604      	mov	r4, r0
1000571a:	fb08 6500 	mla	r5, r8, r0, r6
1000571e:	3510      	adds	r5, #16
10005720:	4628      	mov	r0, r5
10005722:	b29a      	uxth	r2, r3
10005724:	f000 fbe0 	bl	10005ee8 <tu_fifo_read_n>
10005728:	4607      	mov	r7, r0
1000572a:	f7ff f947 	bl	100049bc <tud_mounted>
1000572e:	b910      	cbnz	r0, 10005736 <tud_cdc_n_read+0x36>
10005730:	4638      	mov	r0, r7
10005732:	e8bd 83f8 	ldmia.w	sp!, {r3, r4, r5, r6, r7, r8, r9, pc}
10005736:	f7ff f949 	bl	100049cc <tud_suspended>
1000573a:	4681      	mov	r9, r0
1000573c:	2800      	cmp	r0, #0
1000573e:	d1f7      	bne.n	10005730 <tud_cdc_n_read+0x30>
10005740:	fb08 6604 	mla	r6, r8, r4, r6
10005744:	78f3      	ldrb	r3, [r6, #3]
10005746:	2b00      	cmp	r3, #0
10005748:	d0f2      	beq.n	10005730 <tud_cdc_n_read+0x30>
1000574a:	4628      	mov	r0, r5
1000574c:	f000 fb70 	bl	10005e30 <tu_fifo_remaining>
10005750:	283f      	cmp	r0, #63	; 0x3f
10005752:	d9ed      	bls.n	10005730 <tud_cdc_n_read+0x30>
10005754:	4648      	mov	r0, r9
10005756:	78f1      	ldrb	r1, [r6, #3]
10005758:	f7ff fdf2 	bl	10005340 <usbd_edpt_claim>
1000575c:	2800      	cmp	r0, #0
1000575e:	d0e7      	beq.n	10005730 <tud_cdc_n_read+0x30>
10005760:	4628      	mov	r0, r5
10005762:	f000 fb65 	bl	10005e30 <tu_fifo_remaining>
10005766:	283f      	cmp	r0, #63	; 0x3f
10005768:	d908      	bls.n	1000577c <tud_cdc_n_read+0x7c>
1000576a:	4a08      	ldr	r2, [pc, #32]	; (1000578c <tud_cdc_n_read+0x8c>)
1000576c:	4648      	mov	r0, r9
1000576e:	2340      	movs	r3, #64	; 0x40
10005770:	78f1      	ldrb	r1, [r6, #3]
10005772:	eb02 12c4 	add.w	r2, r2, r4, lsl #7
10005776:	f7ff fe07 	bl	10005388 <usbd_edpt_xfer>
1000577a:	e7d9      	b.n	10005730 <tud_cdc_n_read+0x30>
1000577c:	4648      	mov	r0, r9
1000577e:	78f1      	ldrb	r1, [r6, #3]
10005780:	f7ff fdf0 	bl	10005364 <usbd_edpt_release>
10005784:	e7d4      	b.n	10005730 <tud_cdc_n_read+0x30>
10005786:	bf00      	nop
10005788:	20001e88 	.word	0x20001e88
1000578c:	20001e04 	.word	0x20001e04

10005790 <tud_cdc_n_write_flush>:
10005790:	e92d 41f0 	stmdb	sp!, {r4, r5, r6, r7, r8, lr}
10005794:	4605      	mov	r5, r0
10005796:	f7ff f911 	bl	100049bc <tud_mounted>
1000579a:	b910      	cbnz	r0, 100057a2 <tud_cdc_n_write_flush+0x12>
1000579c:	2000      	movs	r0, #0
1000579e:	e8bd 81f0 	ldmia.w	sp!, {r4, r5, r6, r7, r8, pc}
100057a2:	f7ff f913 	bl	100049cc <tud_suspended>
100057a6:	4607      	mov	r7, r0
100057a8:	2800      	cmp	r0, #0
100057aa:	d1f7      	bne.n	1000579c <tud_cdc_n_write_flush+0xc>
100057ac:	f04f 08c8 	mov.w	r8, #200	; 0xc8
100057b0:	4e17      	ldr	r6, [pc, #92]	; (10005810 <tud_cdc_n_write_flush+0x80>)
100057b2:	fb08 6405 	mla	r4, r8, r5, r6
100057b6:	3424      	adds	r4, #36	; 0x24
100057b8:	4620      	mov	r0, r4
100057ba:	f000 fb1f 	bl	10005dfc <tu_fifo_count>
100057be:	2800      	cmp	r0, #0
100057c0:	d0ec      	beq.n	1000579c <tud_cdc_n_write_flush+0xc>
100057c2:	fb08 6605 	mla	r6, r8, r5, r6
100057c6:	4638      	mov	r0, r7
100057c8:	78b1      	ldrb	r1, [r6, #2]
100057ca:	f7ff fdb9 	bl	10005340 <usbd_edpt_claim>
100057ce:	2800      	cmp	r0, #0
100057d0:	d0e4      	beq.n	1000579c <tud_cdc_n_write_flush+0xc>
100057d2:	2240      	movs	r2, #64	; 0x40
100057d4:	490f      	ldr	r1, [pc, #60]	; (10005814 <tud_cdc_n_write_flush+0x84>)
100057d6:	eb02 15c5 	add.w	r5, r2, r5, lsl #7
100057da:	440d      	add	r5, r1
100057dc:	4620      	mov	r0, r4
100057de:	4629      	mov	r1, r5
100057e0:	f000 fb82 	bl	10005ee8 <tu_fifo_read_n>
100057e4:	4604      	mov	r4, r0
100057e6:	b170      	cbz	r0, 10005806 <tud_cdc_n_write_flush+0x76>
100057e8:	4603      	mov	r3, r0
100057ea:	462a      	mov	r2, r5
100057ec:	4638      	mov	r0, r7
100057ee:	78b1      	ldrb	r1, [r6, #2]
100057f0:	f7ff fdca 	bl	10005388 <usbd_edpt_xfer>
100057f4:	b950      	cbnz	r0, 1000580c <tud_cdc_n_write_flush+0x7c>
100057f6:	f04f 23e0 	mov.w	r3, #3758153728	; 0xe000e000
100057fa:	f8d3 3df0 	ldr.w	r3, [r3, #3568]	; 0xdf0
100057fe:	07db      	lsls	r3, r3, #31
10005800:	d5cc      	bpl.n	1000579c <tud_cdc_n_write_flush+0xc>
10005802:	be00      	bkpt	0x0000
10005804:	e7cb      	b.n	1000579e <tud_cdc_n_write_flush+0xe>
10005806:	78b1      	ldrb	r1, [r6, #2]
10005808:	f7ff fdac 	bl	10005364 <usbd_edpt_release>
1000580c:	4620      	mov	r0, r4
1000580e:	e7c6      	b.n	1000579e <tud_cdc_n_write_flush+0xe>
10005810:	20001e88 	.word	0x20001e88
10005814:	20001e04 	.word	0x20001e04

10005818 <tud_cdc_n_write>:
10005818:	b538      	push	{r3, r4, r5, lr}
1000581a:	f64f 75fe 	movw	r5, #65534	; 0xfffe
1000581e:	f64f 73ff 	movw	r3, #65535	; 0xffff
10005822:	f04f 0cc8 	mov.w	ip, #200	; 0xc8
10005826:	42aa      	cmp	r2, r5
10005828:	bf98      	it	ls
1000582a:	4613      	movls	r3, r2
1000582c:	4c0b      	ldr	r4, [pc, #44]	; (1000585c <tud_cdc_n_write+0x44>)
1000582e:	b29a      	uxth	r2, r3
10005830:	fb0c 4400 	mla	r4, ip, r0, r4
10005834:	3424      	adds	r4, #36	; 0x24
10005836:	4605      	mov	r5, r0
10005838:	4620      	mov	r0, r4
1000583a:	f000 fc01 	bl	10006040 <tu_fifo_write_n>
1000583e:	4603      	mov	r3, r0
10005840:	4620      	mov	r0, r4
10005842:	461c      	mov	r4, r3
10005844:	f000 fada 	bl	10005dfc <tu_fifo_count>
10005848:	283f      	cmp	r0, #63	; 0x3f
1000584a:	d801      	bhi.n	10005850 <tud_cdc_n_write+0x38>
1000584c:	4620      	mov	r0, r4
1000584e:	bd38      	pop	{r3, r4, r5, pc}
10005850:	4628      	mov	r0, r5
10005852:	f7ff ff9d 	bl	10005790 <tud_cdc_n_write_flush>
10005856:	4620      	mov	r0, r4
10005858:	bd38      	pop	{r3, r4, r5, pc}
1000585a:	bf00      	nop
1000585c:	20001e88 	.word	0x20001e88

10005860 <tud_cdc_n_write_available>:
10005860:	22c8      	movs	r2, #200	; 0xc8
10005862:	b508      	push	{r3, lr}
10005864:	4b03      	ldr	r3, [pc, #12]	; (10005874 <tud_cdc_n_write_available+0x14>)
10005866:	fb02 3000 	mla	r0, r2, r0, r3
1000586a:	3024      	adds	r0, #36	; 0x24
1000586c:	f000 fae0 	bl	10005e30 <tu_fifo_remaining>
10005870:	bd08      	pop	{r3, pc}
10005872:	bf00      	nop
10005874:	20001e88 	.word	0x20001e88

10005878 <cdcd_init>:
10005878:	b5f0      	push	{r4, r5, r6, r7, lr}
1000587a:	2500      	movs	r5, #0
1000587c:	4c18      	ldr	r4, [pc, #96]	; (100058e0 <cdcd_init+0x68>)
1000587e:	b083      	sub	sp, #12
10005880:	4629      	mov	r1, r5
10005882:	22c8      	movs	r2, #200	; 0xc8
10005884:	4620      	mov	r0, r4
10005886:	f001 ff57 	bl	10007738 <__memset_veneer>
1000588a:	23ff      	movs	r3, #255	; 0xff
1000588c:	f44f 31e1 	mov.w	r1, #115200	; 0x1c200
10005890:	2208      	movs	r2, #8
10005892:	4814      	ldr	r0, [pc, #80]	; (100058e4 <cdcd_init+0x6c>)
10005894:	7163      	strb	r3, [r4, #5]
10005896:	7005      	strb	r5, [r0, #0]
10005898:	60a1      	str	r1, [r4, #8]
1000589a:	73a2      	strb	r2, [r4, #14]
1000589c:	f104 0138 	add.w	r1, r4, #56	; 0x38
100058a0:	2301      	movs	r3, #1
100058a2:	2240      	movs	r2, #64	; 0x40
100058a4:	9500      	str	r5, [sp, #0]
100058a6:	f104 0010 	add.w	r0, r4, #16
100058aa:	f000 fa75 	bl	10005d98 <tu_fifo_config>
100058ae:	2301      	movs	r3, #1
100058b0:	2240      	movs	r2, #64	; 0x40
100058b2:	f104 0178 	add.w	r1, r4, #120	; 0x78
100058b6:	9300      	str	r3, [sp, #0]
100058b8:	f104 07b8 	add.w	r7, r4, #184	; 0xb8
100058bc:	f104 0024 	add.w	r0, r4, #36	; 0x24
100058c0:	f000 fa6a 	bl	10005d98 <tu_fifo_config>
100058c4:	f104 06c0 	add.w	r6, r4, #192	; 0xc0
100058c8:	4638      	mov	r0, r7
100058ca:	f7fb fddd 	bl	10001488 <mutex_init>
100058ce:	4630      	mov	r0, r6
100058d0:	f7fb fdda 	bl	10001488 <mutex_init>
100058d4:	e9c4 5707 	strd	r5, r7, [r4, #28]
100058d8:	e9c4 650c 	strd	r6, r5, [r4, #48]	; 0x30
100058dc:	b003      	add	sp, #12
100058de:	bdf0      	pop	{r4, r5, r6, r7, pc}
100058e0:	20001e88 	.word	0x20001e88
100058e4:	20001e84 	.word	0x20001e84

100058e8 <cdcd_deinit>:
100058e8:	4b06      	ldr	r3, [pc, #24]	; (10005904 <cdcd_deinit+0x1c>)
100058ea:	6a1a      	ldr	r2, [r3, #32]
100058ec:	6b19      	ldr	r1, [r3, #48]	; 0x30
100058ee:	b112      	cbz	r2, 100058f6 <cdcd_deinit+0xe>
100058f0:	2200      	movs	r2, #0
100058f2:	e9c3 2207 	strd	r2, r2, [r3, #28]
100058f6:	b111      	cbz	r1, 100058fe <cdcd_deinit+0x16>
100058f8:	2200      	movs	r2, #0
100058fa:	e9c3 220c 	strd	r2, r2, [r3, #48]	; 0x30
100058fe:	2001      	movs	r0, #1
10005900:	4770      	bx	lr
10005902:	bf00      	nop
10005904:	20001e88 	.word	0x20001e88

10005908 <cdcd_reset>:
10005908:	2200      	movs	r2, #0
1000590a:	b510      	push	{r4, lr}
1000590c:	4c0e      	ldr	r4, [pc, #56]	; (10005948 <cdcd_reset+0x40>)
1000590e:	480f      	ldr	r0, [pc, #60]	; (1000594c <cdcd_reset+0x44>)
10005910:	7823      	ldrb	r3, [r4, #0]
10005912:	6002      	str	r2, [r0, #0]
10005914:	7102      	strb	r2, [r0, #4]
10005916:	07da      	lsls	r2, r3, #31
10005918:	d507      	bpl.n	1000592a <cdcd_reset+0x22>
1000591a:	079b      	lsls	r3, r3, #30
1000591c:	d50b      	bpl.n	10005936 <cdcd_reset+0x2e>
1000591e:	e8bd 4010 	ldmia.w	sp!, {r4, lr}
10005922:	2101      	movs	r1, #1
10005924:	480a      	ldr	r0, [pc, #40]	; (10005950 <cdcd_reset+0x48>)
10005926:	f000 bc55 	b.w	100061d4 <tu_fifo_set_overwritable>
1000592a:	3010      	adds	r0, #16
1000592c:	f000 fc36 	bl	1000619c <tu_fifo_clear>
10005930:	7823      	ldrb	r3, [r4, #0]
10005932:	079b      	lsls	r3, r3, #30
10005934:	d4f3      	bmi.n	1000591e <cdcd_reset+0x16>
10005936:	4806      	ldr	r0, [pc, #24]	; (10005950 <cdcd_reset+0x48>)
10005938:	f000 fc30 	bl	1000619c <tu_fifo_clear>
1000593c:	e8bd 4010 	ldmia.w	sp!, {r4, lr}
10005940:	2101      	movs	r1, #1
10005942:	4803      	ldr	r0, [pc, #12]	; (10005950 <cdcd_reset+0x48>)
10005944:	f000 bc46 	b.w	100061d4 <tu_fifo_set_overwritable>
10005948:	20001e84 	.word	0x20001e84
1000594c:	20001e88 	.word	0x20001e88
10005950:	20001eac 	.word	0x20001eac

10005954 <cdcd_open>:
10005954:	b5f0      	push	{r4, r5, r6, r7, lr}
10005956:	794b      	ldrb	r3, [r1, #5]
10005958:	b083      	sub	sp, #12
1000595a:	2b02      	cmp	r3, #2
1000595c:	d102      	bne.n	10005964 <cdcd_open+0x10>
1000595e:	798b      	ldrb	r3, [r1, #6]
10005960:	2b02      	cmp	r3, #2
10005962:	d003      	beq.n	1000596c <cdcd_open+0x18>
10005964:	2500      	movs	r5, #0
10005966:	4628      	mov	r0, r5
10005968:	b003      	add	sp, #12
1000596a:	bdf0      	pop	{r4, r5, r6, r7, pc}
1000596c:	4f26      	ldr	r7, [pc, #152]	; (10005a08 <cdcd_open+0xb4>)
1000596e:	78bb      	ldrb	r3, [r7, #2]
10005970:	b13b      	cbz	r3, 10005982 <cdcd_open+0x2e>
10005972:	f04f 23e0 	mov.w	r3, #3758153728	; 0xe000e000
10005976:	f8d3 3df0 	ldr.w	r3, [r3, #3568]	; 0xdf0
1000597a:	07db      	lsls	r3, r3, #31
1000597c:	d5f2      	bpl.n	10005964 <cdcd_open+0x10>
1000597e:	be00      	bkpt	0x0000
10005980:	e7f0      	b.n	10005964 <cdcd_open+0x10>
10005982:	788b      	ldrb	r3, [r1, #2]
10005984:	4606      	mov	r6, r0
10005986:	703b      	strb	r3, [r7, #0]
10005988:	780c      	ldrb	r4, [r1, #0]
1000598a:	2509      	movs	r5, #9
1000598c:	440c      	add	r4, r1
1000598e:	7861      	ldrb	r1, [r4, #1]
10005990:	2924      	cmp	r1, #36	; 0x24
10005992:	d10b      	bne.n	100059ac <cdcd_open+0x58>
10005994:	2a08      	cmp	r2, #8
10005996:	d802      	bhi.n	1000599e <cdcd_open+0x4a>
10005998:	e00f      	b.n	100059ba <cdcd_open+0x66>
1000599a:	42aa      	cmp	r2, r5
1000599c:	d30d      	bcc.n	100059ba <cdcd_open+0x66>
1000599e:	7823      	ldrb	r3, [r4, #0]
100059a0:	441c      	add	r4, r3
100059a2:	7861      	ldrb	r1, [r4, #1]
100059a4:	442b      	add	r3, r5
100059a6:	2924      	cmp	r1, #36	; 0x24
100059a8:	b29d      	uxth	r5, r3
100059aa:	d0f6      	beq.n	1000599a <cdcd_open+0x46>
100059ac:	2905      	cmp	r1, #5
100059ae:	d00a      	beq.n	100059c6 <cdcd_open+0x72>
100059b0:	2904      	cmp	r1, #4
100059b2:	d102      	bne.n	100059ba <cdcd_open+0x66>
100059b4:	7963      	ldrb	r3, [r4, #5]
100059b6:	2b0a      	cmp	r3, #10
100059b8:	d013      	beq.n	100059e2 <cdcd_open+0x8e>
100059ba:	2000      	movs	r0, #0
100059bc:	f7ff fe42 	bl	10005644 <_prep_out_transaction.isra.0>
100059c0:	4628      	mov	r0, r5
100059c2:	b003      	add	sp, #12
100059c4:	bdf0      	pop	{r4, r5, r6, r7, pc}
100059c6:	4621      	mov	r1, r4
100059c8:	4630      	mov	r0, r6
100059ca:	f7ff fc97 	bl	100052fc <usbd_edpt_open>
100059ce:	2800      	cmp	r0, #0
100059d0:	d0cf      	beq.n	10005972 <cdcd_open+0x1e>
100059d2:	78a3      	ldrb	r3, [r4, #2]
100059d4:	707b      	strb	r3, [r7, #1]
100059d6:	7823      	ldrb	r3, [r4, #0]
100059d8:	441c      	add	r4, r3
100059da:	442b      	add	r3, r5
100059dc:	7861      	ldrb	r1, [r4, #1]
100059de:	b29d      	uxth	r5, r3
100059e0:	e7e6      	b.n	100059b0 <cdcd_open+0x5c>
100059e2:	4b0a      	ldr	r3, [pc, #40]	; (10005a0c <cdcd_open+0xb8>)
100059e4:	7827      	ldrb	r7, [r4, #0]
100059e6:	9301      	str	r3, [sp, #4]
100059e8:	3301      	adds	r3, #1
100059ea:	9300      	str	r3, [sp, #0]
100059ec:	2302      	movs	r3, #2
100059ee:	4630      	mov	r0, r6
100059f0:	461a      	mov	r2, r3
100059f2:	19e1      	adds	r1, r4, r7
100059f4:	f7ff fc34 	bl	10005260 <usbd_open_edpt_pair>
100059f8:	2800      	cmp	r0, #0
100059fa:	d0ba      	beq.n	10005972 <cdcd_open+0x1e>
100059fc:	f105 030e 	add.w	r3, r5, #14
10005a00:	fa17 f383 	uxtah	r3, r7, r3
10005a04:	b29d      	uxth	r5, r3
10005a06:	e7d8      	b.n	100059ba <cdcd_open+0x66>
10005a08:	20001e88 	.word	0x20001e88
10005a0c:	20001e8a 	.word	0x20001e8a

10005a10 <cdcd_control_xfer_cb>:
10005a10:	7813      	ldrb	r3, [r2, #0]
10005a12:	f003 0360 	and.w	r3, r3, #96	; 0x60
10005a16:	2b20      	cmp	r3, #32
10005a18:	d108      	bne.n	10005a2c <cdcd_control_xfer_cb+0x1c>
10005a1a:	b570      	push	{r4, r5, r6, lr}
10005a1c:	4c28      	ldr	r4, [pc, #160]	; (10005ac0 <cdcd_control_xfer_cb+0xb0>)
10005a1e:	8893      	ldrh	r3, [r2, #4]
10005a20:	f894 c000 	ldrb.w	ip, [r4]
10005a24:	459c      	cmp	ip, r3
10005a26:	d003      	beq.n	10005a30 <cdcd_control_xfer_cb+0x20>
10005a28:	2000      	movs	r0, #0
10005a2a:	bd70      	pop	{r4, r5, r6, pc}
10005a2c:	2000      	movs	r0, #0
10005a2e:	4770      	bx	lr
10005a30:	7853      	ldrb	r3, [r2, #1]
10005a32:	3b20      	subs	r3, #32
10005a34:	2b03      	cmp	r3, #3
10005a36:	d8f7      	bhi.n	10005a28 <cdcd_control_xfer_cb+0x18>
10005a38:	e8df f003 	tbb	[pc, r3]
10005a3c:	020d2428 	.word	0x020d2428
10005a40:	2901      	cmp	r1, #1
10005a42:	d030      	beq.n	10005aa6 <cdcd_control_xfer_cb+0x96>
10005a44:	2903      	cmp	r1, #3
10005a46:	d11f      	bne.n	10005a88 <cdcd_control_xfer_cb+0x78>
10005a48:	4b1e      	ldr	r3, [pc, #120]	; (10005ac4 <cdcd_control_xfer_cb+0xb4>)
10005a4a:	b1eb      	cbz	r3, 10005a88 <cdcd_control_xfer_cb+0x78>
10005a4c:	2000      	movs	r0, #0
10005a4e:	8851      	ldrh	r1, [r2, #2]
10005a50:	f3af 8000 	nop.w
10005a54:	e018      	b.n	10005a88 <cdcd_control_xfer_cb+0x78>
10005a56:	2901      	cmp	r1, #1
10005a58:	d025      	beq.n	10005aa6 <cdcd_control_xfer_cb+0x96>
10005a5a:	2903      	cmp	r1, #3
10005a5c:	d114      	bne.n	10005a88 <cdcd_control_xfer_cb+0x78>
10005a5e:	8855      	ldrh	r5, [r2, #2]
10005a60:	4819      	ldr	r0, [pc, #100]	; (10005ac8 <cdcd_control_xfer_cb+0xb8>)
10005a62:	f005 0601 	and.w	r6, r5, #1
10005a66:	f086 0101 	eor.w	r1, r6, #1
10005a6a:	7125      	strb	r5, [r4, #4]
10005a6c:	f000 fbb2 	bl	100061d4 <tu_fifo_set_overwritable>
10005a70:	4b16      	ldr	r3, [pc, #88]	; (10005acc <cdcd_control_xfer_cb+0xbc>)
10005a72:	b14b      	cbz	r3, 10005a88 <cdcd_control_xfer_cb+0x78>
10005a74:	4631      	mov	r1, r6
10005a76:	2000      	movs	r0, #0
10005a78:	f3c5 0240 	ubfx	r2, r5, #1, #1
10005a7c:	f3af 8000 	nop.w
10005a80:	2001      	movs	r0, #1
10005a82:	bd70      	pop	{r4, r5, r6, pc}
10005a84:	2901      	cmp	r1, #1
10005a86:	d013      	beq.n	10005ab0 <cdcd_control_xfer_cb+0xa0>
10005a88:	2001      	movs	r0, #1
10005a8a:	bd70      	pop	{r4, r5, r6, pc}
10005a8c:	2901      	cmp	r1, #1
10005a8e:	d00f      	beq.n	10005ab0 <cdcd_control_xfer_cb+0xa0>
10005a90:	2903      	cmp	r1, #3
10005a92:	d1f9      	bne.n	10005a88 <cdcd_control_xfer_cb+0x78>
10005a94:	4b0e      	ldr	r3, [pc, #56]	; (10005ad0 <cdcd_control_xfer_cb+0xc0>)
10005a96:	2b00      	cmp	r3, #0
10005a98:	d0f6      	beq.n	10005a88 <cdcd_control_xfer_cb+0x78>
10005a9a:	2000      	movs	r0, #0
10005a9c:	490d      	ldr	r1, [pc, #52]	; (10005ad4 <cdcd_control_xfer_cb+0xc4>)
10005a9e:	f7fe fdad 	bl	100045fc <tud_cdc_line_coding_cb>
10005aa2:	2001      	movs	r0, #1
10005aa4:	bd70      	pop	{r4, r5, r6, pc}
10005aa6:	4611      	mov	r1, r2
10005aa8:	f7ff fca6 	bl	100053f8 <tud_control_status>
10005aac:	2001      	movs	r0, #1
10005aae:	bd70      	pop	{r4, r5, r6, pc}
10005ab0:	4611      	mov	r1, r2
10005ab2:	2307      	movs	r3, #7
10005ab4:	4a07      	ldr	r2, [pc, #28]	; (10005ad4 <cdcd_control_xfer_cb+0xc4>)
10005ab6:	f7ff fcb9 	bl	1000542c <tud_control_xfer>
10005aba:	2001      	movs	r0, #1
10005abc:	bd70      	pop	{r4, r5, r6, pc}
10005abe:	bf00      	nop
10005ac0:	20001e88 	.word	0x20001e88
10005ac4:	00000000 	.word	0x00000000
10005ac8:	20001eac 	.word	0x20001eac
10005acc:	00000000 	.word	0x00000000
10005ad0:	100045fd 	.word	0x100045fd
10005ad4:	20001e90 	.word	0x20001e90

10005ad8 <cdcd_xfer_cb>:
10005ad8:	e92d 47f0 	stmdb	sp!, {r4, r5, r6, r7, r8, r9, sl, lr}
10005adc:	4d37      	ldr	r5, [pc, #220]	; (10005bbc <cdcd_xfer_cb+0xe4>)
10005ade:	460c      	mov	r4, r1
10005ae0:	78ea      	ldrb	r2, [r5, #3]
10005ae2:	4607      	mov	r7, r0
10005ae4:	428a      	cmp	r2, r1
10005ae6:	461e      	mov	r6, r3
10005ae8:	d155      	bne.n	10005b96 <cdcd_xfer_cb+0xbe>
10005aea:	f8df 80e8 	ldr.w	r8, [pc, #232]	; 10005bd4 <cdcd_xfer_cb+0xfc>
10005aee:	b29a      	uxth	r2, r3
10005af0:	4641      	mov	r1, r8
10005af2:	f105 0010 	add.w	r0, r5, #16
10005af6:	f000 faa3 	bl	10006040 <tu_fifo_write_n>
10005afa:	4b31      	ldr	r3, [pc, #196]	; (10005bc0 <cdcd_xfer_cb+0xe8>)
10005afc:	b1c3      	cbz	r3, 10005b30 <cdcd_xfer_cb+0x58>
10005afe:	796b      	ldrb	r3, [r5, #5]
10005b00:	2bff      	cmp	r3, #255	; 0xff
10005b02:	d015      	beq.n	10005b30 <cdcd_xfer_cb+0x58>
10005b04:	b1a6      	cbz	r6, 10005b30 <cdcd_xfer_cb+0x58>
10005b06:	f105 0910 	add.w	r9, r5, #16
10005b0a:	eb08 0a06 	add.w	sl, r8, r6
10005b0e:	e002      	b.n	10005b16 <cdcd_xfer_cb+0x3e>
10005b10:	45d0      	cmp	r8, sl
10005b12:	d00d      	beq.n	10005b30 <cdcd_xfer_cb+0x58>
10005b14:	796b      	ldrb	r3, [r5, #5]
10005b16:	f818 2b01 	ldrb.w	r2, [r8], #1
10005b1a:	429a      	cmp	r2, r3
10005b1c:	d1f8      	bne.n	10005b10 <cdcd_xfer_cb+0x38>
10005b1e:	4648      	mov	r0, r9
10005b20:	f000 f97c 	bl	10005e1c <tu_fifo_empty>
10005b24:	2800      	cmp	r0, #0
10005b26:	d1f3      	bne.n	10005b10 <cdcd_xfer_cb+0x38>
10005b28:	7969      	ldrb	r1, [r5, #5]
10005b2a:	f3af 8000 	nop.w
10005b2e:	e7ef      	b.n	10005b10 <cdcd_xfer_cb+0x38>
10005b30:	4b24      	ldr	r3, [pc, #144]	; (10005bc4 <cdcd_xfer_cb+0xec>)
10005b32:	b123      	cbz	r3, 10005b3e <cdcd_xfer_cb+0x66>
10005b34:	4824      	ldr	r0, [pc, #144]	; (10005bc8 <cdcd_xfer_cb+0xf0>)
10005b36:	f000 f971 	bl	10005e1c <tu_fifo_empty>
10005b3a:	2800      	cmp	r0, #0
10005b3c:	d03a      	beq.n	10005bb4 <cdcd_xfer_cb+0xdc>
10005b3e:	2000      	movs	r0, #0
10005b40:	f7ff fd80 	bl	10005644 <_prep_out_transaction.isra.0>
10005b44:	78ab      	ldrb	r3, [r5, #2]
10005b46:	42a3      	cmp	r3, r4
10005b48:	d003      	beq.n	10005b52 <cdcd_xfer_cb+0x7a>
10005b4a:	2401      	movs	r4, #1
10005b4c:	4620      	mov	r0, r4
10005b4e:	e8bd 87f0 	ldmia.w	sp!, {r4, r5, r6, r7, r8, r9, sl, pc}
10005b52:	4b1e      	ldr	r3, [pc, #120]	; (10005bcc <cdcd_xfer_cb+0xf4>)
10005b54:	b113      	cbz	r3, 10005b5c <cdcd_xfer_cb+0x84>
10005b56:	2000      	movs	r0, #0
10005b58:	f3af 8000 	nop.w
10005b5c:	2000      	movs	r0, #0
10005b5e:	f7ff fe17 	bl	10005790 <tud_cdc_n_write_flush>
10005b62:	2800      	cmp	r0, #0
10005b64:	d1f1      	bne.n	10005b4a <cdcd_xfer_cb+0x72>
10005b66:	481a      	ldr	r0, [pc, #104]	; (10005bd0 <cdcd_xfer_cb+0xf8>)
10005b68:	f000 f948 	bl	10005dfc <tu_fifo_count>
10005b6c:	2800      	cmp	r0, #0
10005b6e:	d1ec      	bne.n	10005b4a <cdcd_xfer_cb+0x72>
10005b70:	2e00      	cmp	r6, #0
10005b72:	d0ea      	beq.n	10005b4a <cdcd_xfer_cb+0x72>
10005b74:	f016 063f 	ands.w	r6, r6, #63	; 0x3f
10005b78:	d1e7      	bne.n	10005b4a <cdcd_xfer_cb+0x72>
10005b7a:	4638      	mov	r0, r7
10005b7c:	78a9      	ldrb	r1, [r5, #2]
10005b7e:	f7ff fbdf 	bl	10005340 <usbd_edpt_claim>
10005b82:	4604      	mov	r4, r0
10005b84:	2800      	cmp	r0, #0
10005b86:	d0e0      	beq.n	10005b4a <cdcd_xfer_cb+0x72>
10005b88:	4633      	mov	r3, r6
10005b8a:	4632      	mov	r2, r6
10005b8c:	4638      	mov	r0, r7
10005b8e:	78a9      	ldrb	r1, [r5, #2]
10005b90:	f7ff fbfa 	bl	10005388 <usbd_edpt_xfer>
10005b94:	e7da      	b.n	10005b4c <cdcd_xfer_cb+0x74>
10005b96:	78ab      	ldrb	r3, [r5, #2]
10005b98:	428b      	cmp	r3, r1
10005b9a:	d0da      	beq.n	10005b52 <cdcd_xfer_cb+0x7a>
10005b9c:	f04f 23e0 	mov.w	r3, #3758153728	; 0xe000e000
10005ba0:	f8d3 4df0 	ldr.w	r4, [r3, #3568]	; 0xdf0
10005ba4:	f014 0401 	ands.w	r4, r4, #1
10005ba8:	d0d0      	beq.n	10005b4c <cdcd_xfer_cb+0x74>
10005baa:	be00      	bkpt	0x0000
10005bac:	2400      	movs	r4, #0
10005bae:	4620      	mov	r0, r4
10005bb0:	e8bd 87f0 	ldmia.w	sp!, {r4, r5, r6, r7, r8, r9, sl, pc}
10005bb4:	f3af 8000 	nop.w
10005bb8:	e7c1      	b.n	10005b3e <cdcd_xfer_cb+0x66>
10005bba:	bf00      	nop
10005bbc:	20001e88 	.word	0x20001e88
	...
10005bc8:	20001e98 	.word	0x20001e98
10005bcc:	00000000 	.word	0x00000000
10005bd0:	20001eac 	.word	0x20001eac
10005bd4:	20001e04 	.word	0x20001e04

10005bd8 <tusb_rhport_init>:
10005bd8:	b510      	push	{r4, lr}
10005bda:	b082      	sub	sp, #8
10005bdc:	b1a9      	cbz	r1, 10005c0a <tusb_rhport_init+0x32>
10005bde:	2801      	cmp	r0, #1
10005be0:	d808      	bhi.n	10005bf4 <tusb_rhport_init+0x1c>
10005be2:	780b      	ldrb	r3, [r1, #0]
10005be4:	b133      	cbz	r3, 10005bf4 <tusb_rhport_init+0x1c>
10005be6:	4c18      	ldr	r4, [pc, #96]	; (10005c48 <tusb_rhport_init+0x70>)
10005be8:	2b01      	cmp	r3, #1
10005bea:	5423      	strb	r3, [r4, r0]
10005bec:	d020      	beq.n	10005c30 <tusb_rhport_init+0x58>
10005bee:	2001      	movs	r0, #1
10005bf0:	b002      	add	sp, #8
10005bf2:	bd10      	pop	{r4, pc}
10005bf4:	f04f 23e0 	mov.w	r3, #3758153728	; 0xe000e000
10005bf8:	f8d3 3df0 	ldr.w	r3, [r3, #3568]	; 0xdf0
10005bfc:	07da      	lsls	r2, r3, #31
10005bfe:	d402      	bmi.n	10005c06 <tusb_rhport_init+0x2e>
10005c00:	2000      	movs	r0, #0
10005c02:	b002      	add	sp, #8
10005c04:	bd10      	pop	{r4, pc}
10005c06:	be00      	bkpt	0x0000
10005c08:	e7fa      	b.n	10005c00 <tusb_rhport_init+0x28>
10005c0a:	2401      	movs	r4, #1
10005c0c:	4608      	mov	r0, r1
10005c0e:	a901      	add	r1, sp, #4
10005c10:	f8ad 4004 	strh.w	r4, [sp, #4]
10005c14:	f7fe fee2 	bl	100049dc <tud_rhport_init>
10005c18:	b938      	cbnz	r0, 10005c2a <tusb_rhport_init+0x52>
10005c1a:	f04f 23e0 	mov.w	r3, #3758153728	; 0xe000e000
10005c1e:	f8d3 3df0 	ldr.w	r3, [r3, #3568]	; 0xdf0
10005c22:	07d9      	lsls	r1, r3, #31
10005c24:	d5ed      	bpl.n	10005c02 <tusb_rhport_init+0x2a>
10005c26:	be00      	bkpt	0x0000
10005c28:	e7eb      	b.n	10005c02 <tusb_rhport_init+0x2a>
10005c2a:	4b07      	ldr	r3, [pc, #28]	; (10005c48 <tusb_rhport_init+0x70>)
10005c2c:	701c      	strb	r4, [r3, #0]
10005c2e:	e7e8      	b.n	10005c02 <tusb_rhport_init+0x2a>
10005c30:	f7fe fed4 	bl	100049dc <tud_rhport_init>
10005c34:	2800      	cmp	r0, #0
10005c36:	d1da      	bne.n	10005bee <tusb_rhport_init+0x16>
10005c38:	f04f 23e0 	mov.w	r3, #3758153728	; 0xe000e000
10005c3c:	f8d3 3df0 	ldr.w	r3, [r3, #3568]	; 0xdf0
10005c40:	07db      	lsls	r3, r3, #31
10005c42:	d5dd      	bpl.n	10005c00 <tusb_rhport_init+0x28>
10005c44:	e7ef      	b.n	10005c26 <tusb_rhport_init+0x4e>
10005c46:	bf00      	nop
10005c48:	20001fc4 	.word	0x20001fc4

10005c4c <tu_edpt_claim>:
10005c4c:	b5f8      	push	{r3, r4, r5, r6, r7, lr}
10005c4e:	7803      	ldrb	r3, [r0, #0]
10005c50:	f013 0401 	ands.w	r4, r3, #1
10005c54:	d11a      	bne.n	10005c8c <tu_edpt_claim+0x40>
10005c56:	7803      	ldrb	r3, [r0, #0]
10005c58:	4605      	mov	r5, r0
10005c5a:	075a      	lsls	r2, r3, #29
10005c5c:	f3c3 0780 	ubfx	r7, r3, #2, #1
10005c60:	d501      	bpl.n	10005c66 <tu_edpt_claim+0x1a>
10005c62:	4620      	mov	r0, r4
10005c64:	bdf8      	pop	{r3, r4, r5, r6, r7, pc}
10005c66:	460e      	mov	r6, r1
10005c68:	f04f 31ff 	mov.w	r1, #4294967295	; 0xffffffff
10005c6c:	4630      	mov	r0, r6
10005c6e:	f001 fd97 	bl	100077a0 <__mutex_enter_timeout_ms_veneer>
10005c72:	782b      	ldrb	r3, [r5, #0]
10005c74:	f013 0401 	ands.w	r4, r3, #1
10005c78:	d10b      	bne.n	10005c92 <tu_edpt_claim+0x46>
10005c7a:	782b      	ldrb	r3, [r5, #0]
10005c7c:	075b      	lsls	r3, r3, #29
10005c7e:	d409      	bmi.n	10005c94 <tu_edpt_claim+0x48>
10005c80:	782b      	ldrb	r3, [r5, #0]
10005c82:	2401      	movs	r4, #1
10005c84:	f043 0304 	orr.w	r3, r3, #4
10005c88:	702b      	strb	r3, [r5, #0]
10005c8a:	e003      	b.n	10005c94 <tu_edpt_claim+0x48>
10005c8c:	2400      	movs	r4, #0
10005c8e:	4620      	mov	r0, r4
10005c90:	bdf8      	pop	{r3, r4, r5, r6, r7, pc}
10005c92:	463c      	mov	r4, r7
10005c94:	4630      	mov	r0, r6
10005c96:	f001 fd6f 	bl	10007778 <__mutex_exit_veneer>
10005c9a:	4620      	mov	r0, r4
10005c9c:	bdf8      	pop	{r3, r4, r5, r6, r7, pc}
10005c9e:	bf00      	nop

10005ca0 <tu_edpt_release>:
10005ca0:	b570      	push	{r4, r5, r6, lr}
10005ca2:	460d      	mov	r5, r1
10005ca4:	4604      	mov	r4, r0
10005ca6:	f04f 31ff 	mov.w	r1, #4294967295	; 0xffffffff
10005caa:	4628      	mov	r0, r5
10005cac:	f001 fd78 	bl	100077a0 <__mutex_enter_timeout_ms_veneer>
10005cb0:	7823      	ldrb	r3, [r4, #0]
10005cb2:	f3c3 0680 	ubfx	r6, r3, #2, #1
10005cb6:	075b      	lsls	r3, r3, #29
10005cb8:	d508      	bpl.n	10005ccc <tu_edpt_release+0x2c>
10005cba:	7823      	ldrb	r3, [r4, #0]
10005cbc:	f013 0201 	ands.w	r2, r3, #1
10005cc0:	bf11      	iteee	ne
10005cc2:	2600      	movne	r6, #0
10005cc4:	7823      	ldrbeq	r3, [r4, #0]
10005cc6:	f362 0382 	bfieq	r3, r2, #2, #1
10005cca:	7023      	strbeq	r3, [r4, #0]
10005ccc:	4628      	mov	r0, r5
10005cce:	f001 fd53 	bl	10007778 <__mutex_exit_veneer>
10005cd2:	4630      	mov	r0, r6
10005cd4:	bd70      	pop	{r4, r5, r6, pc}
10005cd6:	bf00      	nop

10005cd8 <tu_edpt_validate>:
10005cd8:	78c3      	ldrb	r3, [r0, #3]
10005cda:	8882      	ldrh	r2, [r0, #4]
10005cdc:	f003 0003 	and.w	r0, r3, #3
10005ce0:	2802      	cmp	r0, #2
10005ce2:	f3c2 020a 	ubfx	r2, r2, #0, #11
10005ce6:	d005      	beq.n	10005cf4 <tu_edpt_validate+0x1c>
10005ce8:	2803      	cmp	r0, #3
10005cea:	d01b      	beq.n	10005d24 <tu_edpt_validate+0x4c>
10005cec:	2801      	cmp	r0, #1
10005cee:	d007      	beq.n	10005d00 <tu_edpt_validate+0x28>
10005cf0:	2000      	movs	r0, #0
10005cf2:	4770      	bx	lr
10005cf4:	2902      	cmp	r1, #2
10005cf6:	d01e      	beq.n	10005d36 <tu_edpt_validate+0x5e>
10005cf8:	2a40      	cmp	r2, #64	; 0x40
10005cfa:	d809      	bhi.n	10005d10 <tu_edpt_validate+0x38>
10005cfc:	2001      	movs	r0, #1
10005cfe:	4770      	bx	lr
10005d00:	2902      	cmp	r1, #2
10005d02:	f240 33ff 	movw	r3, #1023	; 0x3ff
10005d06:	bf08      	it	eq
10005d08:	f44f 6380 	moveq.w	r3, #1024	; 0x400
10005d0c:	4293      	cmp	r3, r2
10005d0e:	d2f6      	bcs.n	10005cfe <tu_edpt_validate+0x26>
10005d10:	f04f 23e0 	mov.w	r3, #3758153728	; 0xe000e000
10005d14:	f8d3 0df0 	ldr.w	r0, [r3, #3568]	; 0xdf0
10005d18:	f010 0001 	ands.w	r0, r0, #1
10005d1c:	d0ef      	beq.n	10005cfe <tu_edpt_validate+0x26>
10005d1e:	be00      	bkpt	0x0000
10005d20:	2000      	movs	r0, #0
10005d22:	4770      	bx	lr
10005d24:	2902      	cmp	r1, #2
10005d26:	bf0c      	ite	eq
10005d28:	f44f 6380 	moveq.w	r3, #1024	; 0x400
10005d2c:	2340      	movne	r3, #64	; 0x40
10005d2e:	4293      	cmp	r3, r2
10005d30:	d3ee      	bcc.n	10005d10 <tu_edpt_validate+0x38>
10005d32:	2001      	movs	r0, #1
10005d34:	e7e3      	b.n	10005cfe <tu_edpt_validate+0x26>
10005d36:	f5b2 7f00 	cmp.w	r2, #512	; 0x200
10005d3a:	d0df      	beq.n	10005cfc <tu_edpt_validate+0x24>
10005d3c:	e7e8      	b.n	10005d10 <tu_edpt_validate+0x38>
10005d3e:	bf00      	nop

10005d40 <tu_edpt_bind_driver>:
10005d40:	440a      	add	r2, r1
10005d42:	4291      	cmp	r1, r2
10005d44:	d226      	bcs.n	10005d94 <tu_edpt_bind_driver+0x54>
10005d46:	f891 c001 	ldrb.w	ip, [r1, #1]
10005d4a:	f1bc 0f05 	cmp.w	ip, #5
10005d4e:	d005      	beq.n	10005d5c <tu_edpt_bind_driver+0x1c>
10005d50:	f891 c000 	ldrb.w	ip, [r1]
10005d54:	4461      	add	r1, ip
10005d56:	428a      	cmp	r2, r1
10005d58:	d8f5      	bhi.n	10005d46 <tu_edpt_bind_driver+0x6>
10005d5a:	4770      	bx	lr
10005d5c:	b500      	push	{lr}
10005d5e:	f891 c002 	ldrb.w	ip, [r1, #2]
10005d62:	f00c 0e7f 	and.w	lr, ip, #127	; 0x7f
10005d66:	eb00 0e4e 	add.w	lr, r0, lr, lsl #1
10005d6a:	ea4f 1cdc 	mov.w	ip, ip, lsr #7
10005d6e:	f80e 300c 	strb.w	r3, [lr, ip]
10005d72:	f891 c000 	ldrb.w	ip, [r1]
10005d76:	4461      	add	r1, ip
10005d78:	428a      	cmp	r2, r1
10005d7a:	d909      	bls.n	10005d90 <tu_edpt_bind_driver+0x50>
10005d7c:	f891 c001 	ldrb.w	ip, [r1, #1]
10005d80:	f1bc 0f05 	cmp.w	ip, #5
10005d84:	d0eb      	beq.n	10005d5e <tu_edpt_bind_driver+0x1e>
10005d86:	f891 c000 	ldrb.w	ip, [r1]
10005d8a:	4461      	add	r1, ip
10005d8c:	428a      	cmp	r2, r1
10005d8e:	d8f5      	bhi.n	10005d7c <tu_edpt_bind_driver+0x3c>
10005d90:	f85d fb04 	ldr.w	pc, [sp], #4
10005d94:	4770      	bx	lr
10005d96:	bf00      	nop

10005d98 <tu_fifo_config>:
10005d98:	e92d 41f0 	stmdb	sp!, {r4, r5, r6, r7, r8, lr}
10005d9c:	f5b2 4f00 	cmp.w	r2, #32768	; 0x8000
10005da0:	f89d 8018 	ldrb.w	r8, [sp, #24]
10005da4:	d827      	bhi.n	10005df6 <tu_fifo_config+0x5e>
10005da6:	4604      	mov	r4, r0
10005da8:	68c0      	ldr	r0, [r0, #12]
10005daa:	4617      	mov	r7, r2
10005dac:	460e      	mov	r6, r1
10005dae:	461d      	mov	r5, r3
10005db0:	b118      	cbz	r0, 10005dba <tu_fifo_config+0x22>
10005db2:	f04f 31ff 	mov.w	r1, #4294967295	; 0xffffffff
10005db6:	f001 fcf3 	bl	100077a0 <__mutex_enter_timeout_ms_veneer>
10005dba:	6920      	ldr	r0, [r4, #16]
10005dbc:	b118      	cbz	r0, 10005dc6 <tu_fifo_config+0x2e>
10005dbe:	f04f 31ff 	mov.w	r1, #4294967295	; 0xffffffff
10005dc2:	f001 fced 	bl	100077a0 <__mutex_enter_timeout_ms_veneer>
10005dc6:	2200      	movs	r2, #0
10005dc8:	f3c5 030e 	ubfx	r3, r5, #0, #15
10005dcc:	68e0      	ldr	r0, [r4, #12]
10005dce:	ea43 33c8 	orr.w	r3, r3, r8, lsl #15
10005dd2:	8162      	strh	r2, [r4, #10]
10005dd4:	6026      	str	r6, [r4, #0]
10005dd6:	80a7      	strh	r7, [r4, #4]
10005dd8:	80e3      	strh	r3, [r4, #6]
10005dda:	8122      	strh	r2, [r4, #8]
10005ddc:	b108      	cbz	r0, 10005de2 <tu_fifo_config+0x4a>
10005dde:	f001 fccb 	bl	10007778 <__mutex_exit_veneer>
10005de2:	6920      	ldr	r0, [r4, #16]
10005de4:	b120      	cbz	r0, 10005df0 <tu_fifo_config+0x58>
10005de6:	f001 fcc7 	bl	10007778 <__mutex_exit_veneer>
10005dea:	2001      	movs	r0, #1
10005dec:	e8bd 81f0 	ldmia.w	sp!, {r4, r5, r6, r7, r8, pc}
10005df0:	2001      	movs	r0, #1
10005df2:	e8bd 81f0 	ldmia.w	sp!, {r4, r5, r6, r7, r8, pc}
10005df6:	2000      	movs	r0, #0
10005df8:	e8bd 81f0 	ldmia.w	sp!, {r4, r5, r6, r7, r8, pc}

10005dfc <tu_fifo_count>:
10005dfc:	8903      	ldrh	r3, [r0, #8]
10005dfe:	8942      	ldrh	r2, [r0, #10]
10005e00:	b29b      	uxth	r3, r3
10005e02:	b292      	uxth	r2, r2
10005e04:	8880      	ldrh	r0, [r0, #4]
10005e06:	4293      	cmp	r3, r2
10005e08:	bf36      	itet	cc
10005e0a:	ebc2 0240 	rsbcc	r2, r2, r0, lsl #1
10005e0e:	1a9b      	subcs	r3, r3, r2
10005e10:	189b      	addcc	r3, r3, r2
10005e12:	b29b      	uxth	r3, r3
10005e14:	4298      	cmp	r0, r3
10005e16:	bf28      	it	cs
10005e18:	4618      	movcs	r0, r3
10005e1a:	4770      	bx	lr

10005e1c <tu_fifo_empty>:
10005e1c:	8902      	ldrh	r2, [r0, #8]
10005e1e:	8943      	ldrh	r3, [r0, #10]
10005e20:	b290      	uxth	r0, r2
10005e22:	b29b      	uxth	r3, r3
10005e24:	1ac0      	subs	r0, r0, r3
10005e26:	fab0 f080 	clz	r0, r0
10005e2a:	0940      	lsrs	r0, r0, #5
10005e2c:	4770      	bx	lr
10005e2e:	bf00      	nop

10005e30 <tu_fifo_remaining>:
10005e30:	8903      	ldrh	r3, [r0, #8]
10005e32:	8942      	ldrh	r2, [r0, #10]
10005e34:	b29b      	uxth	r3, r3
10005e36:	8880      	ldrh	r0, [r0, #4]
10005e38:	b292      	uxth	r2, r2
10005e3a:	4293      	cmp	r3, r2
10005e3c:	bf36      	itet	cc
10005e3e:	ebc2 0240 	rsbcc	r2, r2, r0, lsl #1
10005e42:	1a9b      	subcs	r3, r3, r2
10005e44:	189b      	addcc	r3, r3, r2
10005e46:	b29b      	uxth	r3, r3
10005e48:	4298      	cmp	r0, r3
10005e4a:	bf86      	itte	hi
10005e4c:	1ac0      	subhi	r0, r0, r3
10005e4e:	b280      	uxthhi	r0, r0
10005e50:	2000      	movls	r0, #0
10005e52:	4770      	bx	lr

10005e54 <tu_fifo_read>:
10005e54:	b538      	push	{r3, r4, r5, lr}
10005e56:	4604      	mov	r4, r0
10005e58:	6900      	ldr	r0, [r0, #16]
10005e5a:	460d      	mov	r5, r1
10005e5c:	b118      	cbz	r0, 10005e66 <tu_fifo_read+0x12>
10005e5e:	f04f 31ff 	mov.w	r1, #4294967295	; 0xffffffff
10005e62:	f001 fc9d 	bl	100077a0 <__mutex_enter_timeout_ms_veneer>
10005e66:	8921      	ldrh	r1, [r4, #8]
10005e68:	8963      	ldrh	r3, [r4, #10]
10005e6a:	b289      	uxth	r1, r1
10005e6c:	b29b      	uxth	r3, r3
10005e6e:	88a2      	ldrh	r2, [r4, #4]
10005e70:	4299      	cmp	r1, r3
10005e72:	bf36      	itet	cc
10005e74:	ebc3 0042 	rsbcc	r0, r3, r2, lsl #1
10005e78:	1ac8      	subcs	r0, r1, r3
10005e7a:	1840      	addcc	r0, r0, r1
10005e7c:	b280      	uxth	r0, r0
10005e7e:	b350      	cbz	r0, 10005ed6 <tu_fifo_read+0x82>
10005e80:	4282      	cmp	r2, r0
10005e82:	d209      	bcs.n	10005e98 <tu_fifo_read+0x44>
10005e84:	4291      	cmp	r1, r2
10005e86:	bf2c      	ite	cs
10005e88:	1a89      	subcs	r1, r1, r2
10005e8a:	1889      	addcc	r1, r1, r2
10005e8c:	b28b      	uxth	r3, r1
10005e8e:	429a      	cmp	r2, r3
10005e90:	8163      	strh	r3, [r4, #10]
10005e92:	d803      	bhi.n	10005e9c <tu_fifo_read+0x48>
10005e94:	1a9b      	subs	r3, r3, r2
10005e96:	b29b      	uxth	r3, r3
10005e98:	429a      	cmp	r2, r3
10005e9a:	d9fb      	bls.n	10005e94 <tu_fifo_read+0x40>
10005e9c:	88e2      	ldrh	r2, [r4, #6]
10005e9e:	6821      	ldr	r1, [r4, #0]
10005ea0:	f3c2 020e 	ubfx	r2, r2, #0, #15
10005ea4:	fb02 1103 	mla	r1, r2, r3, r1
10005ea8:	4628      	mov	r0, r5
10005eaa:	f001 fc6d 	bl	10007788 <__memcpy_veneer>
10005eae:	8961      	ldrh	r1, [r4, #10]
10005eb0:	2501      	movs	r5, #1
10005eb2:	b289      	uxth	r1, r1
10005eb4:	1c4b      	adds	r3, r1, #1
10005eb6:	b29b      	uxth	r3, r3
10005eb8:	4299      	cmp	r1, r3
10005eba:	88a2      	ldrh	r2, [r4, #4]
10005ebc:	d90e      	bls.n	10005edc <tu_fifo_read+0x88>
10005ebe:	2300      	movs	r3, #0
10005ec0:	fa02 f105 	lsl.w	r1, r2, r5
10005ec4:	1a5b      	subs	r3, r3, r1
10005ec6:	b29b      	uxth	r3, r3
10005ec8:	6920      	ldr	r0, [r4, #16]
10005eca:	8163      	strh	r3, [r4, #10]
10005ecc:	b108      	cbz	r0, 10005ed2 <tu_fifo_read+0x7e>
10005ece:	f001 fc53 	bl	10007778 <__mutex_exit_veneer>
10005ed2:	4628      	mov	r0, r5
10005ed4:	bd38      	pop	{r3, r4, r5, pc}
10005ed6:	4605      	mov	r5, r0
10005ed8:	8963      	ldrh	r3, [r4, #10]
10005eda:	b29b      	uxth	r3, r3
10005edc:	ebb3 0f42 	cmp.w	r3, r2, lsl #1
10005ee0:	ea4f 0142 	mov.w	r1, r2, lsl #1
10005ee4:	dbf0      	blt.n	10005ec8 <tu_fifo_read+0x74>
10005ee6:	e7ed      	b.n	10005ec4 <tu_fifo_read+0x70>

10005ee8 <tu_fifo_read_n>:
10005ee8:	e92d 47f0 	stmdb	sp!, {r4, r5, r6, r7, r8, r9, sl, lr}
10005eec:	4606      	mov	r6, r0
10005eee:	6900      	ldr	r0, [r0, #16]
10005ef0:	4688      	mov	r8, r1
10005ef2:	4691      	mov	r9, r2
10005ef4:	b118      	cbz	r0, 10005efe <tu_fifo_read_n+0x16>
10005ef6:	f04f 31ff 	mov.w	r1, #4294967295	; 0xffffffff
10005efa:	f001 fc51 	bl	100077a0 <__mutex_enter_timeout_ms_veneer>
10005efe:	8933      	ldrh	r3, [r6, #8]
10005f00:	8974      	ldrh	r4, [r6, #10]
10005f02:	b29b      	uxth	r3, r3
10005f04:	b2a4      	uxth	r4, r4
10005f06:	88b5      	ldrh	r5, [r6, #4]
10005f08:	42a3      	cmp	r3, r4
10005f0a:	bf36      	itet	cc
10005f0c:	ebc4 0745 	rsbcc	r7, r4, r5, lsl #1
10005f10:	1b1f      	subcs	r7, r3, r4
10005f12:	18ff      	addcc	r7, r7, r3
10005f14:	b2bf      	uxth	r7, r7
10005f16:	2f00      	cmp	r7, #0
10005f18:	d048      	beq.n	10005fac <tu_fifo_read_n+0xc4>
10005f1a:	42bd      	cmp	r5, r7
10005f1c:	d33e      	bcc.n	10005f9c <tu_fifo_read_n+0xb4>
10005f1e:	454f      	cmp	r7, r9
10005f20:	bf28      	it	cs
10005f22:	464f      	movcs	r7, r9
10005f24:	42a5      	cmp	r5, r4
10005f26:	b2bf      	uxth	r7, r7
10005f28:	d803      	bhi.n	10005f32 <tu_fifo_read_n+0x4a>
10005f2a:	1b64      	subs	r4, r4, r5
10005f2c:	b2a4      	uxth	r4, r4
10005f2e:	42a5      	cmp	r5, r4
10005f30:	d9fb      	bls.n	10005f2a <tu_fifo_read_n+0x42>
10005f32:	88f2      	ldrh	r2, [r6, #6]
10005f34:	1b2b      	subs	r3, r5, r4
10005f36:	6831      	ldr	r1, [r6, #0]
10005f38:	b29b      	uxth	r3, r3
10005f3a:	f3c2 0c0e 	ubfx	ip, r2, #0, #15
10005f3e:	429f      	cmp	r7, r3
10005f40:	46e2      	mov	sl, ip
10005f42:	fb0c 1104 	mla	r1, ip, r4, r1
10005f46:	d923      	bls.n	10005f90 <tu_fifo_read_n+0xa8>
10005f48:	fb13 f30c 	smulbb	r3, r3, ip
10005f4c:	fa1f f983 	uxth.w	r9, r3
10005f50:	464a      	mov	r2, r9
10005f52:	4640      	mov	r0, r8
10005f54:	f001 fc18 	bl	10007788 <__memcpy_veneer>
10005f58:	1b7a      	subs	r2, r7, r5
10005f5a:	4422      	add	r2, r4
10005f5c:	fb12 f20a 	smulbb	r2, r2, sl
10005f60:	6831      	ldr	r1, [r6, #0]
10005f62:	eb08 0009 	add.w	r0, r8, r9
10005f66:	b292      	uxth	r2, r2
10005f68:	f001 fc0e 	bl	10007788 <__memcpy_veneer>
10005f6c:	8972      	ldrh	r2, [r6, #10]
10005f6e:	88b5      	ldrh	r5, [r6, #4]
10005f70:	b292      	uxth	r2, r2
10005f72:	19d3      	adds	r3, r2, r7
10005f74:	b29b      	uxth	r3, r3
10005f76:	429a      	cmp	r2, r3
10005f78:	d91a      	bls.n	10005fb0 <tu_fifo_read_n+0xc8>
10005f7a:	006a      	lsls	r2, r5, #1
10005f7c:	1a9b      	subs	r3, r3, r2
10005f7e:	b29b      	uxth	r3, r3
10005f80:	6930      	ldr	r0, [r6, #16]
10005f82:	8173      	strh	r3, [r6, #10]
10005f84:	b108      	cbz	r0, 10005f8a <tu_fifo_read_n+0xa2>
10005f86:	f001 fbf7 	bl	10007778 <__mutex_exit_veneer>
10005f8a:	4638      	mov	r0, r7
10005f8c:	e8bd 87f0 	ldmia.w	sp!, {r4, r5, r6, r7, r8, r9, sl, pc}
10005f90:	4640      	mov	r0, r8
10005f92:	fb0c f207 	mul.w	r2, ip, r7
10005f96:	f001 fbf7 	bl	10007788 <__memcpy_veneer>
10005f9a:	e7e7      	b.n	10005f6c <tu_fifo_read_n+0x84>
10005f9c:	42ab      	cmp	r3, r5
10005f9e:	bf2c      	ite	cs
10005fa0:	1b5b      	subcs	r3, r3, r5
10005fa2:	195b      	addcc	r3, r3, r5
10005fa4:	b29c      	uxth	r4, r3
10005fa6:	462f      	mov	r7, r5
10005fa8:	8174      	strh	r4, [r6, #10]
10005faa:	e7b8      	b.n	10005f1e <tu_fifo_read_n+0x36>
10005fac:	8973      	ldrh	r3, [r6, #10]
10005fae:	b29b      	uxth	r3, r3
10005fb0:	ebb3 0f45 	cmp.w	r3, r5, lsl #1
10005fb4:	ea4f 0245 	mov.w	r2, r5, lsl #1
10005fb8:	dbe2      	blt.n	10005f80 <tu_fifo_read_n+0x98>
10005fba:	e7df      	b.n	10005f7c <tu_fifo_read_n+0x94>

10005fbc <tu_fifo_write>:
10005fbc:	b5f8      	push	{r3, r4, r5, r6, r7, lr}
10005fbe:	4604      	mov	r4, r0
10005fc0:	68c0      	ldr	r0, [r0, #12]
10005fc2:	460e      	mov	r6, r1
10005fc4:	b118      	cbz	r0, 10005fce <tu_fifo_write+0x12>
10005fc6:	f04f 31ff 	mov.w	r1, #4294967295	; 0xffffffff
10005fca:	f001 fbe9 	bl	100077a0 <__mutex_enter_timeout_ms_veneer>
10005fce:	8925      	ldrh	r5, [r4, #8]
10005fd0:	8923      	ldrh	r3, [r4, #8]
10005fd2:	8961      	ldrh	r1, [r4, #10]
10005fd4:	b29b      	uxth	r3, r3
10005fd6:	b289      	uxth	r1, r1
10005fd8:	88a2      	ldrh	r2, [r4, #4]
10005fda:	428b      	cmp	r3, r1
10005fdc:	bf36      	itet	cc
10005fde:	ebc1 0142 	rsbcc	r1, r1, r2, lsl #1
10005fe2:	1a5b      	subcs	r3, r3, r1
10005fe4:	185b      	addcc	r3, r3, r1
10005fe6:	b29b      	uxth	r3, r3
10005fe8:	429a      	cmp	r2, r3
10005fea:	b2ad      	uxth	r5, r5
10005fec:	d808      	bhi.n	10006000 <tu_fifo_write+0x44>
10005fee:	79e7      	ldrb	r7, [r4, #7]
10005ff0:	09ff      	lsrs	r7, r7, #7
10005ff2:	d105      	bne.n	10006000 <tu_fifo_write+0x44>
10005ff4:	68e0      	ldr	r0, [r4, #12]
10005ff6:	b108      	cbz	r0, 10005ffc <tu_fifo_write+0x40>
10005ff8:	f001 fbbe 	bl	10007778 <__mutex_exit_veneer>
10005ffc:	4638      	mov	r0, r7
10005ffe:	bdf8      	pop	{r3, r4, r5, r6, r7, pc}
10006000:	4295      	cmp	r5, r2
10006002:	462b      	mov	r3, r5
10006004:	d303      	bcc.n	1000600e <tu_fifo_write+0x52>
10006006:	1a9b      	subs	r3, r3, r2
10006008:	b29b      	uxth	r3, r3
1000600a:	4293      	cmp	r3, r2
1000600c:	d2fb      	bcs.n	10006006 <tu_fifo_write+0x4a>
1000600e:	88e2      	ldrh	r2, [r4, #6]
10006010:	6820      	ldr	r0, [r4, #0]
10006012:	f3c2 020e 	ubfx	r2, r2, #0, #15
10006016:	fb02 0003 	mla	r0, r2, r3, r0
1000601a:	4631      	mov	r1, r6
1000601c:	f001 fbb4 	bl	10007788 <__memcpy_veneer>
10006020:	1c6b      	adds	r3, r5, #1
10006022:	88a2      	ldrh	r2, [r4, #4]
10006024:	b29b      	uxth	r3, r3
10006026:	429d      	cmp	r5, r3
10006028:	ea4f 0142 	mov.w	r1, r2, lsl #1
1000602c:	d904      	bls.n	10006038 <tu_fifo_write+0x7c>
1000602e:	1a5b      	subs	r3, r3, r1
10006030:	b29b      	uxth	r3, r3
10006032:	2701      	movs	r7, #1
10006034:	8123      	strh	r3, [r4, #8]
10006036:	e7dd      	b.n	10005ff4 <tu_fifo_write+0x38>
10006038:	ebb3 0f42 	cmp.w	r3, r2, lsl #1
1000603c:	dbf9      	blt.n	10006032 <tu_fifo_write+0x76>
1000603e:	e7f6      	b.n	1000602e <tu_fifo_write+0x72>

10006040 <tu_fifo_write_n>:
10006040:	e92d 4ff0 	stmdb	sp!, {r4, r5, r6, r7, r8, r9, sl, fp, lr}
10006044:	4614      	mov	r4, r2
10006046:	b083      	sub	sp, #12
10006048:	2a00      	cmp	r2, #0
1000604a:	d05c      	beq.n	10006106 <tu_fifo_write_n+0xc6>
1000604c:	4605      	mov	r5, r0
1000604e:	68c0      	ldr	r0, [r0, #12]
10006050:	468b      	mov	fp, r1
10006052:	b118      	cbz	r0, 1000605c <tu_fifo_write_n+0x1c>
10006054:	f04f 31ff 	mov.w	r1, #4294967295	; 0xffffffff
10006058:	f001 fba2 	bl	100077a0 <__mutex_enter_timeout_ms_veneer>
1000605c:	79ea      	ldrb	r2, [r5, #7]
1000605e:	892f      	ldrh	r7, [r5, #8]
10006060:	896b      	ldrh	r3, [r5, #10]
10006062:	09d2      	lsrs	r2, r2, #7
10006064:	b2bf      	uxth	r7, r7
10006066:	b29b      	uxth	r3, r3
10006068:	d13b      	bne.n	100060e2 <tu_fifo_write_n+0xa2>
1000606a:	88ae      	ldrh	r6, [r5, #4]
1000606c:	429f      	cmp	r7, r3
1000606e:	bf36      	itet	cc
10006070:	ebc3 0346 	rsbcc	r3, r3, r6, lsl #1
10006074:	1afb      	subcs	r3, r7, r3
10006076:	19db      	addcc	r3, r3, r7
10006078:	b29b      	uxth	r3, r3
1000607a:	429e      	cmp	r6, r3
1000607c:	d948      	bls.n	10006110 <tu_fifo_write_n+0xd0>
1000607e:	eba6 0803 	sub.w	r8, r6, r3
10006082:	fa1f f888 	uxth.w	r8, r8
10006086:	45a0      	cmp	r8, r4
10006088:	bf28      	it	cs
1000608a:	46a0      	movcs	r8, r4
1000608c:	f8b5 a006 	ldrh.w	sl, [r5, #6]
10006090:	eb08 0907 	add.w	r9, r8, r7
10006094:	fa1f f989 	uxth.w	r9, r9
10006098:	42be      	cmp	r6, r7
1000609a:	463c      	mov	r4, r7
1000609c:	d803      	bhi.n	100060a6 <tu_fifo_write_n+0x66>
1000609e:	1ba4      	subs	r4, r4, r6
100060a0:	b2a4      	uxth	r4, r4
100060a2:	42b4      	cmp	r4, r6
100060a4:	d2fb      	bcs.n	1000609e <tu_fifo_write_n+0x5e>
100060a6:	1b33      	subs	r3, r6, r4
100060a8:	6828      	ldr	r0, [r5, #0]
100060aa:	b29b      	uxth	r3, r3
100060ac:	f3ca 020e 	ubfx	r2, sl, #0, #15
100060b0:	4543      	cmp	r3, r8
100060b2:	4692      	mov	sl, r2
100060b4:	fb02 0004 	mla	r0, r2, r4, r0
100060b8:	d355      	bcc.n	10006166 <tu_fifo_write_n+0x126>
100060ba:	4659      	mov	r1, fp
100060bc:	fb02 f208 	mul.w	r2, r2, r8
100060c0:	f001 fb62 	bl	10007788 <__memcpy_veneer>
100060c4:	88aa      	ldrh	r2, [r5, #4]
100060c6:	45b9      	cmp	r9, r7
100060c8:	ea4f 0342 	mov.w	r3, r2, lsl #1
100060cc:	d302      	bcc.n	100060d4 <tu_fifo_write_n+0x94>
100060ce:	ebb9 0f42 	cmp.w	r9, r2, lsl #1
100060d2:	db03      	blt.n	100060dc <tu_fifo_write_n+0x9c>
100060d4:	eba9 0903 	sub.w	r9, r9, r3
100060d8:	fa1f f989 	uxth.w	r9, r9
100060dc:	f8a5 9008 	strh.w	r9, [r5, #8]
100060e0:	e018      	b.n	10006114 <tu_fifo_write_n+0xd4>
100060e2:	f8b5 8004 	ldrh.w	r8, [r5, #4]
100060e6:	4544      	cmp	r4, r8
100060e8:	d31d      	bcc.n	10006126 <tu_fifo_write_n+0xe6>
100060ea:	f8b5 a006 	ldrh.w	sl, [r5, #6]
100060ee:	eba4 0408 	sub.w	r4, r4, r8
100060f2:	f3ca 020e 	ubfx	r2, sl, #0, #15
100060f6:	fb02 bb04 	mla	fp, r2, r4, fp
100060fa:	f1b8 0f00 	cmp.w	r8, #0
100060fe:	d009      	beq.n	10006114 <tu_fifo_write_n+0xd4>
10006100:	461f      	mov	r7, r3
10006102:	4646      	mov	r6, r8
10006104:	e7c4      	b.n	10006090 <tu_fifo_write_n+0x50>
10006106:	4690      	mov	r8, r2
10006108:	4640      	mov	r0, r8
1000610a:	b003      	add	sp, #12
1000610c:	e8bd 8ff0 	ldmia.w	sp!, {r4, r5, r6, r7, r8, r9, sl, fp, pc}
10006110:	f04f 0800 	mov.w	r8, #0
10006114:	68e8      	ldr	r0, [r5, #12]
10006116:	2800      	cmp	r0, #0
10006118:	d0f6      	beq.n	10006108 <tu_fifo_write_n+0xc8>
1000611a:	f001 fb2d 	bl	10007778 <__mutex_exit_veneer>
1000611e:	4640      	mov	r0, r8
10006120:	b003      	add	sp, #12
10006122:	e8bd 8ff0 	ldmia.w	sp!, {r4, r5, r6, r7, r8, r9, sl, fp, pc}
10006126:	429f      	cmp	r7, r3
10006128:	bf36      	itet	cc
1000612a:	ebc3 0248 	rsbcc	r2, r3, r8, lsl #1
1000612e:	1afa      	subcs	r2, r7, r3
10006130:	19d2      	addcc	r2, r2, r7
10006132:	b292      	uxth	r2, r2
10006134:	ea4f 0148 	mov.w	r1, r8, lsl #1
10006138:	4422      	add	r2, r4
1000613a:	428a      	cmp	r2, r1
1000613c:	db0a      	blt.n	10006154 <tu_fifo_write_n+0x114>
1000613e:	eb03 0908 	add.w	r9, r3, r8
10006142:	fa1f f989 	uxth.w	r9, r9
10006146:	eba9 0704 	sub.w	r7, r9, r4
1000614a:	b2bf      	uxth	r7, r7
1000614c:	42bb      	cmp	r3, r7
1000614e:	d91e      	bls.n	1000618e <tu_fifo_write_n+0x14e>
10006150:	1a7f      	subs	r7, r7, r1
10006152:	b2bf      	uxth	r7, r7
10006154:	eb04 0907 	add.w	r9, r4, r7
10006158:	4646      	mov	r6, r8
1000615a:	f8b5 a006 	ldrh.w	sl, [r5, #6]
1000615e:	46a0      	mov	r8, r4
10006160:	fa1f f989 	uxth.w	r9, r9
10006164:	e798      	b.n	10006098 <tu_fifo_write_n+0x58>
10006166:	fb13 f302 	smulbb	r3, r3, r2
1000616a:	4659      	mov	r1, fp
1000616c:	b29a      	uxth	r2, r3
1000616e:	9201      	str	r2, [sp, #4]
10006170:	f001 fb0a 	bl	10007788 <__memcpy_veneer>
10006174:	9a01      	ldr	r2, [sp, #4]
10006176:	6828      	ldr	r0, [r5, #0]
10006178:	eb0b 0102 	add.w	r1, fp, r2
1000617c:	eba8 0206 	sub.w	r2, r8, r6
10006180:	4422      	add	r2, r4
10006182:	fb12 f20a 	smulbb	r2, r2, sl
10006186:	b292      	uxth	r2, r2
10006188:	f001 fafe 	bl	10007788 <__memcpy_veneer>
1000618c:	e79a      	b.n	100060c4 <tu_fifo_write_n+0x84>
1000618e:	42b9      	cmp	r1, r7
10006190:	ddde      	ble.n	10006150 <tu_fifo_write_n+0x110>
10006192:	4646      	mov	r6, r8
10006194:	f8b5 a006 	ldrh.w	sl, [r5, #6]
10006198:	46a0      	mov	r8, r4
1000619a:	e77d      	b.n	10006098 <tu_fifo_write_n+0x58>

1000619c <tu_fifo_clear>:
1000619c:	b510      	push	{r4, lr}
1000619e:	4604      	mov	r4, r0
100061a0:	68c0      	ldr	r0, [r0, #12]
100061a2:	b118      	cbz	r0, 100061ac <tu_fifo_clear+0x10>
100061a4:	f04f 31ff 	mov.w	r1, #4294967295	; 0xffffffff
100061a8:	f001 fafa 	bl	100077a0 <__mutex_enter_timeout_ms_veneer>
100061ac:	6920      	ldr	r0, [r4, #16]
100061ae:	b118      	cbz	r0, 100061b8 <tu_fifo_clear+0x1c>
100061b0:	f04f 31ff 	mov.w	r1, #4294967295	; 0xffffffff
100061b4:	f001 faf4 	bl	100077a0 <__mutex_enter_timeout_ms_veneer>
100061b8:	2300      	movs	r3, #0
100061ba:	68e0      	ldr	r0, [r4, #12]
100061bc:	8163      	strh	r3, [r4, #10]
100061be:	8123      	strh	r3, [r4, #8]
100061c0:	b108      	cbz	r0, 100061c6 <tu_fifo_clear+0x2a>
100061c2:	f001 fad9 	bl	10007778 <__mutex_exit_veneer>
100061c6:	6920      	ldr	r0, [r4, #16]
100061c8:	b108      	cbz	r0, 100061ce <tu_fifo_clear+0x32>
100061ca:	f001 fad5 	bl	10007778 <__mutex_exit_veneer>
100061ce:	2001      	movs	r0, #1
100061d0:	bd10      	pop	{r4, pc}
100061d2:	bf00      	nop

100061d4 <tu_fifo_set_overwritable>:
100061d4:	b538      	push	{r3, r4, r5, lr}
100061d6:	4604      	mov	r4, r0
100061d8:	68c0      	ldr	r0, [r0, #12]
100061da:	460d      	mov	r5, r1
100061dc:	b118      	cbz	r0, 100061e6 <tu_fifo_set_overwritable+0x12>
100061de:	f04f 31ff 	mov.w	r1, #4294967295	; 0xffffffff
100061e2:	f001 fadd 	bl	100077a0 <__mutex_enter_timeout_ms_veneer>
100061e6:	6920      	ldr	r0, [r4, #16]
100061e8:	b118      	cbz	r0, 100061f2 <tu_fifo_set_overwritable+0x1e>
100061ea:	f04f 31ff 	mov.w	r1, #4294967295	; 0xffffffff
100061ee:	f001 fad7 	bl	100077a0 <__mutex_enter_timeout_ms_veneer>
100061f2:	79e3      	ldrb	r3, [r4, #7]
100061f4:	68e0      	ldr	r0, [r4, #12]
100061f6:	f365 13c7 	bfi	r3, r5, #7, #1
100061fa:	71e3      	strb	r3, [r4, #7]
100061fc:	b108      	cbz	r0, 10006202 <tu_fifo_set_overwritable+0x2e>
100061fe:	f001 fabb 	bl	10007778 <__mutex_exit_veneer>
10006202:	6920      	ldr	r0, [r4, #16]
10006204:	b108      	cbz	r0, 1000620a <tu_fifo_set_overwritable+0x36>
10006206:	f001 fab7 	bl	10007778 <__mutex_exit_veneer>
1000620a:	2001      	movs	r0, #1
1000620c:	bd38      	pop	{r3, r4, r5, pc}
1000620e:	bf00      	nop

10006210 <spi_init>:
10006210:	4b38      	ldr	r3, [pc, #224]	; (100062f4 <spi_init+0xe4>)
10006212:	e92d 47f0 	stmdb	sp!, {r4, r5, r6, r7, r8, r9, sl, lr}
10006216:	4298      	cmp	r0, r3
10006218:	bf0c      	ite	eq
1000621a:	f44f 2300 	moveq.w	r3, #524288	; 0x80000
1000621e:	f44f 2380 	movne.w	r3, #262144	; 0x40000
10006222:	4607      	mov	r7, r0
10006224:	460e      	mov	r6, r1
10006226:	4d34      	ldr	r5, [pc, #208]	; (100062f8 <spi_init+0xe8>)
10006228:	4c34      	ldr	r4, [pc, #208]	; (100062fc <spi_init+0xec>)
1000622a:	4a35      	ldr	r2, [pc, #212]	; (10006300 <spi_init+0xf0>)
1000622c:	602b      	str	r3, [r5, #0]
1000622e:	6023      	str	r3, [r4, #0]
10006230:	6895      	ldr	r5, [r2, #8]
10006232:	ea33 0505 	bics.w	r5, r3, r5
10006236:	d1fb      	bne.n	10006230 <spi_init+0x20>
10006238:	2006      	movs	r0, #6
1000623a:	f7fb fe19 	bl	10001e70 <clock_get_hz>
1000623e:	4639      	mov	r1, r7
10006240:	f04f 0a02 	mov.w	sl, #2
10006244:	f851 4f04 	ldr.w	r4, [r1, #4]!
10006248:	ea4f 59d6 	mov.w	r9, r6, lsr #23
1000624c:	ea4f 2c46 	mov.w	ip, r6, lsl #9
10006250:	f501 5840 	add.w	r8, r1, #12288	; 0x3000
10006254:	ea04 0e0a 	and.w	lr, r4, sl
10006258:	4663      	mov	r3, ip
1000625a:	464a      	mov	r2, r9
1000625c:	4654      	mov	r4, sl
1000625e:	f8c8 a000 	str.w	sl, [r8]
10006262:	e008      	b.n	10006276 <spi_init+0x66>
10006264:	eb13 030c 	adds.w	r3, r3, ip
10006268:	f104 0402 	add.w	r4, r4, #2
1000626c:	eb42 0209 	adc.w	r2, r2, r9
10006270:	f5b4 7f80 	cmp.w	r4, #256	; 0x100
10006274:	d003      	beq.n	1000627e <spi_init+0x6e>
10006276:	4298      	cmp	r0, r3
10006278:	eb75 0a02 	sbcs.w	sl, r5, r2
1000627c:	d2f2      	bcs.n	10006264 <spi_init+0x54>
1000627e:	f44f 7380 	mov.w	r3, #256	; 0x100
10006282:	ebc4 2204 	rsb	r2, r4, r4, lsl #8
10006286:	e001      	b.n	1000628c <spi_init+0x7c>
10006288:	2b01      	cmp	r3, #1
1000628a:	d030      	beq.n	100062ee <spi_init+0xde>
1000628c:	fbb0 fcf2 	udiv	ip, r0, r2
10006290:	4566      	cmp	r6, ip
10006292:	4699      	mov	r9, r3
10006294:	eba2 0204 	sub.w	r2, r2, r4
10006298:	f103 33ff 	add.w	r3, r3, #4294967295	; 0xffffffff
1000629c:	d2f4      	bcs.n	10006288 <spi_init+0x78>
1000629e:	fb09 f904 	mul.w	r9, r9, r4
100062a2:	021d      	lsls	r5, r3, #8
100062a4:	613c      	str	r4, [r7, #16]
100062a6:	2402      	movs	r4, #2
100062a8:	463b      	mov	r3, r7
100062aa:	2603      	movs	r6, #3
100062ac:	683a      	ldr	r2, [r7, #0]
100062ae:	f501 5100 	add.w	r1, r1, #8192	; 0x2000
100062b2:	4055      	eors	r5, r2
100062b4:	f507 5c80 	add.w	ip, r7, #4096	; 0x1000
100062b8:	f405 457f 	and.w	r5, r5, #65280	; 0xff00
100062bc:	f8cc 5000 	str.w	r5, [ip]
100062c0:	f8c1 e000 	str.w	lr, [r1]
100062c4:	687d      	ldr	r5, [r7, #4]
100062c6:	f8c8 4000 	str.w	r4, [r8]
100062ca:	f853 2b24 	ldr.w	r2, [r3], #36
100062ce:	4025      	ands	r5, r4
100062d0:	f082 0207 	eor.w	r2, r2, #7
100062d4:	f002 02cf 	and.w	r2, r2, #207	; 0xcf
100062d8:	f503 5300 	add.w	r3, r3, #8192	; 0x2000
100062dc:	f8cc 2000 	str.w	r2, [ip]
100062e0:	fbb0 f0f9 	udiv	r0, r0, r9
100062e4:	600d      	str	r5, [r1, #0]
100062e6:	601e      	str	r6, [r3, #0]
100062e8:	600c      	str	r4, [r1, #0]
100062ea:	e8bd 87f0 	ldmia.w	sp!, {r4, r5, r6, r7, r8, r9, sl, pc}
100062ee:	46a1      	mov	r9, r4
100062f0:	e7d8      	b.n	100062a4 <spi_init+0x94>
100062f2:	bf00      	nop
100062f4:	40088000 	.word	0x40088000
100062f8:	40022000 	.word	0x40022000
100062fc:	40023000 	.word	0x40023000
10006300:	40020000 	.word	0x40020000

10006304 <i2c_set_baudrate>:
10006304:	b5f8      	push	{r3, r4, r5, r6, r7, lr}
10006306:	4606      	mov	r6, r0
10006308:	2005      	movs	r0, #5
1000630a:	460c      	mov	r4, r1
1000630c:	f7fb fdb0 	bl	10001e70 <clock_get_hz>
10006310:	eb00 0c54 	add.w	ip, r0, r4, lsr #1
10006314:	fbbc fcf4 	udiv	ip, ip, r4
10006318:	4b21      	ldr	r3, [pc, #132]	; (100063a0 <i2c_set_baudrate+0x9c>)
1000631a:	eb0c 024c 	add.w	r2, ip, ip, lsl #1
1000631e:	fba3 5302 	umull	r5, r3, r3, r2
10006322:	4920      	ldr	r1, [pc, #128]	; (100063a4 <i2c_set_baudrate+0xa0>)
10006324:	089f      	lsrs	r7, r3, #2
10006326:	428c      	cmp	r4, r1
10006328:	ebac 0593 	sub.w	r5, ip, r3, lsr #2
1000632c:	d830      	bhi.n	10006390 <i2c_set_baudrate+0x8c>
1000632e:	f101 41d6 	add.w	r1, r1, #1795162112	; 0x6b000000
10006332:	f501 01a1 	add.w	r1, r1, #5275648	; 0x508000
10006336:	f601 012c 	addw	r1, r1, #2092	; 0x82c
1000633a:	eb00 0340 	add.w	r3, r0, r0, lsl #1
1000633e:	fba1 1303 	umull	r1, r3, r1, r3
10006342:	0d9b      	lsrs	r3, r3, #22
10006344:	3301      	adds	r3, #1
10006346:	2400      	movs	r4, #0
10006348:	2a4f      	cmp	r2, #79	; 0x4f
1000634a:	bf98      	it	ls
1000634c:	2201      	movls	r2, #1
1000634e:	6831      	ldr	r1, [r6, #0]
10006350:	fbb0 f0fc 	udiv	r0, r0, ip
10006354:	66cc      	str	r4, [r1, #108]	; 0x6c
10006356:	680c      	ldr	r4, [r1, #0]
10006358:	f501 5680 	add.w	r6, r1, #4096	; 0x1000
1000635c:	f084 0404 	eor.w	r4, r4, #4
10006360:	f004 0406 	and.w	r4, r4, #6
10006364:	6034      	str	r4, [r6, #0]
10006366:	bf88      	it	hi
10006368:	4c0d      	ldrhi	r4, [pc, #52]	; (100063a0 <i2c_set_baudrate+0x9c>)
1000636a:	61cd      	str	r5, [r1, #28]
1000636c:	bf84      	itt	hi
1000636e:	fba4 4202 	umullhi	r4, r2, r4, r2
10006372:	0992      	lsrhi	r2, r2, #6
10006374:	620f      	str	r7, [r1, #32]
10006376:	f8c1 20a0 	str.w	r2, [r1, #160]	; 0xa0
1000637a:	460a      	mov	r2, r1
1000637c:	2401      	movs	r4, #1
1000637e:	f852 5f7c 	ldr.w	r5, [r2, #124]!
10006382:	406b      	eors	r3, r5
10006384:	b29b      	uxth	r3, r3
10006386:	f502 5280 	add.w	r2, r2, #4096	; 0x1000
1000638a:	6013      	str	r3, [r2, #0]
1000638c:	66cc      	str	r4, [r1, #108]	; 0x6c
1000638e:	bdf8      	pop	{r3, r4, r5, r6, r7, pc}
10006390:	4905      	ldr	r1, [pc, #20]	; (100063a8 <i2c_set_baudrate+0xa4>)
10006392:	eb00 0340 	add.w	r3, r0, r0, lsl #1
10006396:	fba1 1303 	umull	r1, r3, r1, r3
1000639a:	0ddb      	lsrs	r3, r3, #23
1000639c:	3301      	adds	r3, #1
1000639e:	e7d2      	b.n	10006346 <i2c_set_baudrate+0x42>
100063a0:	cccccccd 	.word	0xcccccccd
100063a4:	000f423f 	.word	0x000f423f
100063a8:	55e63b89 	.word	0x55e63b89

100063ac <i2c_init>:
100063ac:	4a0e      	ldr	r2, [pc, #56]	; (100063e8 <i2c_init+0x3c>)
100063ae:	b430      	push	{r4, r5}
100063b0:	4290      	cmp	r0, r2
100063b2:	bf0c      	ite	eq
100063b4:	2220      	moveq	r2, #32
100063b6:	2210      	movne	r2, #16
100063b8:	4d0c      	ldr	r5, [pc, #48]	; (100063ec <i2c_init+0x40>)
100063ba:	4b0d      	ldr	r3, [pc, #52]	; (100063f0 <i2c_init+0x44>)
100063bc:	4c0d      	ldr	r4, [pc, #52]	; (100063f4 <i2c_init+0x48>)
100063be:	602a      	str	r2, [r5, #0]
100063c0:	601a      	str	r2, [r3, #0]
100063c2:	68a3      	ldr	r3, [r4, #8]
100063c4:	ea32 0303 	bics.w	r3, r2, r3
100063c8:	d1fb      	bne.n	100063c2 <i2c_init+0x16>
100063ca:	f240 1565 	movw	r5, #357	; 0x165
100063ce:	2403      	movs	r4, #3
100063d0:	6802      	ldr	r2, [r0, #0]
100063d2:	7103      	strb	r3, [r0, #4]
100063d4:	66d3      	str	r3, [r2, #108]	; 0x6c
100063d6:	6015      	str	r5, [r2, #0]
100063d8:	63d3      	str	r3, [r2, #60]	; 0x3c
100063da:	6393      	str	r3, [r2, #56]	; 0x38
100063dc:	f8c2 4088 	str.w	r4, [r2, #136]	; 0x88
100063e0:	bc30      	pop	{r4, r5}
100063e2:	f7ff bf8f 	b.w	10006304 <i2c_set_baudrate>
100063e6:	bf00      	nop
100063e8:	200013c8 	.word	0x200013c8
100063ec:	40022000 	.word	0x40022000
100063f0:	40023000 	.word	0x40023000
100063f4:	40020000 	.word	0x40020000

100063f8 <OLED_1in3_C_Init>:
100063f8:	b508      	push	{r3, lr}
100063fa:	2101      	movs	r1, #1
100063fc:	200c      	movs	r0, #12
100063fe:	f000 fc63 	bl	10006cc8 <DEV_Digital_Write>
10006402:	2064      	movs	r0, #100	; 0x64
10006404:	f000 fc90 	bl	10006d28 <DEV_Delay_ms>
10006408:	2100      	movs	r1, #0
1000640a:	200c      	movs	r0, #12
1000640c:	f000 fc5c 	bl	10006cc8 <DEV_Digital_Write>
10006410:	2064      	movs	r0, #100	; 0x64
10006412:	f000 fc89 	bl	10006d28 <DEV_Delay_ms>
10006416:	2101      	movs	r1, #1
10006418:	200c      	movs	r0, #12
1000641a:	f000 fc55 	bl	10006cc8 <DEV_Digital_Write>
1000641e:	2064      	movs	r0, #100	; 0x64
10006420:	f000 fc82 	bl	10006d28 <DEV_Delay_ms>
10006424:	2100      	movs	r1, #0
10006426:	2008      	movs	r0, #8
10006428:	f000 fc4e 	bl	10006cc8 <DEV_Digital_Write>
1000642c:	2100      	movs	r1, #0
1000642e:	2009      	movs	r0, #9
10006430:	f000 fc4a 	bl	10006cc8 <DEV_Digital_Write>
10006434:	20ae      	movs	r0, #174	; 0xae
10006436:	f000 fc59 	bl	10006cec <DEV_SPI_WriteByte>
1000643a:	2101      	movs	r1, #1
1000643c:	2009      	movs	r0, #9
1000643e:	f000 fc43 	bl	10006cc8 <DEV_Digital_Write>
10006442:	2100      	movs	r1, #0
10006444:	2008      	movs	r0, #8
10006446:	f000 fc3f 	bl	10006cc8 <DEV_Digital_Write>
1000644a:	2100      	movs	r1, #0
1000644c:	2009      	movs	r0, #9
1000644e:	f000 fc3b 	bl	10006cc8 <DEV_Digital_Write>
10006452:	2000      	movs	r0, #0
10006454:	f000 fc4a 	bl	10006cec <DEV_SPI_WriteByte>
10006458:	2101      	movs	r1, #1
1000645a:	2009      	movs	r0, #9
1000645c:	f000 fc34 	bl	10006cc8 <DEV_Digital_Write>
10006460:	2100      	movs	r1, #0
10006462:	2008      	movs	r0, #8
10006464:	f000 fc30 	bl	10006cc8 <DEV_Digital_Write>
10006468:	2100      	movs	r1, #0
1000646a:	2009      	movs	r0, #9
1000646c:	f000 fc2c 	bl	10006cc8 <DEV_Digital_Write>
10006470:	2010      	movs	r0, #16
10006472:	f000 fc3b 	bl	10006cec <DEV_SPI_WriteByte>
10006476:	2101      	movs	r1, #1
10006478:	2009      	movs	r0, #9
1000647a:	f000 fc25 	bl	10006cc8 <DEV_Digital_Write>
1000647e:	2100      	movs	r1, #0
10006480:	2008      	movs	r0, #8
10006482:	f000 fc21 	bl	10006cc8 <DEV_Digital_Write>
10006486:	2100      	movs	r1, #0
10006488:	2009      	movs	r0, #9
1000648a:	f000 fc1d 	bl	10006cc8 <DEV_Digital_Write>
1000648e:	20b0      	movs	r0, #176	; 0xb0
10006490:	f000 fc2c 	bl	10006cec <DEV_SPI_WriteByte>
10006494:	2101      	movs	r1, #1
10006496:	2009      	movs	r0, #9
10006498:	f000 fc16 	bl	10006cc8 <DEV_Digital_Write>
1000649c:	2100      	movs	r1, #0
1000649e:	2008      	movs	r0, #8
100064a0:	f000 fc12 	bl	10006cc8 <DEV_Digital_Write>
100064a4:	2100      	movs	r1, #0
100064a6:	2009      	movs	r0, #9
100064a8:	f000 fc0e 	bl	10006cc8 <DEV_Digital_Write>
100064ac:	20dc      	movs	r0, #220	; 0xdc
100064ae:	f000 fc1d 	bl	10006cec <DEV_SPI_WriteByte>
100064b2:	2101      	movs	r1, #1
100064b4:	2009      	movs	r0, #9
100064b6:	f000 fc07 	bl	10006cc8 <DEV_Digital_Write>
100064ba:	2100      	movs	r1, #0
100064bc:	2008      	movs	r0, #8
100064be:	f000 fc03 	bl	10006cc8 <DEV_Digital_Write>
100064c2:	2100      	movs	r1, #0
100064c4:	2009      	movs	r0, #9
100064c6:	f000 fbff 	bl	10006cc8 <DEV_Digital_Write>
100064ca:	2000      	movs	r0, #0
100064cc:	f000 fc0e 	bl	10006cec <DEV_SPI_WriteByte>
100064d0:	2101      	movs	r1, #1
100064d2:	2009      	movs	r0, #9
100064d4:	f000 fbf8 	bl	10006cc8 <DEV_Digital_Write>
100064d8:	2100      	movs	r1, #0
100064da:	2008      	movs	r0, #8
100064dc:	f000 fbf4 	bl	10006cc8 <DEV_Digital_Write>
100064e0:	2100      	movs	r1, #0
100064e2:	2009      	movs	r0, #9
100064e4:	f000 fbf0 	bl	10006cc8 <DEV_Digital_Write>
100064e8:	2081      	movs	r0, #129	; 0x81
100064ea:	f000 fbff 	bl	10006cec <DEV_SPI_WriteByte>
100064ee:	2101      	movs	r1, #1
100064f0:	2009      	movs	r0, #9
100064f2:	f000 fbe9 	bl	10006cc8 <DEV_Digital_Write>
100064f6:	2100      	movs	r1, #0
100064f8:	2008      	movs	r0, #8
100064fa:	f000 fbe5 	bl	10006cc8 <DEV_Digital_Write>
100064fe:	2100      	movs	r1, #0
10006500:	2009      	movs	r0, #9
10006502:	f000 fbe1 	bl	10006cc8 <DEV_Digital_Write>
10006506:	206f      	movs	r0, #111	; 0x6f
10006508:	f000 fbf0 	bl	10006cec <DEV_SPI_WriteByte>
1000650c:	2101      	movs	r1, #1
1000650e:	2009      	movs	r0, #9
10006510:	f000 fbda 	bl	10006cc8 <DEV_Digital_Write>
10006514:	2100      	movs	r1, #0
10006516:	2008      	movs	r0, #8
10006518:	f000 fbd6 	bl	10006cc8 <DEV_Digital_Write>
1000651c:	2100      	movs	r1, #0
1000651e:	2009      	movs	r0, #9
10006520:	f000 fbd2 	bl	10006cc8 <DEV_Digital_Write>
10006524:	2021      	movs	r0, #33	; 0x21
10006526:	f000 fbe1 	bl	10006cec <DEV_SPI_WriteByte>
1000652a:	2101      	movs	r1, #1
1000652c:	2009      	movs	r0, #9
1000652e:	f000 fbcb 	bl	10006cc8 <DEV_Digital_Write>
10006532:	2100      	movs	r1, #0
10006534:	2008      	movs	r0, #8
10006536:	f000 fbc7 	bl	10006cc8 <DEV_Digital_Write>
1000653a:	2100      	movs	r1, #0
1000653c:	2009      	movs	r0, #9
1000653e:	f000 fbc3 	bl	10006cc8 <DEV_Digital_Write>
10006542:	20a0      	movs	r0, #160	; 0xa0
10006544:	f000 fbd2 	bl	10006cec <DEV_SPI_WriteByte>
10006548:	2101      	movs	r1, #1
1000654a:	2009      	movs	r0, #9
1000654c:	f000 fbbc 	bl	10006cc8 <DEV_Digital_Write>
10006550:	2100      	movs	r1, #0
10006552:	2008      	movs	r0, #8
10006554:	f000 fbb8 	bl	10006cc8 <DEV_Digital_Write>
10006558:	2100      	movs	r1, #0
1000655a:	2009      	movs	r0, #9
1000655c:	f000 fbb4 	bl	10006cc8 <DEV_Digital_Write>
10006560:	20c0      	movs	r0, #192	; 0xc0
10006562:	f000 fbc3 	bl	10006cec <DEV_SPI_WriteByte>
10006566:	2101      	movs	r1, #1
10006568:	2009      	movs	r0, #9
1000656a:	f000 fbad 	bl	10006cc8 <DEV_Digital_Write>
1000656e:	2100      	movs	r1, #0
10006570:	2008      	movs	r0, #8
10006572:	f000 fba9 	bl	10006cc8 <DEV_Digital_Write>
10006576:	2100      	movs	r1, #0
10006578:	2009      	movs	r0, #9
1000657a:	f000 fba5 	bl	10006cc8 <DEV_Digital_Write>
1000657e:	20a4      	movs	r0, #164	; 0xa4
10006580:	f000 fbb4 	bl	10006cec <DEV_SPI_WriteByte>
10006584:	2101      	movs	r1, #1
10006586:	2009      	movs	r0, #9
10006588:	f000 fb9e 	bl	10006cc8 <DEV_Digital_Write>
1000658c:	2100      	movs	r1, #0
1000658e:	2008      	movs	r0, #8
10006590:	f000 fb9a 	bl	10006cc8 <DEV_Digital_Write>
10006594:	2100      	movs	r1, #0
10006596:	2009      	movs	r0, #9
10006598:	f000 fb96 	bl	10006cc8 <DEV_Digital_Write>
1000659c:	20a6      	movs	r0, #166	; 0xa6
1000659e:	f000 fba5 	bl	10006cec <DEV_SPI_WriteByte>
100065a2:	2101      	movs	r1, #1
100065a4:	2009      	movs	r0, #9
100065a6:	f000 fb8f 	bl	10006cc8 <DEV_Digital_Write>
100065aa:	2100      	movs	r1, #0
100065ac:	2008      	movs	r0, #8
100065ae:	f000 fb8b 	bl	10006cc8 <DEV_Digital_Write>
100065b2:	2100      	movs	r1, #0
100065b4:	2009      	movs	r0, #9
100065b6:	f000 fb87 	bl	10006cc8 <DEV_Digital_Write>
100065ba:	20a8      	movs	r0, #168	; 0xa8
100065bc:	f000 fb96 	bl	10006cec <DEV_SPI_WriteByte>
100065c0:	2101      	movs	r1, #1
100065c2:	2009      	movs	r0, #9
100065c4:	f000 fb80 	bl	10006cc8 <DEV_Digital_Write>
100065c8:	2100      	movs	r1, #0
100065ca:	2008      	movs	r0, #8
100065cc:	f000 fb7c 	bl	10006cc8 <DEV_Digital_Write>
100065d0:	2100      	movs	r1, #0
100065d2:	2009      	movs	r0, #9
100065d4:	f000 fb78 	bl	10006cc8 <DEV_Digital_Write>
100065d8:	203f      	movs	r0, #63	; 0x3f
100065da:	f000 fb87 	bl	10006cec <DEV_SPI_WriteByte>
100065de:	2101      	movs	r1, #1
100065e0:	2009      	movs	r0, #9
100065e2:	f000 fb71 	bl	10006cc8 <DEV_Digital_Write>
100065e6:	2100      	movs	r1, #0
100065e8:	2008      	movs	r0, #8
100065ea:	f000 fb6d 	bl	10006cc8 <DEV_Digital_Write>
100065ee:	2100      	movs	r1, #0
100065f0:	2009      	movs	r0, #9
100065f2:	f000 fb69 	bl	10006cc8 <DEV_Digital_Write>
100065f6:	20d3      	movs	r0, #211	; 0xd3
100065f8:	f000 fb78 	bl	10006cec <DEV_SPI_WriteByte>
100065fc:	2101      	movs	r1, #1
100065fe:	2009      	movs	r0, #9
10006600:	f000 fb62 	bl	10006cc8 <DEV_Digital_Write>
10006604:	2100      	movs	r1, #0
10006606:	2008      	movs	r0, #8
10006608:	f000 fb5e 	bl	10006cc8 <DEV_Digital_Write>
1000660c:	2100      	movs	r1, #0
1000660e:	2009      	movs	r0, #9
10006610:	f000 fb5a 	bl	10006cc8 <DEV_Digital_Write>
10006614:	2060      	movs	r0, #96	; 0x60
10006616:	f000 fb69 	bl	10006cec <DEV_SPI_WriteByte>
1000661a:	2101      	movs	r1, #1
1000661c:	2009      	movs	r0, #9
1000661e:	f000 fb53 	bl	10006cc8 <DEV_Digital_Write>
10006622:	2100      	movs	r1, #0
10006624:	2008      	movs	r0, #8
10006626:	f000 fb4f 	bl	10006cc8 <DEV_Digital_Write>
1000662a:	2100      	movs	r1, #0
1000662c:	2009      	movs	r0, #9
1000662e:	f000 fb4b 	bl	10006cc8 <DEV_Digital_Write>
10006632:	20d5      	movs	r0, #213	; 0xd5
10006634:	f000 fb5a 	bl	10006cec <DEV_SPI_WriteByte>
10006638:	2101      	movs	r1, #1
1000663a:	2009      	movs	r0, #9
1000663c:	f000 fb44 	bl	10006cc8 <DEV_Digital_Write>
10006640:	2100      	movs	r1, #0
10006642:	2008      	movs	r0, #8
10006644:	f000 fb40 	bl	10006cc8 <DEV_Digital_Write>
10006648:	2100      	movs	r1, #0
1000664a:	2009      	movs	r0, #9
1000664c:	f000 fb3c 	bl	10006cc8 <DEV_Digital_Write>
10006650:	2041      	movs	r0, #65	; 0x41
10006652:	f000 fb4b 	bl	10006cec <DEV_SPI_WriteByte>
10006656:	2101      	movs	r1, #1
10006658:	2009      	movs	r0, #9
1000665a:	f000 fb35 	bl	10006cc8 <DEV_Digital_Write>
1000665e:	2100      	movs	r1, #0
10006660:	2008      	movs	r0, #8
10006662:	f000 fb31 	bl	10006cc8 <DEV_Digital_Write>
10006666:	2100      	movs	r1, #0
10006668:	2009      	movs	r0, #9
1000666a:	f000 fb2d 	bl	10006cc8 <DEV_Digital_Write>
1000666e:	20d9      	movs	r0, #217	; 0xd9
10006670:	f000 fb3c 	bl	10006cec <DEV_SPI_WriteByte>
10006674:	2101      	movs	r1, #1
10006676:	2009      	movs	r0, #9
10006678:	f000 fb26 	bl	10006cc8 <DEV_Digital_Write>
1000667c:	2100      	movs	r1, #0
1000667e:	2008      	movs	r0, #8
10006680:	f000 fb22 	bl	10006cc8 <DEV_Digital_Write>
10006684:	2100      	movs	r1, #0
10006686:	2009      	movs	r0, #9
10006688:	f000 fb1e 	bl	10006cc8 <DEV_Digital_Write>
1000668c:	2022      	movs	r0, #34	; 0x22
1000668e:	f000 fb2d 	bl	10006cec <DEV_SPI_WriteByte>
10006692:	2101      	movs	r1, #1
10006694:	2009      	movs	r0, #9
10006696:	f000 fb17 	bl	10006cc8 <DEV_Digital_Write>
1000669a:	2100      	movs	r1, #0
1000669c:	2008      	movs	r0, #8
1000669e:	f000 fb13 	bl	10006cc8 <DEV_Digital_Write>
100066a2:	2100      	movs	r1, #0
100066a4:	2009      	movs	r0, #9
100066a6:	f000 fb0f 	bl	10006cc8 <DEV_Digital_Write>
100066aa:	20db      	movs	r0, #219	; 0xdb
100066ac:	f000 fb1e 	bl	10006cec <DEV_SPI_WriteByte>
100066b0:	2101      	movs	r1, #1
100066b2:	2009      	movs	r0, #9
100066b4:	f000 fb08 	bl	10006cc8 <DEV_Digital_Write>
100066b8:	2100      	movs	r1, #0
100066ba:	2008      	movs	r0, #8
100066bc:	f000 fb04 	bl	10006cc8 <DEV_Digital_Write>
100066c0:	2100      	movs	r1, #0
100066c2:	2009      	movs	r0, #9
100066c4:	f000 fb00 	bl	10006cc8 <DEV_Digital_Write>
100066c8:	2035      	movs	r0, #53	; 0x35
100066ca:	f000 fb0f 	bl	10006cec <DEV_SPI_WriteByte>
100066ce:	2101      	movs	r1, #1
100066d0:	2009      	movs	r0, #9
100066d2:	f000 faf9 	bl	10006cc8 <DEV_Digital_Write>
100066d6:	2100      	movs	r1, #0
100066d8:	2008      	movs	r0, #8
100066da:	f000 faf5 	bl	10006cc8 <DEV_Digital_Write>
100066de:	2100      	movs	r1, #0
100066e0:	2009      	movs	r0, #9
100066e2:	f000 faf1 	bl	10006cc8 <DEV_Digital_Write>
100066e6:	20ad      	movs	r0, #173	; 0xad
100066e8:	f000 fb00 	bl	10006cec <DEV_SPI_WriteByte>
100066ec:	2101      	movs	r1, #1
100066ee:	2009      	movs	r0, #9
100066f0:	f000 faea 	bl	10006cc8 <DEV_Digital_Write>
100066f4:	2100      	movs	r1, #0
100066f6:	2008      	movs	r0, #8
100066f8:	f000 fae6 	bl	10006cc8 <DEV_Digital_Write>
100066fc:	2100      	movs	r1, #0
100066fe:	2009      	movs	r0, #9
10006700:	f000 fae2 	bl	10006cc8 <DEV_Digital_Write>
10006704:	208a      	movs	r0, #138	; 0x8a
10006706:	f000 faf1 	bl	10006cec <DEV_SPI_WriteByte>
1000670a:	2101      	movs	r1, #1
1000670c:	2009      	movs	r0, #9
1000670e:	f000 fadb 	bl	10006cc8 <DEV_Digital_Write>
10006712:	20c8      	movs	r0, #200	; 0xc8
10006714:	f000 fb08 	bl	10006d28 <DEV_Delay_ms>
10006718:	2100      	movs	r1, #0
1000671a:	2008      	movs	r0, #8
1000671c:	f000 fad4 	bl	10006cc8 <DEV_Digital_Write>
10006720:	2100      	movs	r1, #0
10006722:	2009      	movs	r0, #9
10006724:	f000 fad0 	bl	10006cc8 <DEV_Digital_Write>
10006728:	20af      	movs	r0, #175	; 0xaf
1000672a:	f000 fadf 	bl	10006cec <DEV_SPI_WriteByte>
1000672e:	e8bd 4008 	ldmia.w	sp!, {r3, lr}
10006732:	2101      	movs	r1, #1
10006734:	2009      	movs	r0, #9
10006736:	f000 bac7 	b.w	10006cc8 <DEV_Digital_Write>
1000673a:	bf00      	nop

1000673c <OLED_1in3_C_Clear>:
1000673c:	b570      	push	{r4, r5, r6, lr}
1000673e:	2100      	movs	r1, #0
10006740:	2008      	movs	r0, #8
10006742:	f000 fac1 	bl	10006cc8 <DEV_Digital_Write>
10006746:	2100      	movs	r1, #0
10006748:	2009      	movs	r0, #9
1000674a:	f000 fabd 	bl	10006cc8 <DEV_Digital_Write>
1000674e:	20b0      	movs	r0, #176	; 0xb0
10006750:	f000 facc 	bl	10006cec <DEV_SPI_WriteByte>
10006754:	2101      	movs	r1, #1
10006756:	2009      	movs	r0, #9
10006758:	f000 fab6 	bl	10006cc8 <DEV_Digital_Write>
1000675c:	253f      	movs	r5, #63	; 0x3f
1000675e:	f64f 76ff 	movw	r6, #65535	; 0xffff
10006762:	2100      	movs	r1, #0
10006764:	2008      	movs	r0, #8
10006766:	f000 faaf 	bl	10006cc8 <DEV_Digital_Write>
1000676a:	2100      	movs	r1, #0
1000676c:	2009      	movs	r0, #9
1000676e:	f000 faab 	bl	10006cc8 <DEV_Digital_Write>
10006772:	f005 000f 	and.w	r0, r5, #15
10006776:	f000 fab9 	bl	10006cec <DEV_SPI_WriteByte>
1000677a:	2101      	movs	r1, #1
1000677c:	2009      	movs	r0, #9
1000677e:	f000 faa3 	bl	10006cc8 <DEV_Digital_Write>
10006782:	2100      	movs	r1, #0
10006784:	2008      	movs	r0, #8
10006786:	f000 fa9f 	bl	10006cc8 <DEV_Digital_Write>
1000678a:	2100      	movs	r1, #0
1000678c:	2009      	movs	r0, #9
1000678e:	f000 fa9b 	bl	10006cc8 <DEV_Digital_Write>
10006792:	0928      	lsrs	r0, r5, #4
10006794:	3010      	adds	r0, #16
10006796:	b2c0      	uxtb	r0, r0
10006798:	f000 faa8 	bl	10006cec <DEV_SPI_WriteByte>
1000679c:	2101      	movs	r1, #1
1000679e:	2009      	movs	r0, #9
100067a0:	f000 fa92 	bl	10006cc8 <DEV_Digital_Write>
100067a4:	2410      	movs	r4, #16
100067a6:	2101      	movs	r1, #1
100067a8:	2008      	movs	r0, #8
100067aa:	f000 fa8d 	bl	10006cc8 <DEV_Digital_Write>
100067ae:	2100      	movs	r1, #0
100067b0:	2009      	movs	r0, #9
100067b2:	f000 fa89 	bl	10006cc8 <DEV_Digital_Write>
100067b6:	3c01      	subs	r4, #1
100067b8:	2000      	movs	r0, #0
100067ba:	f000 fa97 	bl	10006cec <DEV_SPI_WriteByte>
100067be:	b2a4      	uxth	r4, r4
100067c0:	2101      	movs	r1, #1
100067c2:	2009      	movs	r0, #9
100067c4:	f000 fa80 	bl	10006cc8 <DEV_Digital_Write>
100067c8:	2c00      	cmp	r4, #0
100067ca:	d1ec      	bne.n	100067a6 <OLED_1in3_C_Clear+0x6a>
100067cc:	3d01      	subs	r5, #1
100067ce:	b2ad      	uxth	r5, r5
100067d0:	42b5      	cmp	r5, r6
100067d2:	d1c6      	bne.n	10006762 <OLED_1in3_C_Clear+0x26>
100067d4:	bd70      	pop	{r4, r5, r6, pc}
100067d6:	bf00      	nop

100067d8 <OLED_1in3_C_Display>:
100067d8:	e92d 41f0 	stmdb	sp!, {r4, r5, r6, r7, r8, lr}
100067dc:	2100      	movs	r1, #0
100067de:	4606      	mov	r6, r0
100067e0:	2008      	movs	r0, #8
100067e2:	f000 fa71 	bl	10006cc8 <DEV_Digital_Write>
100067e6:	2100      	movs	r1, #0
100067e8:	2009      	movs	r0, #9
100067ea:	f000 fa6d 	bl	10006cc8 <DEV_Digital_Write>
100067ee:	20b0      	movs	r0, #176	; 0xb0
100067f0:	f000 fa7c 	bl	10006cec <DEV_SPI_WriteByte>
100067f4:	2101      	movs	r1, #1
100067f6:	2009      	movs	r0, #9
100067f8:	253f      	movs	r5, #63	; 0x3f
100067fa:	f000 fa65 	bl	10006cc8 <DEV_Digital_Write>
100067fe:	f106 040f 	add.w	r4, r6, #15
10006802:	f206 460f 	addw	r6, r6, #1039	; 0x40f
10006806:	2100      	movs	r1, #0
10006808:	2008      	movs	r0, #8
1000680a:	f000 fa5d 	bl	10006cc8 <DEV_Digital_Write>
1000680e:	2100      	movs	r1, #0
10006810:	2009      	movs	r0, #9
10006812:	f000 fa59 	bl	10006cc8 <DEV_Digital_Write>
10006816:	f005 000f 	and.w	r0, r5, #15
1000681a:	f000 fa67 	bl	10006cec <DEV_SPI_WriteByte>
1000681e:	2101      	movs	r1, #1
10006820:	2009      	movs	r0, #9
10006822:	f000 fa51 	bl	10006cc8 <DEV_Digital_Write>
10006826:	2100      	movs	r1, #0
10006828:	2008      	movs	r0, #8
1000682a:	f000 fa4d 	bl	10006cc8 <DEV_Digital_Write>
1000682e:	2100      	movs	r1, #0
10006830:	2009      	movs	r0, #9
10006832:	f000 fa49 	bl	10006cc8 <DEV_Digital_Write>
10006836:	0928      	lsrs	r0, r5, #4
10006838:	3010      	adds	r0, #16
1000683a:	b2c0      	uxtb	r0, r0
1000683c:	f000 fa56 	bl	10006cec <DEV_SPI_WriteByte>
10006840:	2101      	movs	r1, #1
10006842:	2009      	movs	r0, #9
10006844:	f000 fa40 	bl	10006cc8 <DEV_Digital_Write>
10006848:	f1a4 0710 	sub.w	r7, r4, #16
1000684c:	2101      	movs	r1, #1
1000684e:	f817 2f01 	ldrb.w	r2, [r7, #1]!
10006852:	2008      	movs	r0, #8
10006854:	fa02 f301 	lsl.w	r3, r2, r1
10006858:	410a      	asrs	r2, r1
1000685a:	f002 0255 	and.w	r2, r2, #85	; 0x55
1000685e:	f003 03aa 	and.w	r3, r3, #170	; 0xaa
10006862:	4313      	orrs	r3, r2
10006864:	009a      	lsls	r2, r3, #2
10006866:	109b      	asrs	r3, r3, #2
10006868:	f002 02cc 	and.w	r2, r2, #204	; 0xcc
1000686c:	f003 0333 	and.w	r3, r3, #51	; 0x33
10006870:	4313      	orrs	r3, r2
10006872:	ea4f 1813 	mov.w	r8, r3, lsr #4
10006876:	ea48 1303 	orr.w	r3, r8, r3, lsl #4
1000687a:	fa4f f883 	sxtb.w	r8, r3
1000687e:	f000 fa23 	bl	10006cc8 <DEV_Digital_Write>
10006882:	2100      	movs	r1, #0
10006884:	2009      	movs	r0, #9
10006886:	f000 fa1f 	bl	10006cc8 <DEV_Digital_Write>
1000688a:	fa5f f088 	uxtb.w	r0, r8
1000688e:	f000 fa2d 	bl	10006cec <DEV_SPI_WriteByte>
10006892:	2101      	movs	r1, #1
10006894:	2009      	movs	r0, #9
10006896:	f000 fa17 	bl	10006cc8 <DEV_Digital_Write>
1000689a:	42bc      	cmp	r4, r7
1000689c:	d1d6      	bne.n	1000684c <OLED_1in3_C_Display+0x74>
1000689e:	3410      	adds	r4, #16
100068a0:	3d01      	subs	r5, #1
100068a2:	42a6      	cmp	r6, r4
100068a4:	b2ad      	uxth	r5, r5
100068a6:	d1ae      	bne.n	10006806 <OLED_1in3_C_Display+0x2e>
100068a8:	e8bd 81f0 	ldmia.w	sp!, {r4, r5, r6, r7, r8, pc}

100068ac <Paint_SetPixel.part.0>:
100068ac:	b430      	push	{r4, r5}
100068ae:	4c4c      	ldr	r4, [pc, #304]	; (100069e0 <Paint_SetPixel.part.0+0x134>)
100068b0:	89e3      	ldrh	r3, [r4, #14]
100068b2:	2bb4      	cmp	r3, #180	; 0xb4
100068b4:	d030      	beq.n	10006918 <Paint_SetPixel.part.0+0x6c>
100068b6:	d80e      	bhi.n	100068d6 <Paint_SetPixel.part.0+0x2a>
100068b8:	b133      	cbz	r3, 100068c8 <Paint_SetPixel.part.0+0x1c>
100068ba:	2b5a      	cmp	r3, #90	; 0x5a
100068bc:	d12a      	bne.n	10006914 <Paint_SetPixel.part.0+0x68>
100068be:	8923      	ldrh	r3, [r4, #8]
100068c0:	3b01      	subs	r3, #1
100068c2:	1a5b      	subs	r3, r3, r1
100068c4:	4601      	mov	r1, r0
100068c6:	b298      	uxth	r0, r3
100068c8:	8a23      	ldrh	r3, [r4, #16]
100068ca:	2b03      	cmp	r3, #3
100068cc:	d822      	bhi.n	10006914 <Paint_SetPixel.part.0+0x68>
100068ce:	e8df f003 	tbb	[pc, r3]
100068d2:	5452      	.short	0x5452
100068d4:	2c5b      	.short	0x2c5b
100068d6:	f5b3 7f87 	cmp.w	r3, #270	; 0x10e
100068da:	d11b      	bne.n	10006914 <Paint_SetPixel.part.0+0x68>
100068dc:	8963      	ldrh	r3, [r4, #10]
100068de:	3b01      	subs	r3, #1
100068e0:	1a1b      	subs	r3, r3, r0
100068e2:	4608      	mov	r0, r1
100068e4:	b299      	uxth	r1, r3
100068e6:	e7ef      	b.n	100068c8 <Paint_SetPixel.part.0+0x1c>
100068e8:	f04f 0cc0 	mov.w	ip, #192	; 0xc0
100068ec:	8a63      	ldrh	r3, [r4, #18]
100068ee:	6825      	ldr	r5, [r4, #0]
100068f0:	f3c0 048f 	ubfx	r4, r0, #2, #16
100068f4:	fb01 4103 	mla	r1, r1, r3, r4
100068f8:	f002 0203 	and.w	r2, r2, #3
100068fc:	f000 0003 	and.w	r0, r0, #3
10006900:	0192      	lsls	r2, r2, #6
10006902:	0040      	lsls	r0, r0, #1
10006904:	5c6b      	ldrb	r3, [r5, r1]
10006906:	4102      	asrs	r2, r0
10006908:	fa4c f000 	asr.w	r0, ip, r0
1000690c:	ea23 0300 	bic.w	r3, r3, r0
10006910:	4313      	orrs	r3, r2
10006912:	546b      	strb	r3, [r5, r1]
10006914:	bc30      	pop	{r4, r5}
10006916:	4770      	bx	lr
10006918:	8923      	ldrh	r3, [r4, #8]
1000691a:	3b01      	subs	r3, #1
1000691c:	1a18      	subs	r0, r3, r0
1000691e:	8963      	ldrh	r3, [r4, #10]
10006920:	b280      	uxth	r0, r0
10006922:	3b01      	subs	r3, #1
10006924:	1a59      	subs	r1, r3, r1
10006926:	b289      	uxth	r1, r1
10006928:	e7ce      	b.n	100068c8 <Paint_SetPixel.part.0+0x1c>
1000692a:	f8b4 c00a 	ldrh.w	ip, [r4, #10]
1000692e:	8923      	ldrh	r3, [r4, #8]
10006930:	f10c 3cff 	add.w	ip, ip, #4294967295	; 0xffffffff
10006934:	ebac 0101 	sub.w	r1, ip, r1
10006938:	f103 3cff 	add.w	ip, r3, #4294967295	; 0xffffffff
1000693c:	ebac 0000 	sub.w	r0, ip, r0
10006940:	b289      	uxth	r1, r1
10006942:	b280      	uxth	r0, r0
10006944:	4283      	cmp	r3, r0
10006946:	d3e5      	bcc.n	10006914 <Paint_SetPixel.part.0+0x68>
10006948:	8963      	ldrh	r3, [r4, #10]
1000694a:	428b      	cmp	r3, r1
1000694c:	d3e2      	bcc.n	10006914 <Paint_SetPixel.part.0+0x68>
1000694e:	8ae3      	ldrh	r3, [r4, #22]
10006950:	2b02      	cmp	r3, #2
10006952:	d01f      	beq.n	10006994 <Paint_SetPixel.part.0+0xe8>
10006954:	2b04      	cmp	r3, #4
10006956:	d0c7      	beq.n	100068e8 <Paint_SetPixel.part.0+0x3c>
10006958:	2b10      	cmp	r3, #16
1000695a:	d031      	beq.n	100069c0 <Paint_SetPixel.part.0+0x114>
1000695c:	2b41      	cmp	r3, #65	; 0x41
1000695e:	d1d9      	bne.n	10006914 <Paint_SetPixel.part.0+0x68>
10006960:	8a63      	ldrh	r3, [r4, #18]
10006962:	0040      	lsls	r0, r0, #1
10006964:	fb01 0103 	mla	r1, r1, r3, r0
10006968:	6823      	ldr	r3, [r4, #0]
1000696a:	0a10      	lsrs	r0, r2, #8
1000696c:	5458      	strb	r0, [r3, r1]
1000696e:	6823      	ldr	r3, [r4, #0]
10006970:	4419      	add	r1, r3
10006972:	704a      	strb	r2, [r1, #1]
10006974:	e7ce      	b.n	10006914 <Paint_SetPixel.part.0+0x68>
10006976:	8923      	ldrh	r3, [r4, #8]
10006978:	e7e4      	b.n	10006944 <Paint_SetPixel.part.0+0x98>
1000697a:	8923      	ldrh	r3, [r4, #8]
1000697c:	f103 3cff 	add.w	ip, r3, #4294967295	; 0xffffffff
10006980:	ebac 0000 	sub.w	r0, ip, r0
10006984:	b280      	uxth	r0, r0
10006986:	e7dd      	b.n	10006944 <Paint_SetPixel.part.0+0x98>
10006988:	8963      	ldrh	r3, [r4, #10]
1000698a:	3b01      	subs	r3, #1
1000698c:	1a59      	subs	r1, r3, r1
1000698e:	b289      	uxth	r1, r1
10006990:	8923      	ldrh	r3, [r4, #8]
10006992:	e7d7      	b.n	10006944 <Paint_SetPixel.part.0+0x98>
10006994:	8a65      	ldrh	r5, [r4, #18]
10006996:	f3c0 03cf 	ubfx	r3, r0, #3, #16
1000699a:	fb01 3105 	mla	r1, r1, r5, r3
1000699e:	2380      	movs	r3, #128	; 0x80
100069a0:	6824      	ldr	r4, [r4, #0]
100069a2:	f000 0007 	and.w	r0, r0, #7
100069a6:	b2d2      	uxtb	r2, r2
100069a8:	f814 c001 	ldrb.w	ip, [r4, r1]
100069ac:	4103      	asrs	r3, r0
100069ae:	b91a      	cbnz	r2, 100069b8 <Paint_SetPixel.part.0+0x10c>
100069b0:	ea2c 0303 	bic.w	r3, ip, r3
100069b4:	5463      	strb	r3, [r4, r1]
100069b6:	e7ad      	b.n	10006914 <Paint_SetPixel.part.0+0x68>
100069b8:	ea43 030c 	orr.w	r3, r3, ip
100069bc:	5463      	strb	r3, [r4, r1]
100069be:	e7a9      	b.n	10006914 <Paint_SetPixel.part.0+0x68>
100069c0:	8a63      	ldrh	r3, [r4, #18]
100069c2:	6825      	ldr	r5, [r4, #0]
100069c4:	f002 020f 	and.w	r2, r2, #15
100069c8:	f3c0 044f 	ubfx	r4, r0, #1, #16
100069cc:	f000 0001 	and.w	r0, r0, #1
100069d0:	f04f 0cf0 	mov.w	ip, #240	; 0xf0
100069d4:	fb01 4103 	mla	r1, r1, r3, r4
100069d8:	0112      	lsls	r2, r2, #4
100069da:	0080      	lsls	r0, r0, #2
100069dc:	e792      	b.n	10006904 <Paint_SetPixel.part.0+0x58>
100069de:	bf00      	nop
100069e0:	20001de8 	.word	0x20001de8

100069e4 <Paint_DrawChar.part.0>:
100069e4:	e92d 4ff0 	stmdb	sp!, {r4, r5, r6, r7, r8, r9, sl, fp, lr}
100069e8:	f8b3 c004 	ldrh.w	ip, [r3, #4]
100069ec:	b083      	sub	sp, #12
100069ee:	4698      	mov	r8, r3
100069f0:	e9cd 1000 	strd	r1, r0, [sp]
100069f4:	88d9      	ldrh	r1, [r3, #6]
100069f6:	f01c 0307 	ands.w	r3, ip, #7
100069fa:	bf18      	it	ne
100069fc:	2301      	movne	r3, #1
100069fe:	3a20      	subs	r2, #32
10006a00:	fb01 f202 	mul.w	r2, r1, r2
10006a04:	f8bd 4030 	ldrh.w	r4, [sp, #48]	; 0x30
10006a08:	f8d8 6000 	ldr.w	r6, [r8]
10006a0c:	eb03 03dc 	add.w	r3, r3, ip, lsr #3
10006a10:	ee07 4a90 	vmov	s15, r4
10006a14:	fb02 6603 	mla	r6, r2, r3, r6
10006a18:	f8bd 4034 	ldrh.w	r4, [sp, #52]	; 0x34
10006a1c:	2900      	cmp	r1, #0
10006a1e:	d059      	beq.n	10006ad4 <Paint_DrawChar.part.0+0xf0>
10006a20:	f8dd 9000 	ldr.w	r9, [sp]
10006a24:	4663      	mov	r3, ip
10006a26:	464a      	mov	r2, r9
10006a28:	ee07 4a10 	vmov	s14, r4
10006a2c:	46b1      	mov	r9, r6
10006a2e:	f04f 0b80 	mov.w	fp, #128	; 0x80
10006a32:	4616      	mov	r6, r2
10006a34:	4f29      	ldr	r7, [pc, #164]	; (10006adc <Paint_DrawChar.part.0+0xf8>)
10006a36:	2b00      	cmp	r3, #0
10006a38:	d04c      	beq.n	10006ad4 <Paint_DrawChar.part.0+0xf0>
10006a3a:	4632      	mov	r2, r6
10006a3c:	2400      	movs	r4, #0
10006a3e:	464e      	mov	r6, r9
10006a40:	4618      	mov	r0, r3
10006a42:	4691      	mov	r9, r2
10006a44:	f8dd a004 	ldr.w	sl, [sp, #4]
10006a48:	e017      	b.n	10006a7a <Paint_DrawChar.part.0+0x96>
10006a4a:	4552      	cmp	r2, sl
10006a4c:	d30a      	bcc.n	10006a64 <Paint_DrawChar.part.0+0x80>
10006a4e:	88fa      	ldrh	r2, [r7, #6]
10006a50:	454a      	cmp	r2, r9
10006a52:	d307      	bcc.n	10006a64 <Paint_DrawChar.part.0+0x80>
10006a54:	4650      	mov	r0, sl
10006a56:	ee17 2a10 	vmov	r2, s14
10006a5a:	4649      	mov	r1, r9
10006a5c:	f7ff ff26 	bl	100068ac <Paint_SetPixel.part.0>
10006a60:	f8b8 0004 	ldrh.w	r0, [r8, #4]
10006a64:	3401      	adds	r4, #1
10006a66:	2d07      	cmp	r5, #7
10006a68:	b2a2      	uxth	r2, r4
10006a6a:	f10a 0a01 	add.w	sl, sl, #1
10006a6e:	bf08      	it	eq
10006a70:	3601      	addeq	r6, #1
10006a72:	4290      	cmp	r0, r2
10006a74:	fa1f fa8a 	uxth.w	sl, sl
10006a78:	d917      	bls.n	10006aaa <Paint_DrawChar.part.0+0xc6>
10006a7a:	f896 c000 	ldrb.w	ip, [r6]
10006a7e:	f004 0507 	and.w	r5, r4, #7
10006a82:	fa4b f205 	asr.w	r2, fp, r5
10006a86:	ea1c 0f02 	tst.w	ip, r2
10006a8a:	88ba      	ldrh	r2, [r7, #4]
10006a8c:	d1dd      	bne.n	10006a4a <Paint_DrawChar.part.0+0x66>
10006a8e:	4552      	cmp	r2, sl
10006a90:	d3e8      	bcc.n	10006a64 <Paint_DrawChar.part.0+0x80>
10006a92:	88fa      	ldrh	r2, [r7, #6]
10006a94:	454a      	cmp	r2, r9
10006a96:	d3e5      	bcc.n	10006a64 <Paint_DrawChar.part.0+0x80>
10006a98:	4650      	mov	r0, sl
10006a9a:	ee17 2a90 	vmov	r2, s15
10006a9e:	4649      	mov	r1, r9
10006aa0:	f7ff ff04 	bl	100068ac <Paint_SetPixel.part.0>
10006aa4:	f8b8 0004 	ldrh.w	r0, [r8, #4]
10006aa8:	e7dc      	b.n	10006a64 <Paint_DrawChar.part.0+0x80>
10006aaa:	464a      	mov	r2, r9
10006aac:	4603      	mov	r3, r0
10006aae:	46b1      	mov	r9, r6
10006ab0:	4616      	mov	r6, r2
10006ab2:	075a      	lsls	r2, r3, #29
10006ab4:	9a00      	ldr	r2, [sp, #0]
10006ab6:	f8b8 0006 	ldrh.w	r0, [r8, #6]
10006aba:	f1c2 0201 	rsb	r2, r2, #1
10006abe:	4432      	add	r2, r6
10006ac0:	b292      	uxth	r2, r2
10006ac2:	bf18      	it	ne
10006ac4:	f109 0901 	addne.w	r9, r9, #1
10006ac8:	4290      	cmp	r0, r2
10006aca:	d903      	bls.n	10006ad4 <Paint_DrawChar.part.0+0xf0>
10006acc:	1c71      	adds	r1, r6, #1
10006ace:	b28e      	uxth	r6, r1
10006ad0:	2b00      	cmp	r3, #0
10006ad2:	d1b2      	bne.n	10006a3a <Paint_DrawChar.part.0+0x56>
10006ad4:	b003      	add	sp, #12
10006ad6:	e8bd 8ff0 	ldmia.w	sp!, {r4, r5, r6, r7, r8, r9, sl, fp, pc}
10006ada:	bf00      	nop
10006adc:	20001de8 	.word	0x20001de8

10006ae0 <Paint_NewImage>:
10006ae0:	b510      	push	{r4, lr}
10006ae2:	4c10      	ldr	r4, [pc, #64]	; (10006b24 <Paint_NewImage+0x44>)
10006ae4:	f011 0f07 	tst.w	r1, #7
10006ae8:	6020      	str	r0, [r4, #0]
10006aea:	ea4f 00d1 	mov.w	r0, r1, lsr #3
10006aee:	bf1c      	itt	ne
10006af0:	3001      	addne	r0, #1
10006af2:	b280      	uxthne	r0, r0
10006af4:	f04f 0c02 	mov.w	ip, #2
10006af8:	8260      	strh	r0, [r4, #18]
10006afa:	2000      	movs	r0, #0
10006afc:	f8bd e008 	ldrh.w	lr, [sp, #8]
10006b00:	f8a4 c016 	strh.w	ip, [r4, #22]
10006b04:	f8a4 e00c 	strh.w	lr, [r4, #12]
10006b08:	8121      	strh	r1, [r4, #8]
10006b0a:	8162      	strh	r2, [r4, #10]
10006b0c:	82a2      	strh	r2, [r4, #20]
10006b0e:	81e3      	strh	r3, [r4, #14]
10006b10:	8220      	strh	r0, [r4, #16]
10006b12:	b123      	cbz	r3, 10006b1e <Paint_NewImage+0x3e>
10006b14:	2bb4      	cmp	r3, #180	; 0xb4
10006b16:	d002      	beq.n	10006b1e <Paint_NewImage+0x3e>
10006b18:	460b      	mov	r3, r1
10006b1a:	4611      	mov	r1, r2
10006b1c:	461a      	mov	r2, r3
10006b1e:	80e2      	strh	r2, [r4, #6]
10006b20:	80a1      	strh	r1, [r4, #4]
10006b22:	bd10      	pop	{r4, pc}
10006b24:	20001de8 	.word	0x20001de8

10006b28 <Paint_Clear>:
10006b28:	b530      	push	{r4, r5, lr}
10006b2a:	4c36      	ldr	r4, [pc, #216]	; (10006c04 <Paint_Clear+0xdc>)
10006b2c:	8ae3      	ldrh	r3, [r4, #22]
10006b2e:	2b02      	cmp	r3, #2
10006b30:	d006      	beq.n	10006b40 <Paint_Clear+0x18>
10006b32:	2b04      	cmp	r3, #4
10006b34:	d004      	beq.n	10006b40 <Paint_Clear+0x18>
10006b36:	2b10      	cmp	r3, #16
10006b38:	d043      	beq.n	10006bc2 <Paint_Clear+0x9a>
10006b3a:	2b41      	cmp	r3, #65	; 0x41
10006b3c:	d01d      	beq.n	10006b7a <Paint_Clear+0x52>
10006b3e:	bd30      	pop	{r4, r5, pc}
10006b40:	8aa3      	ldrh	r3, [r4, #20]
10006b42:	2b00      	cmp	r3, #0
10006b44:	d0fb      	beq.n	10006b3e <Paint_Clear+0x16>
10006b46:	f04f 0c00 	mov.w	ip, #0
10006b4a:	8a63      	ldrh	r3, [r4, #18]
10006b4c:	b2c0      	uxtb	r0, r0
10006b4e:	2b00      	cmp	r3, #0
10006b50:	d0f5      	beq.n	10006b3e <Paint_Clear+0x16>
10006b52:	2200      	movs	r2, #0
10006b54:	fb0c f303 	mul.w	r3, ip, r3
10006b58:	6821      	ldr	r1, [r4, #0]
10006b5a:	fa11 f182 	uxtah	r1, r1, r2
10006b5e:	54c8      	strb	r0, [r1, r3]
10006b60:	8a63      	ldrh	r3, [r4, #18]
10006b62:	3201      	adds	r2, #1
10006b64:	b291      	uxth	r1, r2
10006b66:	428b      	cmp	r3, r1
10006b68:	d8f4      	bhi.n	10006b54 <Paint_Clear+0x2c>
10006b6a:	8aa2      	ldrh	r2, [r4, #20]
10006b6c:	f10c 0c01 	add.w	ip, ip, #1
10006b70:	fa1f fc8c 	uxth.w	ip, ip
10006b74:	4562      	cmp	r2, ip
10006b76:	d8ea      	bhi.n	10006b4e <Paint_Clear+0x26>
10006b78:	bd30      	pop	{r4, r5, pc}
10006b7a:	8aa3      	ldrh	r3, [r4, #20]
10006b7c:	2b00      	cmp	r3, #0
10006b7e:	d0de      	beq.n	10006b3e <Paint_Clear+0x16>
10006b80:	f04f 0e00 	mov.w	lr, #0
10006b84:	8a63      	ldrh	r3, [r4, #18]
10006b86:	0a05      	lsrs	r5, r0, #8
10006b88:	b2c0      	uxtb	r0, r0
10006b8a:	2b00      	cmp	r3, #0
10006b8c:	d0d7      	beq.n	10006b3e <Paint_Clear+0x16>
10006b8e:	2200      	movs	r2, #0
10006b90:	fb0e f303 	mul.w	r3, lr, r3
10006b94:	6821      	ldr	r1, [r4, #0]
10006b96:	fa1f fc82 	uxth.w	ip, r2
10006b9a:	eb03 034c 	add.w	r3, r3, ip, lsl #1
10006b9e:	54cd      	strb	r5, [r1, r3]
10006ba0:	6821      	ldr	r1, [r4, #0]
10006ba2:	3201      	adds	r2, #1
10006ba4:	440b      	add	r3, r1
10006ba6:	7058      	strb	r0, [r3, #1]
10006ba8:	8a63      	ldrh	r3, [r4, #18]
10006baa:	fa1f fc82 	uxth.w	ip, r2
10006bae:	4563      	cmp	r3, ip
10006bb0:	d8ee      	bhi.n	10006b90 <Paint_Clear+0x68>
10006bb2:	8aa2      	ldrh	r2, [r4, #20]
10006bb4:	f10e 0e01 	add.w	lr, lr, #1
10006bb8:	fa1f fe8e 	uxth.w	lr, lr
10006bbc:	4572      	cmp	r2, lr
10006bbe:	d8e4      	bhi.n	10006b8a <Paint_Clear+0x62>
10006bc0:	bd30      	pop	{r4, r5, pc}
10006bc2:	8aa3      	ldrh	r3, [r4, #20]
10006bc4:	2b00      	cmp	r3, #0
10006bc6:	d0ba      	beq.n	10006b3e <Paint_Clear+0x16>
10006bc8:	f04f 0e00 	mov.w	lr, #0
10006bcc:	8a63      	ldrh	r3, [r4, #18]
10006bce:	2b00      	cmp	r3, #0
10006bd0:	d0b5      	beq.n	10006b3e <Paint_Clear+0x16>
10006bd2:	2200      	movs	r2, #0
10006bd4:	fb0e f303 	mul.w	r3, lr, r3
10006bd8:	6821      	ldr	r1, [r4, #0]
10006bda:	f000 000f 	and.w	r0, r0, #15
10006bde:	fa11 f182 	uxtah	r1, r1, r2
10006be2:	ea40 1c00 	orr.w	ip, r0, r0, lsl #4
10006be6:	f801 c003 	strb.w	ip, [r1, r3]
10006bea:	8a63      	ldrh	r3, [r4, #18]
10006bec:	3201      	adds	r2, #1
10006bee:	b291      	uxth	r1, r2
10006bf0:	428b      	cmp	r3, r1
10006bf2:	d8ef      	bhi.n	10006bd4 <Paint_Clear+0xac>
10006bf4:	8aa2      	ldrh	r2, [r4, #20]
10006bf6:	f10e 0e01 	add.w	lr, lr, #1
10006bfa:	fa1f fe8e 	uxth.w	lr, lr
10006bfe:	4572      	cmp	r2, lr
10006c00:	d8e5      	bhi.n	10006bce <Paint_Clear+0xa6>
10006c02:	bd30      	pop	{r4, r5, pc}
10006c04:	20001de8 	.word	0x20001de8

10006c08 <Paint_DrawChar>:
10006c08:	b570      	push	{r4, r5, r6, lr}
10006c0a:	4c09      	ldr	r4, [pc, #36]	; (10006c30 <Paint_DrawChar+0x28>)
10006c0c:	f8bd 5010 	ldrh.w	r5, [sp, #16]
10006c10:	f8b4 e004 	ldrh.w	lr, [r4, #4]
10006c14:	f8bd 6014 	ldrh.w	r6, [sp, #20]
10006c18:	4586      	cmp	lr, r0
10006c1a:	d308      	bcc.n	10006c2e <Paint_DrawChar+0x26>
10006c1c:	88e4      	ldrh	r4, [r4, #6]
10006c1e:	428c      	cmp	r4, r1
10006c20:	d305      	bcc.n	10006c2e <Paint_DrawChar+0x26>
10006c22:	e9cd 5604 	strd	r5, r6, [sp, #16]
10006c26:	e8bd 4070 	ldmia.w	sp!, {r4, r5, r6, lr}
10006c2a:	f7ff bedb 	b.w	100069e4 <Paint_DrawChar.part.0>
10006c2e:	bd70      	pop	{r4, r5, r6, pc}
10006c30:	20001de8 	.word	0x20001de8

10006c34 <Paint_DrawString_EN>:
10006c34:	e92d 4ff0 	stmdb	sp!, {r4, r5, r6, r7, r8, r9, sl, fp, lr}
10006c38:	f8df 8088 	ldr.w	r8, [pc, #136]	; 10006cc4 <Paint_DrawString_EN+0x90>
10006c3c:	b085      	sub	sp, #20
10006c3e:	f8b8 c004 	ldrh.w	ip, [r8, #4]
10006c42:	f8bd 4038 	ldrh.w	r4, [sp, #56]	; 0x38
10006c46:	4584      	cmp	ip, r0
10006c48:	f8bd b03c 	ldrh.w	fp, [sp, #60]	; 0x3c
10006c4c:	9403      	str	r4, [sp, #12]
10006c4e:	d336      	bcc.n	10006cbe <Paint_DrawString_EN+0x8a>
10006c50:	4607      	mov	r7, r0
10006c52:	f8b8 0006 	ldrh.w	r0, [r8, #6]
10006c56:	4689      	mov	r9, r1
10006c58:	4288      	cmp	r0, r1
10006c5a:	d330      	bcc.n	10006cbe <Paint_DrawString_EN+0x8a>
10006c5c:	4616      	mov	r6, r2
10006c5e:	7812      	ldrb	r2, [r2, #0]
10006c60:	b36a      	cbz	r2, 10006cbe <Paint_DrawString_EN+0x8a>
10006c62:	469a      	mov	sl, r3
10006c64:	460d      	mov	r5, r1
10006c66:	463c      	mov	r4, r7
10006c68:	f8b3 e004 	ldrh.w	lr, [r3, #4]
10006c6c:	e01d      	b.n	10006caa <Paint_DrawString_EN+0x76>
10006c6e:	f8ba 1006 	ldrh.w	r1, [sl, #6]
10006c72:	4429      	add	r1, r5
10006c74:	4281      	cmp	r1, r0
10006c76:	bfc4      	itt	gt
10006c78:	463c      	movgt	r4, r7
10006c7a:	464d      	movgt	r5, r9
10006c7c:	4564      	cmp	r4, ip
10006c7e:	d80b      	bhi.n	10006c98 <Paint_DrawString_EN+0x64>
10006c80:	4285      	cmp	r5, r0
10006c82:	d809      	bhi.n	10006c98 <Paint_DrawString_EN+0x64>
10006c84:	9b03      	ldr	r3, [sp, #12]
10006c86:	4620      	mov	r0, r4
10006c88:	e9cd b300 	strd	fp, r3, [sp]
10006c8c:	4629      	mov	r1, r5
10006c8e:	4653      	mov	r3, sl
10006c90:	f7ff fea8 	bl	100069e4 <Paint_DrawChar.part.0>
10006c94:	f8ba e004 	ldrh.w	lr, [sl, #4]
10006c98:	f816 2f01 	ldrb.w	r2, [r6, #1]!
10006c9c:	4474      	add	r4, lr
10006c9e:	b2a4      	uxth	r4, r4
10006ca0:	b16a      	cbz	r2, 10006cbe <Paint_DrawString_EN+0x8a>
10006ca2:	f8b8 c004 	ldrh.w	ip, [r8, #4]
10006ca6:	f8b8 0006 	ldrh.w	r0, [r8, #6]
10006caa:	eb04 010e 	add.w	r1, r4, lr
10006cae:	4561      	cmp	r1, ip
10006cb0:	dddd      	ble.n	10006c6e <Paint_DrawString_EN+0x3a>
10006cb2:	f8ba 1006 	ldrh.w	r1, [sl, #6]
10006cb6:	463c      	mov	r4, r7
10006cb8:	440d      	add	r5, r1
10006cba:	b2ad      	uxth	r5, r5
10006cbc:	e7d9      	b.n	10006c72 <Paint_DrawString_EN+0x3e>
10006cbe:	b005      	add	sp, #20
10006cc0:	e8bd 8ff0 	ldmia.w	sp!, {r4, r5, r6, r7, r8, r9, sl, fp, pc}
10006cc4:	20001de8 	.word	0x20001de8

10006cc8 <DEV_Digital_Write>:
10006cc8:	3900      	subs	r1, #0
10006cca:	bf18      	it	ne
10006ccc:	2101      	movne	r1, #1
10006cce:	ec41 0040 	gpioc_bit_out_put r0, r1
10006cd2:	4770      	bx	lr

10006cd4 <DEV_Digital_Read>:
10006cd4:	f04f 4250 	mov.w	r2, #3489660928	; 0xd0000000
10006cd8:	2301      	movs	r3, #1
10006cda:	6852      	ldr	r2, [r2, #4]
10006cdc:	fa03 f000 	lsl.w	r0, r3, r0
10006ce0:	4210      	tst	r0, r2
10006ce2:	bf14      	ite	ne
10006ce4:	4618      	movne	r0, r3
10006ce6:	2000      	moveq	r0, #0
10006ce8:	4770      	bx	lr
10006cea:	bf00      	nop

10006cec <DEV_SPI_WriteByte>:
10006cec:	4603      	mov	r3, r0
10006cee:	b500      	push	{lr}
10006cf0:	b083      	sub	sp, #12
10006cf2:	2201      	movs	r2, #1
10006cf4:	f10d 0107 	add.w	r1, sp, #7
10006cf8:	4803      	ldr	r0, [pc, #12]	; (10006d08 <DEV_SPI_WriteByte+0x1c>)
10006cfa:	f88d 3007 	strb.w	r3, [sp, #7]
10006cfe:	f000 fd1f 	bl	10007740 <__spi_write_blocking_veneer>
10006d02:	b003      	add	sp, #12
10006d04:	f85d fb04 	ldr.w	pc, [sp], #4
10006d08:	40088000 	.word	0x40088000

10006d0c <DEV_KEY_Config>:
10006d0c:	b510      	push	{r4, lr}
10006d0e:	4604      	mov	r4, r0
10006d10:	f7f9 ffb8 	bl	10000c84 <gpio_init>
10006d14:	2200      	movs	r2, #0
10006d16:	2101      	movs	r1, #1
10006d18:	4620      	mov	r0, r4
10006d1a:	f7f9 ff19 	bl	10000b50 <gpio_set_pulls>
10006d1e:	2300      	movs	r3, #0
10006d20:	ec43 4044 	gpioc_bit_oe_put r4, r3
10006d24:	bd10      	pop	{r4, pc}
10006d26:	bf00      	nop

10006d28 <DEV_Delay_ms>:
10006d28:	b570      	push	{r4, r5, r6, lr}
10006d2a:	4605      	mov	r5, r0
10006d2c:	f7fb f81c 	bl	10001d68 <time_us_64>
10006d30:	b1c9      	cbz	r1, 10006d66 <DEV_Delay_ms+0x3e>
10006d32:	f44f 727a 	mov.w	r2, #1000	; 0x3e8
10006d36:	2300      	movs	r3, #0
10006d38:	f000 fd12 	bl	10007760 <____aeabi_uldivmod_veneer>
10006d3c:	4604      	mov	r4, r0
10006d3e:	4e0d      	ldr	r6, [pc, #52]	; (10006d74 <DEV_Delay_ms+0x4c>)
10006d40:	f7fb f812 	bl	10001d68 <time_us_64>
10006d44:	b141      	cbz	r1, 10006d58 <DEV_Delay_ms+0x30>
10006d46:	2300      	movs	r3, #0
10006d48:	f44f 727a 	mov.w	r2, #1000	; 0x3e8
10006d4c:	f000 fd08 	bl	10007760 <____aeabi_uldivmod_veneer>
10006d50:	1b03      	subs	r3, r0, r4
10006d52:	429d      	cmp	r5, r3
10006d54:	d8f4      	bhi.n	10006d40 <DEV_Delay_ms+0x18>
10006d56:	bd70      	pop	{r4, r5, r6, pc}
10006d58:	fba6 2300 	umull	r2, r3, r6, r0
10006d5c:	ebc4 1393 	rsb	r3, r4, r3, lsr #6
10006d60:	42ab      	cmp	r3, r5
10006d62:	d3ed      	bcc.n	10006d40 <DEV_Delay_ms+0x18>
10006d64:	bd70      	pop	{r4, r5, r6, pc}
10006d66:	4604      	mov	r4, r0
10006d68:	4802      	ldr	r0, [pc, #8]	; (10006d74 <DEV_Delay_ms+0x4c>)
10006d6a:	fba0 3404 	umull	r3, r4, r0, r4
10006d6e:	09a4      	lsrs	r4, r4, #6
10006d70:	e7e5      	b.n	10006d3e <DEV_Delay_ms+0x16>
10006d72:	bf00      	nop
10006d74:	10624dd3 	.word	0x10624dd3

10006d78 <DEV_Module_Init>:
10006d78:	b5f8      	push	{r3, r4, r5, r6, r7, lr}
10006d7a:	f7fc fff7 	bl	10003d6c <stdio_init_all>
10006d7e:	4936      	ldr	r1, [pc, #216]	; (10006e58 <DEV_Module_Init+0xe0>)
10006d80:	4836      	ldr	r0, [pc, #216]	; (10006e5c <DEV_Module_Init+0xe4>)
10006d82:	f7ff fa45 	bl	10006210 <spi_init>
10006d86:	2101      	movs	r1, #1
10006d88:	200a      	movs	r0, #10
10006d8a:	f7f9 fec3 	bl	10000b14 <gpio_set_function>
10006d8e:	2101      	movs	r1, #1
10006d90:	200b      	movs	r0, #11
10006d92:	f7f9 febf 	bl	10000b14 <gpio_set_function>
10006d96:	200c      	movs	r0, #12
10006d98:	f7f9 ff74 	bl	10000c84 <gpio_init>
10006d9c:	2401      	movs	r4, #1
10006d9e:	230c      	movs	r3, #12
10006da0:	ec44 3044 	gpioc_bit_oe_put r3, r4
10006da4:	2008      	movs	r0, #8
10006da6:	f7f9 ff6d 	bl	10000c84 <gpio_init>
10006daa:	2708      	movs	r7, #8
10006dac:	ec44 7044 	gpioc_bit_oe_put r7, r4
10006db0:	2009      	movs	r0, #9
10006db2:	f7f9 ff67 	bl	10000c84 <gpio_init>
10006db6:	2609      	movs	r6, #9
10006db8:	ec44 6044 	gpioc_bit_oe_put r6, r4
10006dbc:	200d      	movs	r0, #13
10006dbe:	f7f9 ff61 	bl	10000c84 <gpio_init>
10006dc2:	250d      	movs	r5, #13
10006dc4:	ec44 5044 	gpioc_bit_oe_put r5, r4
10006dc8:	4630      	mov	r0, r6
10006dca:	f7f9 ff5b 	bl	10000c84 <gpio_init>
10006dce:	ec44 6044 	gpioc_bit_oe_put r6, r4
10006dd2:	4628      	mov	r0, r5
10006dd4:	f7f9 ff56 	bl	10000c84 <gpio_init>
10006dd8:	ec44 5044 	gpioc_bit_oe_put r5, r4
10006ddc:	ec44 6040 	gpioc_bit_out_put r6, r4
10006de0:	2600      	movs	r6, #0
10006de2:	ec46 7040 	gpioc_bit_out_put r7, r6
10006de6:	ec44 5040 	gpioc_bit_out_put r5, r4
10006dea:	4628      	mov	r0, r5
10006dec:	2506      	movs	r5, #6
10006dee:	2104      	movs	r1, #4
10006df0:	f7f9 fe90 	bl	10000b14 <gpio_set_function>
10006df4:	2364      	movs	r3, #100	; 0x64
10006df6:	491a      	ldr	r1, [pc, #104]	; (10006e60 <DEV_Module_Init+0xe8>)
10006df8:	4a1a      	ldr	r2, [pc, #104]	; (10006e64 <DEV_Module_Init+0xec>)
10006dfa:	600d      	str	r5, [r1, #0]
10006dfc:	f44f 7148 	mov.w	r1, #800	; 0x320
10006e00:	f8c2 3088 	str.w	r3, [r2, #136]	; 0x88
10006e04:	f8d2 3084 	ldr.w	r3, [r2, #132]	; 0x84
10006e08:	4f17      	ldr	r7, [pc, #92]	; (10006e68 <DEV_Module_Init+0xf0>)
10006e0a:	f483 3380 	eor.w	r3, r3, #65536	; 0x10000
10006e0e:	0c1b      	lsrs	r3, r3, #16
10006e10:	041b      	lsls	r3, r3, #16
10006e12:	f8c7 3084 	str.w	r3, [r7, #132]	; 0x84
10006e16:	67d1      	str	r1, [r2, #124]	; 0x7c
10006e18:	6f93      	ldr	r3, [r2, #120]	; 0x78
10006e1a:	4914      	ldr	r1, [pc, #80]	; (10006e6c <DEV_Module_Init+0xf4>)
10006e1c:	43db      	mvns	r3, r3
10006e1e:	4023      	ands	r3, r4
10006e20:	67bb      	str	r3, [r7, #120]	; 0x78
10006e22:	4813      	ldr	r0, [pc, #76]	; (10006e70 <DEV_Module_Init+0xf8>)
10006e24:	f7ff fac2 	bl	100063ac <i2c_init>
10006e28:	4628      	mov	r0, r5
10006e2a:	2103      	movs	r1, #3
10006e2c:	f7f9 fe72 	bl	10000b14 <gpio_set_function>
10006e30:	2103      	movs	r1, #3
10006e32:	2007      	movs	r0, #7
10006e34:	f7f9 fe6e 	bl	10000b14 <gpio_set_function>
10006e38:	4632      	mov	r2, r6
10006e3a:	4621      	mov	r1, r4
10006e3c:	4628      	mov	r0, r5
10006e3e:	f7f9 fe87 	bl	10000b50 <gpio_set_pulls>
10006e42:	4632      	mov	r2, r6
10006e44:	4621      	mov	r1, r4
10006e46:	2007      	movs	r0, #7
10006e48:	f7f9 fe82 	bl	10000b50 <gpio_set_pulls>
10006e4c:	4809      	ldr	r0, [pc, #36]	; (10006e74 <DEV_Module_Init+0xfc>)
10006e4e:	f7fc ffcd 	bl	10003dec <__wrap_puts>
10006e52:	4630      	mov	r0, r6
10006e54:	bdf8      	pop	{r3, r4, r5, r6, r7, pc}
10006e56:	bf00      	nop
10006e58:	00989680 	.word	0x00989680
10006e5c:	40088000 	.word	0x40088000
10006e60:	200025c8 	.word	0x200025c8
10006e64:	400a8000 	.word	0x400a8000
10006e68:	400a9000 	.word	0x400a9000
10006e6c:	000493e0 	.word	0x000493e0
10006e70:	200013c8 	.word	0x200013c8
10006e74:	10007d80 	.word	0x10007d80

10006e78 <malloc>:
10006e78:	4b02      	ldr	r3, [pc, #8]	; (10006e84 <malloc+0xc>)
10006e7a:	4601      	mov	r1, r0
10006e7c:	6818      	ldr	r0, [r3, #0]
10006e7e:	f000 b80b 	b.w	10006e98 <_malloc_r>
10006e82:	bf00      	nop
10006e84:	200013e0 	.word	0x200013e0

10006e88 <free>:
10006e88:	4b02      	ldr	r3, [pc, #8]	; (10006e94 <free+0xc>)
10006e8a:	4601      	mov	r1, r0
10006e8c:	6818      	ldr	r0, [r3, #0]
10006e8e:	f000 bb4d 	b.w	1000752c <_free_r>
10006e92:	bf00      	nop
10006e94:	200013e0 	.word	0x200013e0

10006e98 <_malloc_r>:
10006e98:	f101 030b 	add.w	r3, r1, #11
10006e9c:	2b16      	cmp	r3, #22
10006e9e:	e92d 4ff0 	stmdb	sp!, {r4, r5, r6, r7, r8, r9, sl, fp, lr}
10006ea2:	4605      	mov	r5, r0
10006ea4:	b083      	sub	sp, #12
10006ea6:	d824      	bhi.n	10006ef2 <_malloc_r+0x5a>
10006ea8:	2910      	cmp	r1, #16
10006eaa:	f200 80fc 	bhi.w	100070a6 <_malloc_r+0x20e>
10006eae:	f000 faa9 	bl	10007404 <__malloc_lock>
10006eb2:	2410      	movs	r4, #16
10006eb4:	2218      	movs	r2, #24
10006eb6:	2002      	movs	r0, #2
10006eb8:	4ec4      	ldr	r6, [pc, #784]	; (100071cc <_malloc_r+0x334>)
10006eba:	4432      	add	r2, r6
10006ebc:	6853      	ldr	r3, [r2, #4]
10006ebe:	f1a2 0108 	sub.w	r1, r2, #8
10006ec2:	428b      	cmp	r3, r1
10006ec4:	f000 80f6 	beq.w	100070b4 <_malloc_r+0x21c>
10006ec8:	685a      	ldr	r2, [r3, #4]
10006eca:	4628      	mov	r0, r5
10006ecc:	f022 0203 	bic.w	r2, r2, #3
10006ed0:	e9d3 4102 	ldrd	r4, r1, [r3, #8]
10006ed4:	441a      	add	r2, r3
10006ed6:	60e1      	str	r1, [r4, #12]
10006ed8:	608c      	str	r4, [r1, #8]
10006eda:	f103 0408 	add.w	r4, r3, #8
10006ede:	6853      	ldr	r3, [r2, #4]
10006ee0:	f043 0301 	orr.w	r3, r3, #1
10006ee4:	6053      	str	r3, [r2, #4]
10006ee6:	f000 fa8f 	bl	10007408 <__malloc_unlock>
10006eea:	4620      	mov	r0, r4
10006eec:	b003      	add	sp, #12
10006eee:	e8bd 8ff0 	ldmia.w	sp!, {r4, r5, r6, r7, r8, r9, sl, fp, pc}
10006ef2:	2b00      	cmp	r3, #0
10006ef4:	f023 0407 	bic.w	r4, r3, #7
10006ef8:	f2c0 80d5 	blt.w	100070a6 <_malloc_r+0x20e>
10006efc:	42a1      	cmp	r1, r4
10006efe:	f200 80d2 	bhi.w	100070a6 <_malloc_r+0x20e>
10006f02:	f000 fa7f 	bl	10007404 <__malloc_lock>
10006f06:	f5b4 7ffc 	cmp.w	r4, #504	; 0x1f8
10006f0a:	f0c0 81c2 	bcc.w	10007292 <_malloc_r+0x3fa>
10006f0e:	0a63      	lsrs	r3, r4, #9
10006f10:	f000 813a 	beq.w	10007188 <_malloc_r+0x2f0>
10006f14:	2b04      	cmp	r3, #4
10006f16:	f200 8198 	bhi.w	1000724a <_malloc_r+0x3b2>
10006f1a:	09a3      	lsrs	r3, r4, #6
10006f1c:	f103 0039 	add.w	r0, r3, #57	; 0x39
10006f20:	f103 0738 	add.w	r7, r3, #56	; 0x38
10006f24:	00c3      	lsls	r3, r0, #3
10006f26:	4ea9      	ldr	r6, [pc, #676]	; (100071cc <_malloc_r+0x334>)
10006f28:	4433      	add	r3, r6
10006f2a:	f1a3 0c08 	sub.w	ip, r3, #8
10006f2e:	685b      	ldr	r3, [r3, #4]
10006f30:	459c      	cmp	ip, r3
10006f32:	d107      	bne.n	10006f44 <_malloc_r+0xac>
10006f34:	e0c3      	b.n	100070be <_malloc_r+0x226>
10006f36:	2900      	cmp	r1, #0
10006f38:	f280 8150 	bge.w	100071dc <_malloc_r+0x344>
10006f3c:	68db      	ldr	r3, [r3, #12]
10006f3e:	459c      	cmp	ip, r3
10006f40:	f000 80bd 	beq.w	100070be <_malloc_r+0x226>
10006f44:	685a      	ldr	r2, [r3, #4]
10006f46:	f022 0203 	bic.w	r2, r2, #3
10006f4a:	1b11      	subs	r1, r2, r4
10006f4c:	290f      	cmp	r1, #15
10006f4e:	ddf2      	ble.n	10006f36 <_malloc_r+0x9e>
10006f50:	6933      	ldr	r3, [r6, #16]
10006f52:	4638      	mov	r0, r7
10006f54:	f8df e278 	ldr.w	lr, [pc, #632]	; 100071d0 <_malloc_r+0x338>
10006f58:	4573      	cmp	r3, lr
10006f5a:	f040 80b6 	bne.w	100070ca <_malloc_r+0x232>
10006f5e:	1083      	asrs	r3, r0, #2
10006f60:	2101      	movs	r1, #1
10006f62:	6872      	ldr	r2, [r6, #4]
10006f64:	4099      	lsls	r1, r3
10006f66:	4291      	cmp	r1, r2
10006f68:	f240 80d8 	bls.w	1000711c <_malloc_r+0x284>
10006f6c:	68b7      	ldr	r7, [r6, #8]
10006f6e:	687b      	ldr	r3, [r7, #4]
10006f70:	f023 0903 	bic.w	r9, r3, #3
10006f74:	eba9 0304 	sub.w	r3, r9, r4
10006f78:	2b0f      	cmp	r3, #15
10006f7a:	dd02      	ble.n	10006f82 <_malloc_r+0xea>
10006f7c:	454c      	cmp	r4, r9
10006f7e:	f240 8113 	bls.w	100071a8 <_malloc_r+0x310>
10006f82:	f8df a250 	ldr.w	sl, [pc, #592]	; 100071d4 <_malloc_r+0x33c>
10006f86:	eb07 0309 	add.w	r3, r7, r9
10006f8a:	f8d6 1408 	ldr.w	r1, [r6, #1032]	; 0x408
10006f8e:	f8da 2000 	ldr.w	r2, [sl]
10006f92:	3101      	adds	r1, #1
10006f94:	4422      	add	r2, r4
10006f96:	f000 81ca 	beq.w	1000732e <_malloc_r+0x496>
10006f9a:	f241 010f 	movw	r1, #4111	; 0x100f
10006f9e:	f8df 8238 	ldr.w	r8, [pc, #568]	; 100071d8 <_malloc_r+0x340>
10006fa2:	4411      	add	r1, r2
10006fa4:	ea01 0808 	and.w	r8, r1, r8
10006fa8:	4641      	mov	r1, r8
10006faa:	4628      	mov	r0, r5
10006fac:	9300      	str	r3, [sp, #0]
10006fae:	f000 fa2d 	bl	1000740c <_sbrk_r>
10006fb2:	f1b0 3fff 	cmp.w	r0, #4294967295	; 0xffffffff
10006fb6:	4683      	mov	fp, r0
10006fb8:	9b00      	ldr	r3, [sp, #0]
10006fba:	f000 81a7 	beq.w	1000730c <_malloc_r+0x474>
10006fbe:	42b7      	cmp	r7, r6
10006fc0:	d002      	beq.n	10006fc8 <_malloc_r+0x130>
10006fc2:	4283      	cmp	r3, r0
10006fc4:	f200 81a2 	bhi.w	1000730c <_malloc_r+0x474>
10006fc8:	f8da 1004 	ldr.w	r1, [sl, #4]
10006fcc:	455b      	cmp	r3, fp
10006fce:	4441      	add	r1, r8
10006fd0:	f8ca 1004 	str.w	r1, [sl, #4]
10006fd4:	f000 819d 	beq.w	10007312 <_malloc_r+0x47a>
10006fd8:	f8d6 2408 	ldr.w	r2, [r6, #1032]	; 0x408
10006fdc:	3201      	adds	r2, #1
10006fde:	f000 81a3 	beq.w	10007328 <_malloc_r+0x490>
10006fe2:	ebab 0303 	sub.w	r3, fp, r3
10006fe6:	4419      	add	r1, r3
10006fe8:	f8ca 1004 	str.w	r1, [sl, #4]
10006fec:	f01b 0307 	ands.w	r3, fp, #7
10006ff0:	f000 81a7 	beq.w	10007342 <_malloc_r+0x4aa>
10006ff4:	f1c3 0208 	rsb	r2, r3, #8
10006ff8:	4628      	mov	r0, r5
10006ffa:	9300      	str	r3, [sp, #0]
10006ffc:	4493      	add	fp, r2
10006ffe:	f241 0208 	movw	r2, #4104	; 0x1008
10007002:	44d8      	add	r8, fp
10007004:	1ad2      	subs	r2, r2, r3
10007006:	eba2 0108 	sub.w	r1, r2, r8
1000700a:	f3c1 010b 	ubfx	r1, r1, #0, #12
1000700e:	9101      	str	r1, [sp, #4]
10007010:	f000 f9fc 	bl	1000740c <_sbrk_r>
10007014:	1c42      	adds	r2, r0, #1
10007016:	9b00      	ldr	r3, [sp, #0]
10007018:	f000 81d9 	beq.w	100073ce <_malloc_r+0x536>
1000701c:	eba0 000b 	sub.w	r0, r0, fp
10007020:	9901      	ldr	r1, [sp, #4]
10007022:	eb00 0801 	add.w	r8, r0, r1
10007026:	f8da 2004 	ldr.w	r2, [sl, #4]
1000702a:	f048 0301 	orr.w	r3, r8, #1
1000702e:	42b7      	cmp	r7, r6
10007030:	f8c6 b008 	str.w	fp, [r6, #8]
10007034:	4411      	add	r1, r2
10007036:	f8cb 3004 	str.w	r3, [fp, #4]
1000703a:	f8ca 1004 	str.w	r1, [sl, #4]
1000703e:	f000 81a2 	beq.w	10007386 <_malloc_r+0x4ee>
10007042:	f1b9 0f0f 	cmp.w	r9, #15
10007046:	f240 81a0 	bls.w	1000738a <_malloc_r+0x4f2>
1000704a:	687b      	ldr	r3, [r7, #4]
1000704c:	f1a9 020c 	sub.w	r2, r9, #12
10007050:	2005      	movs	r0, #5
10007052:	f022 0207 	bic.w	r2, r2, #7
10007056:	f003 0301 	and.w	r3, r3, #1
1000705a:	4313      	orrs	r3, r2
1000705c:	2a0f      	cmp	r2, #15
1000705e:	607b      	str	r3, [r7, #4]
10007060:	eb07 0302 	add.w	r3, r7, r2
10007064:	e9c3 0001 	strd	r0, r0, [r3, #4]
10007068:	f200 81a7 	bhi.w	100073ba <_malloc_r+0x522>
1000706c:	f8db 3004 	ldr.w	r3, [fp, #4]
10007070:	465f      	mov	r7, fp
10007072:	f8da 202c 	ldr.w	r2, [sl, #44]	; 0x2c
10007076:	428a      	cmp	r2, r1
10007078:	f8da 2030 	ldr.w	r2, [sl, #48]	; 0x30
1000707c:	bf38      	it	cc
1000707e:	f8ca 102c 	strcc.w	r1, [sl, #44]	; 0x2c
10007082:	428a      	cmp	r2, r1
10007084:	bf38      	it	cc
10007086:	f8ca 1030 	strcc.w	r1, [sl, #48]	; 0x30
1000708a:	f023 0803 	bic.w	r8, r3, #3
1000708e:	4544      	cmp	r4, r8
10007090:	eba8 0304 	sub.w	r3, r8, r4
10007094:	d802      	bhi.n	1000709c <_malloc_r+0x204>
10007096:	2b0f      	cmp	r3, #15
10007098:	f300 8086 	bgt.w	100071a8 <_malloc_r+0x310>
1000709c:	4628      	mov	r0, r5
1000709e:	2400      	movs	r4, #0
100070a0:	f000 f9b2 	bl	10007408 <__malloc_unlock>
100070a4:	e721      	b.n	10006eea <_malloc_r+0x52>
100070a6:	2400      	movs	r4, #0
100070a8:	230c      	movs	r3, #12
100070aa:	4620      	mov	r0, r4
100070ac:	602b      	str	r3, [r5, #0]
100070ae:	b003      	add	sp, #12
100070b0:	e8bd 8ff0 	ldmia.w	sp!, {r4, r5, r6, r7, r8, r9, sl, fp, pc}
100070b4:	68d3      	ldr	r3, [r2, #12]
100070b6:	429a      	cmp	r2, r3
100070b8:	f47f af06 	bne.w	10006ec8 <_malloc_r+0x30>
100070bc:	3002      	adds	r0, #2
100070be:	6933      	ldr	r3, [r6, #16]
100070c0:	f8df e10c 	ldr.w	lr, [pc, #268]	; 100071d0 <_malloc_r+0x338>
100070c4:	4573      	cmp	r3, lr
100070c6:	f43f af4a 	beq.w	10006f5e <_malloc_r+0xc6>
100070ca:	6859      	ldr	r1, [r3, #4]
100070cc:	f021 0103 	bic.w	r1, r1, #3
100070d0:	1b0a      	subs	r2, r1, r4
100070d2:	2a0f      	cmp	r2, #15
100070d4:	f300 80e1 	bgt.w	1000729a <_malloc_r+0x402>
100070d8:	2a00      	cmp	r2, #0
100070da:	e9c6 ee04 	strd	lr, lr, [r6, #16]
100070de:	da58      	bge.n	10007192 <_malloc_r+0x2fa>
100070e0:	f5b1 7f00 	cmp.w	r1, #512	; 0x200
100070e4:	f080 808c 	bcs.w	10007200 <_malloc_r+0x368>
100070e8:	ea4f 0cd1 	mov.w	ip, r1, lsr #3
100070ec:	2201      	movs	r2, #1
100070ee:	0949      	lsrs	r1, r1, #5
100070f0:	f10c 0c01 	add.w	ip, ip, #1
100070f4:	408a      	lsls	r2, r1
100070f6:	6871      	ldr	r1, [r6, #4]
100070f8:	f856 703c 	ldr.w	r7, [r6, ip, lsl #3]
100070fc:	430a      	orrs	r2, r1
100070fe:	eb06 01cc 	add.w	r1, r6, ip, lsl #3
10007102:	3908      	subs	r1, #8
10007104:	6072      	str	r2, [r6, #4]
10007106:	e9c3 7102 	strd	r7, r1, [r3, #8]
1000710a:	f846 303c 	str.w	r3, [r6, ip, lsl #3]
1000710e:	60fb      	str	r3, [r7, #12]
10007110:	1083      	asrs	r3, r0, #2
10007112:	2101      	movs	r1, #1
10007114:	4099      	lsls	r1, r3
10007116:	4291      	cmp	r1, r2
10007118:	f63f af28 	bhi.w	10006f6c <_malloc_r+0xd4>
1000711c:	4211      	tst	r1, r2
1000711e:	d105      	bne.n	1000712c <_malloc_r+0x294>
10007120:	f020 0003 	bic.w	r0, r0, #3
10007124:	0049      	lsls	r1, r1, #1
10007126:	3004      	adds	r0, #4
10007128:	4211      	tst	r1, r2
1000712a:	d0fb      	beq.n	10007124 <_malloc_r+0x28c>
1000712c:	eb06 09c0 	add.w	r9, r6, r0, lsl #3
10007130:	4680      	mov	r8, r0
10007132:	46cc      	mov	ip, r9
10007134:	f8dc 700c 	ldr.w	r7, [ip, #12]
10007138:	45bc      	cmp	ip, r7
1000713a:	d107      	bne.n	1000714c <_malloc_r+0x2b4>
1000713c:	e091      	b.n	10007262 <_malloc_r+0x3ca>
1000713e:	2b00      	cmp	r3, #0
10007140:	f280 8098 	bge.w	10007274 <_malloc_r+0x3dc>
10007144:	68ff      	ldr	r7, [r7, #12]
10007146:	45bc      	cmp	ip, r7
10007148:	f000 808b 	beq.w	10007262 <_malloc_r+0x3ca>
1000714c:	687a      	ldr	r2, [r7, #4]
1000714e:	f022 0203 	bic.w	r2, r2, #3
10007152:	1b13      	subs	r3, r2, r4
10007154:	2b0f      	cmp	r3, #15
10007156:	ddf2      	ble.n	1000713e <_malloc_r+0x2a6>
10007158:	1939      	adds	r1, r7, r4
1000715a:	f044 0401 	orr.w	r4, r4, #1
1000715e:	4628      	mov	r0, r5
10007160:	607c      	str	r4, [r7, #4]
10007162:	f043 0401 	orr.w	r4, r3, #1
10007166:	e9d7 c502 	ldrd	ip, r5, [r7, #8]
1000716a:	f8cc 500c 	str.w	r5, [ip, #12]
1000716e:	f8c5 c008 	str.w	ip, [r5, #8]
10007172:	e9c6 1104 	strd	r1, r1, [r6, #16]
10007176:	604c      	str	r4, [r1, #4]
10007178:	f107 0408 	add.w	r4, r7, #8
1000717c:	e9c1 ee02 	strd	lr, lr, [r1, #8]
10007180:	50bb      	str	r3, [r7, r2]
10007182:	f000 f941 	bl	10007408 <__malloc_unlock>
10007186:	e6b0      	b.n	10006eea <_malloc_r+0x52>
10007188:	f44f 7300 	mov.w	r3, #512	; 0x200
1000718c:	2040      	movs	r0, #64	; 0x40
1000718e:	273f      	movs	r7, #63	; 0x3f
10007190:	e6c9      	b.n	10006f26 <_malloc_r+0x8e>
10007192:	4419      	add	r1, r3
10007194:	f103 0408 	add.w	r4, r3, #8
10007198:	4628      	mov	r0, r5
1000719a:	684b      	ldr	r3, [r1, #4]
1000719c:	f043 0301 	orr.w	r3, r3, #1
100071a0:	604b      	str	r3, [r1, #4]
100071a2:	f000 f931 	bl	10007408 <__malloc_unlock>
100071a6:	e6a0      	b.n	10006eea <_malloc_r+0x52>
100071a8:	193a      	adds	r2, r7, r4
100071aa:	f044 0401 	orr.w	r4, r4, #1
100071ae:	f043 0301 	orr.w	r3, r3, #1
100071b2:	4628      	mov	r0, r5
100071b4:	607c      	str	r4, [r7, #4]
100071b6:	f107 0408 	add.w	r4, r7, #8
100071ba:	60b2      	str	r2, [r6, #8]
100071bc:	6053      	str	r3, [r2, #4]
100071be:	f000 f923 	bl	10007408 <__malloc_unlock>
100071c2:	4620      	mov	r0, r4
100071c4:	b003      	add	sp, #12
100071c6:	e8bd 8ff0 	ldmia.w	sp!, {r4, r5, r6, r7, r8, r9, sl, fp, pc}
100071ca:	bf00      	nop
100071cc:	20001810 	.word	0x20001810
100071d0:	20001818 	.word	0x20001818
100071d4:	20001db0 	.word	0x20001db0
100071d8:	fffff000 	.word	0xfffff000
100071dc:	441a      	add	r2, r3
100071de:	f103 0408 	add.w	r4, r3, #8
100071e2:	4628      	mov	r0, r5
100071e4:	e9d3 6102 	ldrd	r6, r1, [r3, #8]
100071e8:	6853      	ldr	r3, [r2, #4]
100071ea:	60f1      	str	r1, [r6, #12]
100071ec:	f043 0301 	orr.w	r3, r3, #1
100071f0:	608e      	str	r6, [r1, #8]
100071f2:	6053      	str	r3, [r2, #4]
100071f4:	f000 f908 	bl	10007408 <__malloc_unlock>
100071f8:	4620      	mov	r0, r4
100071fa:	b003      	add	sp, #12
100071fc:	e8bd 8ff0 	ldmia.w	sp!, {r4, r5, r6, r7, r8, r9, sl, fp, pc}
10007200:	f5b1 6f20 	cmp.w	r1, #2560	; 0xa00
10007204:	ea4f 2251 	mov.w	r2, r1, lsr #9
10007208:	d359      	bcc.n	100072be <_malloc_r+0x426>
1000720a:	2a14      	cmp	r2, #20
1000720c:	f200 80a9 	bhi.w	10007362 <_malloc_r+0x4ca>
10007210:	f102 075c 	add.w	r7, r2, #92	; 0x5c
10007214:	325b      	adds	r2, #91	; 0x5b
10007216:	00ff      	lsls	r7, r7, #3
10007218:	eb06 0c07 	add.w	ip, r6, r7
1000721c:	59f7      	ldr	r7, [r6, r7]
1000721e:	f1ac 0c08 	sub.w	ip, ip, #8
10007222:	45bc      	cmp	ip, r7
10007224:	f000 8086 	beq.w	10007334 <_malloc_r+0x49c>
10007228:	687a      	ldr	r2, [r7, #4]
1000722a:	f022 0203 	bic.w	r2, r2, #3
1000722e:	428a      	cmp	r2, r1
10007230:	d902      	bls.n	10007238 <_malloc_r+0x3a0>
10007232:	68bf      	ldr	r7, [r7, #8]
10007234:	45bc      	cmp	ip, r7
10007236:	d1f7      	bne.n	10007228 <_malloc_r+0x390>
10007238:	f8d7 c00c 	ldr.w	ip, [r7, #12]
1000723c:	6872      	ldr	r2, [r6, #4]
1000723e:	e9c3 7c02 	strd	r7, ip, [r3, #8]
10007242:	f8cc 3008 	str.w	r3, [ip, #8]
10007246:	60fb      	str	r3, [r7, #12]
10007248:	e762      	b.n	10007110 <_malloc_r+0x278>
1000724a:	2b14      	cmp	r3, #20
1000724c:	d93d      	bls.n	100072ca <_malloc_r+0x432>
1000724e:	2b54      	cmp	r3, #84	; 0x54
10007250:	f200 808f 	bhi.w	10007372 <_malloc_r+0x4da>
10007254:	0b23      	lsrs	r3, r4, #12
10007256:	f103 006f 	add.w	r0, r3, #111	; 0x6f
1000725a:	f103 076e 	add.w	r7, r3, #110	; 0x6e
1000725e:	00c3      	lsls	r3, r0, #3
10007260:	e661      	b.n	10006f26 <_malloc_r+0x8e>
10007262:	f108 0801 	add.w	r8, r8, #1
10007266:	f10c 0c08 	add.w	ip, ip, #8
1000726a:	f018 0f03 	tst.w	r8, #3
1000726e:	f47f af61 	bne.w	10007134 <_malloc_r+0x29c>
10007272:	e035      	b.n	100072e0 <_malloc_r+0x448>
10007274:	443a      	add	r2, r7
10007276:	463c      	mov	r4, r7
10007278:	68f9      	ldr	r1, [r7, #12]
1000727a:	4628      	mov	r0, r5
1000727c:	6853      	ldr	r3, [r2, #4]
1000727e:	f043 0301 	orr.w	r3, r3, #1
10007282:	6053      	str	r3, [r2, #4]
10007284:	f854 3f08 	ldr.w	r3, [r4, #8]!
10007288:	60d9      	str	r1, [r3, #12]
1000728a:	608b      	str	r3, [r1, #8]
1000728c:	f000 f8bc 	bl	10007408 <__malloc_unlock>
10007290:	e62b      	b.n	10006eea <_malloc_r+0x52>
10007292:	08e0      	lsrs	r0, r4, #3
10007294:	f104 0208 	add.w	r2, r4, #8
10007298:	e60e      	b.n	10006eb8 <_malloc_r+0x20>
1000729a:	4628      	mov	r0, r5
1000729c:	191d      	adds	r5, r3, r4
1000729e:	f044 0401 	orr.w	r4, r4, #1
100072a2:	605c      	str	r4, [r3, #4]
100072a4:	f042 0401 	orr.w	r4, r2, #1
100072a8:	e9c6 5504 	strd	r5, r5, [r6, #16]
100072ac:	606c      	str	r4, [r5, #4]
100072ae:	f103 0408 	add.w	r4, r3, #8
100072b2:	e9c5 ee02 	strd	lr, lr, [r5, #8]
100072b6:	505a      	str	r2, [r3, r1]
100072b8:	f000 f8a6 	bl	10007408 <__malloc_unlock>
100072bc:	e615      	b.n	10006eea <_malloc_r+0x52>
100072be:	098a      	lsrs	r2, r1, #6
100072c0:	f102 0739 	add.w	r7, r2, #57	; 0x39
100072c4:	3238      	adds	r2, #56	; 0x38
100072c6:	00ff      	lsls	r7, r7, #3
100072c8:	e7a6      	b.n	10007218 <_malloc_r+0x380>
100072ca:	f103 005c 	add.w	r0, r3, #92	; 0x5c
100072ce:	f103 075b 	add.w	r7, r3, #91	; 0x5b
100072d2:	00c3      	lsls	r3, r0, #3
100072d4:	e627      	b.n	10006f26 <_malloc_r+0x8e>
100072d6:	f859 3908 	ldr.w	r3, [r9], #-8
100072da:	454b      	cmp	r3, r9
100072dc:	f040 8090 	bne.w	10007400 <_malloc_r+0x568>
100072e0:	f010 0f03 	tst.w	r0, #3
100072e4:	f100 30ff 	add.w	r0, r0, #4294967295	; 0xffffffff
100072e8:	d1f5      	bne.n	100072d6 <_malloc_r+0x43e>
100072ea:	6873      	ldr	r3, [r6, #4]
100072ec:	ea23 0301 	bic.w	r3, r3, r1
100072f0:	6073      	str	r3, [r6, #4]
100072f2:	0049      	lsls	r1, r1, #1
100072f4:	f43f ae3a 	beq.w	10006f6c <_malloc_r+0xd4>
100072f8:	4299      	cmp	r1, r3
100072fa:	d903      	bls.n	10007304 <_malloc_r+0x46c>
100072fc:	e636      	b.n	10006f6c <_malloc_r+0xd4>
100072fe:	0049      	lsls	r1, r1, #1
10007300:	f108 0804 	add.w	r8, r8, #4
10007304:	4219      	tst	r1, r3
10007306:	d0fa      	beq.n	100072fe <_malloc_r+0x466>
10007308:	4640      	mov	r0, r8
1000730a:	e70f      	b.n	1000712c <_malloc_r+0x294>
1000730c:	68b7      	ldr	r7, [r6, #8]
1000730e:	687b      	ldr	r3, [r7, #4]
10007310:	e6bb      	b.n	1000708a <_malloc_r+0x1f2>
10007312:	f3c3 020b 	ubfx	r2, r3, #0, #12
10007316:	2a00      	cmp	r2, #0
10007318:	f47f ae5e 	bne.w	10006fd8 <_malloc_r+0x140>
1000731c:	44c8      	add	r8, r9
1000731e:	68b7      	ldr	r7, [r6, #8]
10007320:	f048 0301 	orr.w	r3, r8, #1
10007324:	607b      	str	r3, [r7, #4]
10007326:	e6a4      	b.n	10007072 <_malloc_r+0x1da>
10007328:	f8c6 b408 	str.w	fp, [r6, #1032]	; 0x408
1000732c:	e65e      	b.n	10006fec <_malloc_r+0x154>
1000732e:	f102 0810 	add.w	r8, r2, #16
10007332:	e639      	b.n	10006fa8 <_malloc_r+0x110>
10007334:	1092      	asrs	r2, r2, #2
10007336:	2101      	movs	r1, #1
10007338:	4091      	lsls	r1, r2
1000733a:	6872      	ldr	r2, [r6, #4]
1000733c:	430a      	orrs	r2, r1
1000733e:	6072      	str	r2, [r6, #4]
10007340:	e77d      	b.n	1000723e <_malloc_r+0x3a6>
10007342:	eb0b 0108 	add.w	r1, fp, r8
10007346:	4628      	mov	r0, r5
10007348:	9300      	str	r3, [sp, #0]
1000734a:	4249      	negs	r1, r1
1000734c:	f3c1 010b 	ubfx	r1, r1, #0, #12
10007350:	9101      	str	r1, [sp, #4]
10007352:	f000 f85b 	bl	1000740c <_sbrk_r>
10007356:	1c43      	adds	r3, r0, #1
10007358:	9b00      	ldr	r3, [sp, #0]
1000735a:	f47f ae5f 	bne.w	1000701c <_malloc_r+0x184>
1000735e:	4619      	mov	r1, r3
10007360:	e661      	b.n	10007026 <_malloc_r+0x18e>
10007362:	2a54      	cmp	r2, #84	; 0x54
10007364:	d815      	bhi.n	10007392 <_malloc_r+0x4fa>
10007366:	0b0a      	lsrs	r2, r1, #12
10007368:	f102 076f 	add.w	r7, r2, #111	; 0x6f
1000736c:	326e      	adds	r2, #110	; 0x6e
1000736e:	00ff      	lsls	r7, r7, #3
10007370:	e752      	b.n	10007218 <_malloc_r+0x380>
10007372:	f5b3 7faa 	cmp.w	r3, #340	; 0x154
10007376:	d815      	bhi.n	100073a4 <_malloc_r+0x50c>
10007378:	0be3      	lsrs	r3, r4, #15
1000737a:	f103 0078 	add.w	r0, r3, #120	; 0x78
1000737e:	f103 0777 	add.w	r7, r3, #119	; 0x77
10007382:	00c3      	lsls	r3, r0, #3
10007384:	e5cf      	b.n	10006f26 <_malloc_r+0x8e>
10007386:	465f      	mov	r7, fp
10007388:	e673      	b.n	10007072 <_malloc_r+0x1da>
1000738a:	2301      	movs	r3, #1
1000738c:	f8cb 3004 	str.w	r3, [fp, #4]
10007390:	e684      	b.n	1000709c <_malloc_r+0x204>
10007392:	f5b2 7faa 	cmp.w	r2, #340	; 0x154
10007396:	d820      	bhi.n	100073da <_malloc_r+0x542>
10007398:	0bca      	lsrs	r2, r1, #15
1000739a:	f102 0778 	add.w	r7, r2, #120	; 0x78
1000739e:	3277      	adds	r2, #119	; 0x77
100073a0:	00ff      	lsls	r7, r7, #3
100073a2:	e739      	b.n	10007218 <_malloc_r+0x380>
100073a4:	f240 5254 	movw	r2, #1364	; 0x554
100073a8:	4293      	cmp	r3, r2
100073aa:	d820      	bhi.n	100073ee <_malloc_r+0x556>
100073ac:	0ca3      	lsrs	r3, r4, #18
100073ae:	f103 007d 	add.w	r0, r3, #125	; 0x7d
100073b2:	f103 077c 	add.w	r7, r3, #124	; 0x7c
100073b6:	00c3      	lsls	r3, r0, #3
100073b8:	e5b5      	b.n	10006f26 <_malloc_r+0x8e>
100073ba:	f107 0108 	add.w	r1, r7, #8
100073be:	4628      	mov	r0, r5
100073c0:	f000 f8b4 	bl	1000752c <_free_r>
100073c4:	68b7      	ldr	r7, [r6, #8]
100073c6:	f8da 1004 	ldr.w	r1, [sl, #4]
100073ca:	687b      	ldr	r3, [r7, #4]
100073cc:	e651      	b.n	10007072 <_malloc_r+0x1da>
100073ce:	3b08      	subs	r3, #8
100073d0:	2100      	movs	r1, #0
100073d2:	4498      	add	r8, r3
100073d4:	eba8 080b 	sub.w	r8, r8, fp
100073d8:	e625      	b.n	10007026 <_malloc_r+0x18e>
100073da:	f240 5754 	movw	r7, #1364	; 0x554
100073de:	42ba      	cmp	r2, r7
100073e0:	d80a      	bhi.n	100073f8 <_malloc_r+0x560>
100073e2:	0c8a      	lsrs	r2, r1, #18
100073e4:	f102 077d 	add.w	r7, r2, #125	; 0x7d
100073e8:	327c      	adds	r2, #124	; 0x7c
100073ea:	00ff      	lsls	r7, r7, #3
100073ec:	e714      	b.n	10007218 <_malloc_r+0x380>
100073ee:	f44f 737e 	mov.w	r3, #1016	; 0x3f8
100073f2:	207f      	movs	r0, #127	; 0x7f
100073f4:	277e      	movs	r7, #126	; 0x7e
100073f6:	e596      	b.n	10006f26 <_malloc_r+0x8e>
100073f8:	f44f 777e 	mov.w	r7, #1016	; 0x3f8
100073fc:	227e      	movs	r2, #126	; 0x7e
100073fe:	e70b      	b.n	10007218 <_malloc_r+0x380>
10007400:	6873      	ldr	r3, [r6, #4]
10007402:	e776      	b.n	100072f2 <_malloc_r+0x45a>

10007404 <__malloc_lock>:
10007404:	4770      	bx	lr
10007406:	bf00      	nop

10007408 <__malloc_unlock>:
10007408:	4770      	bx	lr
1000740a:	bf00      	nop

1000740c <_sbrk_r>:
1000740c:	b538      	push	{r3, r4, r5, lr}
1000740e:	2200      	movs	r2, #0
10007410:	4d06      	ldr	r5, [pc, #24]	; (1000742c <_sbrk_r+0x20>)
10007412:	4604      	mov	r4, r0
10007414:	4608      	mov	r0, r1
10007416:	602a      	str	r2, [r5, #0]
10007418:	f7fc fb72 	bl	10003b00 <_sbrk>
1000741c:	1c43      	adds	r3, r0, #1
1000741e:	d000      	beq.n	10007422 <_sbrk_r+0x16>
10007420:	bd38      	pop	{r3, r4, r5, pc}
10007422:	682b      	ldr	r3, [r5, #0]
10007424:	2b00      	cmp	r3, #0
10007426:	d0fb      	beq.n	10007420 <_sbrk_r+0x14>
10007428:	6023      	str	r3, [r4, #0]
1000742a:	bd38      	pop	{r3, r4, r5, pc}
1000742c:	20001de4 	.word	0x20001de4

10007430 <strlen>:
10007430:	f020 0103 	bic.w	r1, r0, #3
10007434:	f010 0003 	ands.w	r0, r0, #3
10007438:	f1c0 0000 	rsb	r0, r0, #0
1000743c:	f851 3b04 	ldr.w	r3, [r1], #4
10007440:	f100 0c04 	add.w	ip, r0, #4
10007444:	ea4f 0ccc 	mov.w	ip, ip, lsl #3
10007448:	f06f 0200 	mvn.w	r2, #0
1000744c:	bf1c      	itt	ne
1000744e:	fa22 f20c 	lsrne.w	r2, r2, ip
10007452:	4313      	orrne	r3, r2
10007454:	f04f 0c01 	mov.w	ip, #1
10007458:	ea4c 2c0c 	orr.w	ip, ip, ip, lsl #8
1000745c:	ea4c 4c0c 	orr.w	ip, ip, ip, lsl #16
10007460:	eba3 020c 	sub.w	r2, r3, ip
10007464:	ea22 0203 	bic.w	r2, r2, r3
10007468:	ea12 12cc 	ands.w	r2, r2, ip, lsl #7
1000746c:	bf04      	itt	eq
1000746e:	f851 3b04 	ldreq.w	r3, [r1], #4
10007472:	3004      	addeq	r0, #4
10007474:	d0f4      	beq.n	10007460 <strlen+0x30>
10007476:	f1c2 0100 	rsb	r1, r2, #0
1000747a:	ea02 0201 	and.w	r2, r2, r1
1000747e:	fab2 f282 	clz	r2, r2
10007482:	f1c2 021f 	rsb	r2, r2, #31
10007486:	eb00 00d2 	add.w	r0, r0, r2, lsr #3
1000748a:	4770      	bx	lr

1000748c <_malloc_trim_r>:
1000748c:	b5f8      	push	{r3, r4, r5, r6, r7, lr}
1000748e:	4f23      	ldr	r7, [pc, #140]	; (1000751c <_malloc_trim_r+0x90>)
10007490:	460c      	mov	r4, r1
10007492:	4606      	mov	r6, r0
10007494:	f7ff ffb6 	bl	10007404 <__malloc_lock>
10007498:	68ba      	ldr	r2, [r7, #8]
1000749a:	f640 73ef 	movw	r3, #4079	; 0xfef
1000749e:	6855      	ldr	r5, [r2, #4]
100074a0:	1b1b      	subs	r3, r3, r4
100074a2:	4c1f      	ldr	r4, [pc, #124]	; (10007520 <_malloc_trim_r+0x94>)
100074a4:	f025 0503 	bic.w	r5, r5, #3
100074a8:	442b      	add	r3, r5
100074aa:	401c      	ands	r4, r3
100074ac:	f5a4 5480 	sub.w	r4, r4, #4096	; 0x1000
100074b0:	f5b4 5f80 	cmp.w	r4, #4096	; 0x1000
100074b4:	db07      	blt.n	100074c6 <_malloc_trim_r+0x3a>
100074b6:	2100      	movs	r1, #0
100074b8:	4630      	mov	r0, r6
100074ba:	f7ff ffa7 	bl	1000740c <_sbrk_r>
100074be:	68bb      	ldr	r3, [r7, #8]
100074c0:	442b      	add	r3, r5
100074c2:	4298      	cmp	r0, r3
100074c4:	d004      	beq.n	100074d0 <_malloc_trim_r+0x44>
100074c6:	4630      	mov	r0, r6
100074c8:	f7ff ff9e 	bl	10007408 <__malloc_unlock>
100074cc:	2000      	movs	r0, #0
100074ce:	bdf8      	pop	{r3, r4, r5, r6, r7, pc}
100074d0:	4261      	negs	r1, r4
100074d2:	4630      	mov	r0, r6
100074d4:	f7ff ff9a 	bl	1000740c <_sbrk_r>
100074d8:	3001      	adds	r0, #1
100074da:	d00d      	beq.n	100074f8 <_malloc_trim_r+0x6c>
100074dc:	1b2d      	subs	r5, r5, r4
100074de:	4b11      	ldr	r3, [pc, #68]	; (10007524 <_malloc_trim_r+0x98>)
100074e0:	68ba      	ldr	r2, [r7, #8]
100074e2:	4630      	mov	r0, r6
100074e4:	f045 0501 	orr.w	r5, r5, #1
100074e8:	6055      	str	r5, [r2, #4]
100074ea:	681a      	ldr	r2, [r3, #0]
100074ec:	1b12      	subs	r2, r2, r4
100074ee:	601a      	str	r2, [r3, #0]
100074f0:	f7ff ff8a 	bl	10007408 <__malloc_unlock>
100074f4:	2001      	movs	r0, #1
100074f6:	bdf8      	pop	{r3, r4, r5, r6, r7, pc}
100074f8:	2100      	movs	r1, #0
100074fa:	4630      	mov	r0, r6
100074fc:	f7ff ff86 	bl	1000740c <_sbrk_r>
10007500:	68ba      	ldr	r2, [r7, #8]
10007502:	1a83      	subs	r3, r0, r2
10007504:	2b0f      	cmp	r3, #15
10007506:	ddde      	ble.n	100074c6 <_malloc_trim_r+0x3a>
10007508:	f043 0301 	orr.w	r3, r3, #1
1000750c:	4905      	ldr	r1, [pc, #20]	; (10007524 <_malloc_trim_r+0x98>)
1000750e:	6053      	str	r3, [r2, #4]
10007510:	4b05      	ldr	r3, [pc, #20]	; (10007528 <_malloc_trim_r+0x9c>)
10007512:	681b      	ldr	r3, [r3, #0]
10007514:	1ac0      	subs	r0, r0, r3
10007516:	6008      	str	r0, [r1, #0]
10007518:	e7d5      	b.n	100074c6 <_malloc_trim_r+0x3a>
1000751a:	bf00      	nop
1000751c:	20001810 	.word	0x20001810
10007520:	fffff000 	.word	0xfffff000
10007524:	20001db4 	.word	0x20001db4
10007528:	20001c18 	.word	0x20001c18

1000752c <_free_r>:
1000752c:	2900      	cmp	r1, #0
1000752e:	d061      	beq.n	100075f4 <_free_r+0xc8>
10007530:	b5f8      	push	{r3, r4, r5, r6, r7, lr}
10007532:	460c      	mov	r4, r1
10007534:	4606      	mov	r6, r0
10007536:	f7ff ff65 	bl	10007404 <__malloc_lock>
1000753a:	4f7c      	ldr	r7, [pc, #496]	; (1000772c <_free_r+0x200>)
1000753c:	f854 2c04 	ldr.w	r2, [r4, #-4]
10007540:	f1a4 0508 	sub.w	r5, r4, #8
10007544:	68b8      	ldr	r0, [r7, #8]
10007546:	f022 0101 	bic.w	r1, r2, #1
1000754a:	eb05 0c01 	add.w	ip, r5, r1
1000754e:	f8dc 3004 	ldr.w	r3, [ip, #4]
10007552:	4560      	cmp	r0, ip
10007554:	f023 0303 	bic.w	r3, r3, #3
10007558:	f000 808b 	beq.w	10007672 <_free_r+0x146>
1000755c:	07d2      	lsls	r2, r2, #31
1000755e:	f8cc 3004 	str.w	r3, [ip, #4]
10007562:	d432      	bmi.n	100075ca <_free_r+0x9e>
10007564:	f854 2c08 	ldr.w	r2, [r4, #-8]
10007568:	f107 0008 	add.w	r0, r7, #8
1000756c:	1aad      	subs	r5, r5, r2
1000756e:	4411      	add	r1, r2
10007570:	68aa      	ldr	r2, [r5, #8]
10007572:	4282      	cmp	r2, r0
10007574:	d06a      	beq.n	1000764c <_free_r+0x120>
10007576:	eb0c 0403 	add.w	r4, ip, r3
1000757a:	f8d4 e004 	ldr.w	lr, [r4, #4]
1000757e:	68ec      	ldr	r4, [r5, #12]
10007580:	f01e 0f01 	tst.w	lr, #1
10007584:	60d4      	str	r4, [r2, #12]
10007586:	60a2      	str	r2, [r4, #8]
10007588:	f000 8097 	beq.w	100076ba <_free_r+0x18e>
1000758c:	f041 0301 	orr.w	r3, r1, #1
10007590:	606b      	str	r3, [r5, #4]
10007592:	f8cc 1000 	str.w	r1, [ip]
10007596:	f5b1 7f00 	cmp.w	r1, #512	; 0x200
1000759a:	d235      	bcs.n	10007608 <_free_r+0xdc>
1000759c:	094a      	lsrs	r2, r1, #5
1000759e:	08cb      	lsrs	r3, r1, #3
100075a0:	2101      	movs	r1, #1
100075a2:	3301      	adds	r3, #1
100075a4:	4091      	lsls	r1, r2
100075a6:	687a      	ldr	r2, [r7, #4]
100075a8:	4311      	orrs	r1, r2
100075aa:	eb07 02c3 	add.w	r2, r7, r3, lsl #3
100075ae:	6079      	str	r1, [r7, #4]
100075b0:	3a08      	subs	r2, #8
100075b2:	f857 1033 	ldr.w	r1, [r7, r3, lsl #3]
100075b6:	e9c5 1202 	strd	r1, r2, [r5, #8]
100075ba:	f847 5033 	str.w	r5, [r7, r3, lsl #3]
100075be:	60cd      	str	r5, [r1, #12]
100075c0:	4630      	mov	r0, r6
100075c2:	e8bd 40f8 	ldmia.w	sp!, {r3, r4, r5, r6, r7, lr}
100075c6:	f7ff bf1f 	b.w	10007408 <__malloc_unlock>
100075ca:	eb0c 0203 	add.w	r2, ip, r3
100075ce:	6852      	ldr	r2, [r2, #4]
100075d0:	07d0      	lsls	r0, r2, #31
100075d2:	d410      	bmi.n	100075f6 <_free_r+0xca>
100075d4:	4419      	add	r1, r3
100075d6:	f107 0008 	add.w	r0, r7, #8
100075da:	f8dc 3008 	ldr.w	r3, [ip, #8]
100075de:	4283      	cmp	r3, r0
100075e0:	d073      	beq.n	100076ca <_free_r+0x19e>
100075e2:	f8dc 200c 	ldr.w	r2, [ip, #12]
100075e6:	60da      	str	r2, [r3, #12]
100075e8:	6093      	str	r3, [r2, #8]
100075ea:	f041 0301 	orr.w	r3, r1, #1
100075ee:	606b      	str	r3, [r5, #4]
100075f0:	5069      	str	r1, [r5, r1]
100075f2:	e7d0      	b.n	10007596 <_free_r+0x6a>
100075f4:	4770      	bx	lr
100075f6:	f041 0301 	orr.w	r3, r1, #1
100075fa:	f5b1 7f00 	cmp.w	r1, #512	; 0x200
100075fe:	f844 3c04 	str.w	r3, [r4, #-4]
10007602:	f8cc 1000 	str.w	r1, [ip]
10007606:	d3c9      	bcc.n	1000759c <_free_r+0x70>
10007608:	f5b1 6f20 	cmp.w	r1, #2560	; 0xa00
1000760c:	ea4f 2351 	mov.w	r3, r1, lsr #9
10007610:	d248      	bcs.n	100076a4 <_free_r+0x178>
10007612:	098b      	lsrs	r3, r1, #6
10007614:	f103 0039 	add.w	r0, r3, #57	; 0x39
10007618:	f103 0238 	add.w	r2, r3, #56	; 0x38
1000761c:	00c3      	lsls	r3, r0, #3
1000761e:	18f8      	adds	r0, r7, r3
10007620:	58fb      	ldr	r3, [r7, r3]
10007622:	3808      	subs	r0, #8
10007624:	4298      	cmp	r0, r3
10007626:	d059      	beq.n	100076dc <_free_r+0x1b0>
10007628:	685a      	ldr	r2, [r3, #4]
1000762a:	f022 0203 	bic.w	r2, r2, #3
1000762e:	428a      	cmp	r2, r1
10007630:	d902      	bls.n	10007638 <_free_r+0x10c>
10007632:	689b      	ldr	r3, [r3, #8]
10007634:	4298      	cmp	r0, r3
10007636:	d1f7      	bne.n	10007628 <_free_r+0xfc>
10007638:	68d8      	ldr	r0, [r3, #12]
1000763a:	e9c5 3002 	strd	r3, r0, [r5, #8]
1000763e:	6085      	str	r5, [r0, #8]
10007640:	4630      	mov	r0, r6
10007642:	60dd      	str	r5, [r3, #12]
10007644:	e8bd 40f8 	ldmia.w	sp!, {r3, r4, r5, r6, r7, lr}
10007648:	f7ff bede 	b.w	10007408 <__malloc_unlock>
1000764c:	eb0c 0203 	add.w	r2, ip, r3
10007650:	6852      	ldr	r2, [r2, #4]
10007652:	07d2      	lsls	r2, r2, #31
10007654:	d463      	bmi.n	1000771e <_free_r+0x1f2>
10007656:	440b      	add	r3, r1
10007658:	4630      	mov	r0, r6
1000765a:	e9dc 1202 	ldrd	r1, r2, [ip, #8]
1000765e:	60ca      	str	r2, [r1, #12]
10007660:	6091      	str	r1, [r2, #8]
10007662:	f043 0201 	orr.w	r2, r3, #1
10007666:	606a      	str	r2, [r5, #4]
10007668:	50eb      	str	r3, [r5, r3]
1000766a:	e8bd 40f8 	ldmia.w	sp!, {r3, r4, r5, r6, r7, lr}
1000766e:	f7ff becb 	b.w	10007408 <__malloc_unlock>
10007672:	440b      	add	r3, r1
10007674:	07d1      	lsls	r1, r2, #31
10007676:	d407      	bmi.n	10007688 <_free_r+0x15c>
10007678:	f854 2c08 	ldr.w	r2, [r4, #-8]
1000767c:	1aad      	subs	r5, r5, r2
1000767e:	4413      	add	r3, r2
10007680:	e9d5 1202 	ldrd	r1, r2, [r5, #8]
10007684:	60ca      	str	r2, [r1, #12]
10007686:	6091      	str	r1, [r2, #8]
10007688:	f043 0201 	orr.w	r2, r3, #1
1000768c:	606a      	str	r2, [r5, #4]
1000768e:	4a28      	ldr	r2, [pc, #160]	; (10007730 <_free_r+0x204>)
10007690:	60bd      	str	r5, [r7, #8]
10007692:	6812      	ldr	r2, [r2, #0]
10007694:	429a      	cmp	r2, r3
10007696:	d893      	bhi.n	100075c0 <_free_r+0x94>
10007698:	4b26      	ldr	r3, [pc, #152]	; (10007734 <_free_r+0x208>)
1000769a:	4630      	mov	r0, r6
1000769c:	6819      	ldr	r1, [r3, #0]
1000769e:	f7ff fef5 	bl	1000748c <_malloc_trim_r>
100076a2:	e78d      	b.n	100075c0 <_free_r+0x94>
100076a4:	2b14      	cmp	r3, #20
100076a6:	d90a      	bls.n	100076be <_free_r+0x192>
100076a8:	2b54      	cmp	r3, #84	; 0x54
100076aa:	d81f      	bhi.n	100076ec <_free_r+0x1c0>
100076ac:	0b0b      	lsrs	r3, r1, #12
100076ae:	f103 006f 	add.w	r0, r3, #111	; 0x6f
100076b2:	f103 026e 	add.w	r2, r3, #110	; 0x6e
100076b6:	00c3      	lsls	r3, r0, #3
100076b8:	e7b1      	b.n	1000761e <_free_r+0xf2>
100076ba:	4419      	add	r1, r3
100076bc:	e78d      	b.n	100075da <_free_r+0xae>
100076be:	f103 005c 	add.w	r0, r3, #92	; 0x5c
100076c2:	f103 025b 	add.w	r2, r3, #91	; 0x5b
100076c6:	00c3      	lsls	r3, r0, #3
100076c8:	e7a9      	b.n	1000761e <_free_r+0xf2>
100076ca:	f041 0301 	orr.w	r3, r1, #1
100076ce:	e9c7 5504 	strd	r5, r5, [r7, #16]
100076d2:	e9c5 0002 	strd	r0, r0, [r5, #8]
100076d6:	606b      	str	r3, [r5, #4]
100076d8:	5069      	str	r1, [r5, r1]
100076da:	e771      	b.n	100075c0 <_free_r+0x94>
100076dc:	2101      	movs	r1, #1
100076de:	1092      	asrs	r2, r2, #2
100076e0:	fa01 f202 	lsl.w	r2, r1, r2
100076e4:	6879      	ldr	r1, [r7, #4]
100076e6:	430a      	orrs	r2, r1
100076e8:	607a      	str	r2, [r7, #4]
100076ea:	e7a6      	b.n	1000763a <_free_r+0x10e>
100076ec:	f5b3 7faa 	cmp.w	r3, #340	; 0x154
100076f0:	d806      	bhi.n	10007700 <_free_r+0x1d4>
100076f2:	0bcb      	lsrs	r3, r1, #15
100076f4:	f103 0078 	add.w	r0, r3, #120	; 0x78
100076f8:	f103 0277 	add.w	r2, r3, #119	; 0x77
100076fc:	00c3      	lsls	r3, r0, #3
100076fe:	e78e      	b.n	1000761e <_free_r+0xf2>
10007700:	f240 5254 	movw	r2, #1364	; 0x554
10007704:	4293      	cmp	r3, r2
10007706:	d806      	bhi.n	10007716 <_free_r+0x1ea>
10007708:	0c8b      	lsrs	r3, r1, #18
1000770a:	f103 007d 	add.w	r0, r3, #125	; 0x7d
1000770e:	f103 027c 	add.w	r2, r3, #124	; 0x7c
10007712:	00c3      	lsls	r3, r0, #3
10007714:	e783      	b.n	1000761e <_free_r+0xf2>
10007716:	f44f 737e 	mov.w	r3, #1016	; 0x3f8
1000771a:	227e      	movs	r2, #126	; 0x7e
1000771c:	e77f      	b.n	1000761e <_free_r+0xf2>
1000771e:	f041 0301 	orr.w	r3, r1, #1
10007722:	606b      	str	r3, [r5, #4]
10007724:	f8cc 1000 	str.w	r1, [ip]
10007728:	e74a      	b.n	100075c0 <_free_r+0x94>
1000772a:	bf00      	nop
1000772c:	20001810 	.word	0x20001810
10007730:	20001c1c 	.word	0x20001c1c
10007734:	20001db0 	.word	0x20001db0

10007738 <__memset_veneer>:
10007738:	f85f f000 	ldr.w	pc, [pc]	; 1000773c <__memset_veneer+0x4>
1000773c:	2000123d 	.word	0x2000123d

10007740 <__spi_write_blocking_veneer>:
10007740:	f85f f000 	ldr.w	pc, [pc]	; 10007744 <__spi_write_blocking_veneer+0x4>
10007744:	20000da1 	.word	0x20000da1

10007748 <__mutex_try_enter_block_until_veneer>:
10007748:	f85f f000 	ldr.w	pc, [pc]	; 1000774c <__mutex_try_enter_block_until_veneer+0x4>
1000774c:	200001f9 	.word	0x200001f9

10007750 <___hw_endpoint_buffer_control_update32_veneer>:
10007750:	f85f f000 	ldr.w	pc, [pc]	; 10007754 <___hw_endpoint_buffer_control_update32_veneer+0x4>
10007754:	20000aa5 	.word	0x20000aa5

10007758 <__reset_non_control_endpoints_veneer>:
10007758:	f85f f000 	ldr.w	pc, [pc]	; 1000775c <__reset_non_control_endpoints_veneer+0x4>
1000775c:	200002a1 	.word	0x200002a1

10007760 <____aeabi_uldivmod_veneer>:
10007760:	f85f f000 	ldr.w	pc, [pc]	; 10007764 <____aeabi_uldivmod_veneer+0x4>
10007764:	20000e31 	.word	0x20000e31

10007768 <__hw_endpoint_reset_transfer_veneer>:
10007768:	f85f f000 	ldr.w	pc, [pc]	; 1000776c <__hw_endpoint_reset_transfer_veneer+0x4>
1000776c:	20000a99 	.word	0x20000a99

10007770 <__hw_endpoint_start_next_buffer_veneer>:
10007770:	f85f f000 	ldr.w	pc, [pc]	; 10007774 <__hw_endpoint_start_next_buffer_veneer+0x4>
10007774:	20000ae9 	.word	0x20000ae9

10007778 <__mutex_exit_veneer>:
10007778:	f85f f000 	ldr.w	pc, [pc]	; 1000777c <__mutex_exit_veneer+0x4>
1000777c:	20000259 	.word	0x20000259

10007780 <__e15_is_critical_frame_period_veneer>:
10007780:	f85f f000 	ldr.w	pc, [pc]	; 10007784 <__e15_is_critical_frame_period_veneer+0x4>
10007784:	20000a71 	.word	0x20000a71

10007788 <__memcpy_veneer>:
10007788:	f85f f000 	ldr.w	pc, [pc]	; 1000778c <__memcpy_veneer+0x4>
1000778c:	20001151 	.word	0x20001151

10007790 <__mutex_try_enter_veneer>:
10007790:	f85f f000 	ldr.w	pc, [pc]	; 10007794 <__mutex_try_enter_veneer+0x4>
10007794:	20000111 	.word	0x20000111

10007798 <__e15_is_bulkin_ep_veneer>:
10007798:	f85f f000 	ldr.w	pc, [pc]	; 1000779c <__e15_is_bulkin_ep_veneer+0x4>
1000779c:	20000a49 	.word	0x20000a49

100077a0 <__mutex_enter_timeout_ms_veneer>:
100077a0:	f85f f000 	ldr.w	pc, [pc]	; 100077a4 <__mutex_enter_timeout_ms_veneer+0x4>
100077a4:	2000022d 	.word	0x2000022d

100077a8 <__pre_init_runtime_init_bootrom_reset>:
100077a8:	10002161                                a!..

100077ac <__pre_init_runtime_init_early_resets>:
100077ac:	100020d5                                . ..

100077b0 <__pre_init_runtime_init_usb_power_down>:
100077b0:	10002109                                .!..

100077b4 <__pre_init_runtime_init_clocks>:
100077b4:	10002251                                Q"..

100077b8 <__pre_init_runtime_init_post_clock_resets>:
100077b8:	10002141                                A!..

100077bc <__pre_init_runtime_init_boot_locks_reset>:
100077bc:	10002059                                Y ..

100077c0 <__pre_init_runtime_init_spin_locks_reset>:
100077c0:	10002189                                .!..

100077c4 <__pre_init_runtime_init_bootrom_locking_enable>:
100077c4:	10002045                                E ..

100077c8 <__pre_init_runtime_init_mutex>:
100077c8:	10001435                                5...

100077cc <__pre_init_runtime_init_install_ram_vector_table>:
100077cc:	1000218d                                .!..

100077d0 <__pre_init_runtime_init_default_alarm_pool>:
100077d0:	10001821                                !...

100077d4 <__pre_init_first_per_core_initializer>:
100077d4:	100020a5                                . ..

100077d8 <__pre_init_runtime_init_per_core_bootrom_reset>:
100077d8:	10002175                                u!..

100077dc <__pre_init_runtime_init_per_core_enable_coprocessors>:
100077dc:	10002125                                %!..

100077e0 <__pre_init_spinlock_set_extexclall>:
100077e0:	10000e29                                )...

100077e4 <__pre_init_runtime_init_per_core_irq_priorities>:
100077e4:	10000e51                                Q...

100077e8 <__init_array_start>:
100077e8:	10004381 	.word	0x10004381

Disassembly of section .data:

20000110 <mutex_try_enter>:
20000110:	4603      	mov	r3, r0
20000112:	b500      	push	{lr}
20000114:	6802      	ldr	r2, [r0, #0]
20000116:	f3ef 8c10 	mrs	ip, PRIMASK
2000011a:	b672      	cpsid	i
2000011c:	e8d2 efcf 	ldaexb	lr, [r2]
20000120:	2001      	movs	r0, #1
20000122:	f1be 0f00 	cmp.w	lr, #0
20000126:	d1f9      	bne.n	2000011c <mutex_try_enter+0xc>
20000128:	e8c2 0f4e 	strexb	lr, r0, [r2]
2000012c:	f1be 0f00 	cmp.w	lr, #0
20000130:	d1f4      	bne.n	2000011c <mutex_try_enter+0xc>
20000132:	f3bf 8f5f 	dmb	sy
20000136:	f993 2004 	ldrsb.w	r2, [r3, #4]
2000013a:	2a00      	cmp	r2, #0
2000013c:	db0a      	blt.n	20000154 <mutex_try_enter+0x44>
2000013e:	b179      	cbz	r1, 20000160 <mutex_try_enter+0x50>
20000140:	2000      	movs	r0, #0
20000142:	600a      	str	r2, [r1, #0]
20000144:	2200      	movs	r2, #0
20000146:	681b      	ldr	r3, [r3, #0]
20000148:	e8c3 2f8f 	stlb	r2, [r3]
2000014c:	f38c 8810 	msr	PRIMASK, ip
20000150:	f85d fb04 	ldr.w	pc, [sp], #4
20000154:	f04f 4250 	mov.w	r2, #3489660928	; 0xd0000000
20000158:	6812      	ldr	r2, [r2, #0]
2000015a:	2001      	movs	r0, #1
2000015c:	711a      	strb	r2, [r3, #4]
2000015e:	e7f1      	b.n	20000144 <mutex_try_enter+0x34>
20000160:	4608      	mov	r0, r1
20000162:	e7ef      	b.n	20000144 <mutex_try_enter+0x34>

20000164 <mutex_enter_block_until>:
20000164:	f04f 4150 	mov.w	r1, #3489660928	; 0xd0000000
20000168:	e92d 47f0 	stmdb	sp!, {r4, r5, r6, r7, r8, r9, sl, lr}
2000016c:	2700      	movs	r7, #0
2000016e:	4604      	mov	r4, r0
20000170:	4616      	mov	r6, r2
20000172:	4699      	mov	r9, r3
20000174:	f8df a07c 	ldr.w	sl, [pc, #124]	; 200001f4 <mutex_enter_block_until+0x90>
20000178:	f8d1 8000 	ldr.w	r8, [r1]
2000017c:	6825      	ldr	r5, [r4, #0]
2000017e:	f3ef 8310 	mrs	r3, PRIMASK
20000182:	b672      	cpsid	i
20000184:	e8d5 1fcf 	ldaexb	r1, [r5]
20000188:	2201      	movs	r2, #1
2000018a:	2900      	cmp	r1, #0
2000018c:	d1fa      	bne.n	20000184 <mutex_enter_block_until+0x20>
2000018e:	e8c5 2f41 	strexb	r1, r2, [r5]
20000192:	2900      	cmp	r1, #0
20000194:	d1f6      	bne.n	20000184 <mutex_enter_block_until+0x20>
20000196:	f3bf 8f5f 	dmb	sy
2000019a:	f994 2004 	ldrsb.w	r2, [r4, #4]
2000019e:	2a00      	cmp	r2, #0
200001a0:	db1d      	blt.n	200001de <mutex_enter_block_until+0x7a>
200001a2:	f89a c000 	ldrb.w	ip, [sl]
200001a6:	6825      	ldr	r5, [r4, #0]
200001a8:	fa5f fc8c 	uxtb.w	ip, ip
200001ac:	e8c5 7f8f 	stlb	r7, [r5]
200001b0:	f383 8810 	msr	PRIMASK, r3
200001b4:	f89a 3000 	ldrb.w	r3, [sl]
200001b8:	4563      	cmp	r3, ip
200001ba:	d008      	beq.n	200001ce <mutex_enter_block_until+0x6a>
200001bc:	4630      	mov	r0, r6
200001be:	4649      	mov	r1, r9
200001c0:	f001 f89a 	bl	200012f8 <__best_effort_wfe_or_timeout_veneer>
200001c4:	2800      	cmp	r0, #0
200001c6:	d0d9      	beq.n	2000017c <mutex_enter_block_until+0x18>
200001c8:	2000      	movs	r0, #0
200001ca:	e8bd 87f0 	ldmia.w	sp!, {r4, r5, r6, r7, r8, r9, sl, pc}
200001ce:	bf20      	wfe
200001d0:	4630      	mov	r0, r6
200001d2:	4649      	mov	r1, r9
200001d4:	f001 f890 	bl	200012f8 <__best_effort_wfe_or_timeout_veneer>
200001d8:	2800      	cmp	r0, #0
200001da:	d0cf      	beq.n	2000017c <mutex_enter_block_until+0x18>
200001dc:	e7f4      	b.n	200001c8 <mutex_enter_block_until+0x64>
200001de:	2200      	movs	r2, #0
200001e0:	6821      	ldr	r1, [r4, #0]
200001e2:	f884 8004 	strb.w	r8, [r4, #4]
200001e6:	e8c1 2f8f 	stlb	r2, [r1]
200001ea:	f383 8810 	msr	PRIMASK, r3
200001ee:	2001      	movs	r0, #1
200001f0:	e8bd 87f0 	ldmia.w	sp!, {r4, r5, r6, r7, r8, r9, sl, pc}
200001f4:	200025ea 	.word	0x200025ea

200001f8 <mutex_try_enter_block_until>:
200001f8:	b570      	push	{r4, r5, r6, lr}
200001fa:	b082      	sub	sp, #8
200001fc:	a901      	add	r1, sp, #4
200001fe:	4606      	mov	r6, r0
20000200:	4615      	mov	r5, r2
20000202:	461c      	mov	r4, r3
20000204:	f7ff ff84 	bl	20000110 <mutex_try_enter>
20000208:	b938      	cbnz	r0, 2000021a <mutex_try_enter_block_until+0x22>
2000020a:	f04f 4350 	mov.w	r3, #3489660928	; 0xd0000000
2000020e:	f99d 2004 	ldrsb.w	r2, [sp, #4]
20000212:	f993 3000 	ldrsb.w	r3, [r3]
20000216:	429a      	cmp	r2, r3
20000218:	d101      	bne.n	2000021e <mutex_try_enter_block_until+0x26>
2000021a:	b002      	add	sp, #8
2000021c:	bd70      	pop	{r4, r5, r6, pc}
2000021e:	462a      	mov	r2, r5
20000220:	4623      	mov	r3, r4
20000222:	4630      	mov	r0, r6
20000224:	f7ff ff9e 	bl	20000164 <mutex_enter_block_until>
20000228:	b002      	add	sp, #8
2000022a:	bd70      	pop	{r4, r5, r6, pc}

2000022c <mutex_enter_timeout_ms>:
2000022c:	b570      	push	{r4, r5, r6, lr}
2000022e:	4605      	mov	r5, r0
20000230:	460c      	mov	r4, r1
20000232:	f001 f859 	bl	200012e8 <__time_us_64_veneer>
20000236:	f44f 7c7a 	mov.w	ip, #1000	; 0x3e8
2000023a:	4602      	mov	r2, r0
2000023c:	460b      	mov	r3, r1
2000023e:	fbe4 230c 	umlal	r2, r3, r4, ip
20000242:	2b00      	cmp	r3, #0
20000244:	4628      	mov	r0, r5
20000246:	e8bd 4070 	ldmia.w	sp!, {r4, r5, r6, lr}
2000024a:	bfbc      	itt	lt
2000024c:	f04f 32ff 	movlt.w	r2, #4294967295	; 0xffffffff
20000250:	f06f 4300 	mvnlt.w	r3, #2147483648	; 0x80000000
20000254:	f7ff bf86 	b.w	20000164 <mutex_enter_block_until>

20000258 <mutex_exit>:
20000258:	6803      	ldr	r3, [r0, #0]
2000025a:	f3ef 8110 	mrs	r1, PRIMASK
2000025e:	b672      	cpsid	i
20000260:	e8d3 cfcf 	ldaexb	ip, [r3]
20000264:	2201      	movs	r2, #1
20000266:	f1bc 0f00 	cmp.w	ip, #0
2000026a:	d1f9      	bne.n	20000260 <mutex_exit+0x8>
2000026c:	e8c3 2f4c 	strexb	ip, r2, [r3]
20000270:	f1bc 0f00 	cmp.w	ip, #0
20000274:	d1f4      	bne.n	20000260 <mutex_exit+0x8>
20000276:	f3bf 8f5f 	dmb	sy
2000027a:	f04f 0cff 	mov.w	ip, #255	; 0xff
2000027e:	4a07      	ldr	r2, [pc, #28]	; (2000029c <mutex_exit+0x44>)
20000280:	f880 c004 	strb.w	ip, [r0, #4]
20000284:	7813      	ldrb	r3, [r2, #0]
20000286:	3301      	adds	r3, #1
20000288:	b2db      	uxtb	r3, r3
2000028a:	7013      	strb	r3, [r2, #0]
2000028c:	6802      	ldr	r2, [r0, #0]
2000028e:	2300      	movs	r3, #0
20000290:	e8c2 3f8f 	stlb	r3, [r2]
20000294:	f381 8810 	msr	PRIMASK, r1
20000298:	bf40      	sev
2000029a:	4770      	bx	lr
2000029c:	200025ea 	.word	0x200025ea

200002a0 <reset_non_control_endpoints>:
200002a0:	2100      	movs	r1, #0
200002a2:	b508      	push	{r3, lr}
200002a4:	4b13      	ldr	r3, [pc, #76]	; (200002f4 <reset_non_control_endpoints+0x54>)
200002a6:	f44f 7270 	mov.w	r2, #960	; 0x3c0
200002aa:	6099      	str	r1, [r3, #8]
200002ac:	4812      	ldr	r0, [pc, #72]	; (200002f8 <reset_non_control_endpoints+0x58>)
200002ae:	60d9      	str	r1, [r3, #12]
200002b0:	6119      	str	r1, [r3, #16]
200002b2:	6159      	str	r1, [r3, #20]
200002b4:	6199      	str	r1, [r3, #24]
200002b6:	61d9      	str	r1, [r3, #28]
200002b8:	6219      	str	r1, [r3, #32]
200002ba:	6259      	str	r1, [r3, #36]	; 0x24
200002bc:	6299      	str	r1, [r3, #40]	; 0x28
200002be:	62d9      	str	r1, [r3, #44]	; 0x2c
200002c0:	6319      	str	r1, [r3, #48]	; 0x30
200002c2:	6359      	str	r1, [r3, #52]	; 0x34
200002c4:	6399      	str	r1, [r3, #56]	; 0x38
200002c6:	63d9      	str	r1, [r3, #60]	; 0x3c
200002c8:	6419      	str	r1, [r3, #64]	; 0x40
200002ca:	6459      	str	r1, [r3, #68]	; 0x44
200002cc:	6499      	str	r1, [r3, #72]	; 0x48
200002ce:	64d9      	str	r1, [r3, #76]	; 0x4c
200002d0:	6519      	str	r1, [r3, #80]	; 0x50
200002d2:	6559      	str	r1, [r3, #84]	; 0x54
200002d4:	6599      	str	r1, [r3, #88]	; 0x58
200002d6:	65d9      	str	r1, [r3, #92]	; 0x5c
200002d8:	6619      	str	r1, [r3, #96]	; 0x60
200002da:	6659      	str	r1, [r3, #100]	; 0x64
200002dc:	6699      	str	r1, [r3, #104]	; 0x68
200002de:	66d9      	str	r1, [r3, #108]	; 0x6c
200002e0:	6719      	str	r1, [r3, #112]	; 0x70
200002e2:	6759      	str	r1, [r3, #116]	; 0x74
200002e4:	6799      	str	r1, [r3, #120]	; 0x78
200002e6:	67d9      	str	r1, [r3, #124]	; 0x7c
200002e8:	f000 ffa8 	bl	2000123c <memset>
200002ec:	4b03      	ldr	r3, [pc, #12]	; (200002fc <reset_non_control_endpoints+0x5c>)
200002ee:	4a04      	ldr	r2, [pc, #16]	; (20000300 <reset_non_control_endpoints+0x60>)
200002f0:	601a      	str	r2, [r3, #0]
200002f2:	bd08      	pop	{r3, pc}
200002f4:	50100000 	.word	0x50100000
200002f8:	200021a8 	.word	0x200021a8
200002fc:	20002570 	.word	0x20002570
20000300:	50100180 	.word	0x50100180

20000304 <hw_handle_buff_status>:
20000304:	e92d 4ff0 	stmdb	sp!, {r4, r5, r6, r7, r8, r9, sl, fp, lr}
20000308:	4b23      	ldr	r3, [pc, #140]	; (20000398 <hw_handle_buff_status+0x94>)
2000030a:	b085      	sub	sp, #20
2000030c:	f8d3 a058 	ldr.w	sl, [r3, #88]	; 0x58
20000310:	f1ba 0f00 	cmp.w	sl, #0
20000314:	d025      	beq.n	20000362 <hw_handle_buff_status+0x5e>
20000316:	2400      	movs	r4, #0
20000318:	2501      	movs	r5, #1
2000031a:	f04f 0802 	mov.w	r8, #2
2000031e:	4f1f      	ldr	r7, [pc, #124]	; (2000039c <hw_handle_buff_status+0x98>)
20000320:	e003      	b.n	2000032a <hw_handle_buff_status+0x26>
20000322:	006d      	lsls	r5, r5, #1
20000324:	b2dc      	uxtb	r4, r3
20000326:	2c20      	cmp	r4, #32
20000328:	d01b      	beq.n	20000362 <hw_handle_buff_status+0x5e>
2000032a:	ea1a 0f05 	tst.w	sl, r5
2000032e:	f104 0301 	add.w	r3, r4, #1
20000332:	d0f6      	beq.n	20000322 <hw_handle_buff_status+0x1e>
20000334:	43e6      	mvns	r6, r4
20000336:	ea4f 0954 	mov.w	r9, r4, lsr #1
2000033a:	f006 0601 	and.w	r6, r6, #1
2000033e:	fb18 6b09 	smlabb	fp, r8, r9, r6
20000342:	4b17      	ldr	r3, [pc, #92]	; (200003a0 <hw_handle_buff_status+0x9c>)
20000344:	eb07 1b4b 	add.w	fp, r7, fp, lsl #5
20000348:	659d      	str	r5, [r3, #88]	; 0x58
2000034a:	4658      	mov	r0, fp
2000034c:	ea2a 0a05 	bic.w	sl, sl, r5
20000350:	006d      	lsls	r5, r5, #1
20000352:	f000 fbfb 	bl	20000b4c <hw_endpoint_xfer_continue>
20000356:	b938      	cbnz	r0, 20000368 <hw_handle_buff_status+0x64>
20000358:	3401      	adds	r4, #1
2000035a:	b2e4      	uxtb	r4, r4
2000035c:	f1ba 0f00 	cmp.w	sl, #0
20000360:	d1e1      	bne.n	20000326 <hw_handle_buff_status+0x22>
20000362:	b005      	add	sp, #20
20000364:	e8bd 8ff0 	ldmia.w	sp!, {r4, r5, r6, r7, r8, r9, sl, fp, pc}
20000368:	f44f 63e0 	mov.w	r3, #1792	; 0x700
2000036c:	f8ad 3004 	strh.w	r3, [sp, #4]
20000370:	2300      	movs	r3, #0
20000372:	eb06 0649 	add.w	r6, r6, r9, lsl #1
20000376:	eb07 1646 	add.w	r6, r7, r6, lsl #5
2000037a:	78b2      	ldrb	r2, [r6, #2]
2000037c:	f88d 3009 	strb.w	r3, [sp, #9]
20000380:	8af3      	ldrh	r3, [r6, #22]
20000382:	a801      	add	r0, sp, #4
20000384:	2101      	movs	r1, #1
20000386:	f88d 2008 	strb.w	r2, [sp, #8]
2000038a:	9303      	str	r3, [sp, #12]
2000038c:	f000 fbfe 	bl	20000b8c <dcd_event_handler>
20000390:	4658      	mov	r0, fp
20000392:	f000 fb81 	bl	20000a98 <hw_endpoint_reset_transfer>
20000396:	e7df      	b.n	20000358 <hw_handle_buff_status+0x54>
20000398:	50110000 	.word	0x50110000
2000039c:	20002168 	.word	0x20002168
200003a0:	50113000 	.word	0x50113000

200003a4 <dcd_rp2040_irq>:
200003a4:	b570      	push	{r4, r5, r6, lr}
200003a6:	4bb2      	ldr	r3, [pc, #712]	; (20000670 <dcd_rp2040_irq+0x2cc>)
200003a8:	b084      	sub	sp, #16
200003aa:	f8d3 5098 	ldr.w	r5, [r3, #152]	; 0x98
200003ae:	f415 3600 	ands.w	r6, r5, #131072	; 0x20000
200003b2:	d074      	beq.n	2000049e <dcd_rp2040_irq+0xfa>
200003b4:	4baf      	ldr	r3, [pc, #700]	; (20000674 <dcd_rp2040_irq+0x2d0>)
200003b6:	4cb0      	ldr	r4, [pc, #704]	; (20000678 <dcd_rp2040_irq+0x2d4>)
200003b8:	6a99      	ldr	r1, [r3, #40]	; 0x28
200003ba:	f894 303b 	ldrb.w	r3, [r4, #59]	; 0x3b
200003be:	4aaf      	ldr	r2, [pc, #700]	; (2000067c <dcd_rp2040_irq+0x2d8>)
200003c0:	2b02      	cmp	r3, #2
200003c2:	6011      	str	r1, [r2, #0]
200003c4:	f000 80f9 	beq.w	200005ba <dcd_rp2040_irq+0x216>
200003c8:	2600      	movs	r6, #0
200003ca:	f894 307b 	ldrb.w	r3, [r4, #123]	; 0x7b
200003ce:	2b02      	cmp	r3, #2
200003d0:	f000 81c8 	beq.w	20000764 <dcd_rp2040_irq+0x3c0>
200003d4:	f894 30bb 	ldrb.w	r3, [r4, #187]	; 0xbb
200003d8:	2b02      	cmp	r3, #2
200003da:	f000 81b9 	beq.w	20000750 <dcd_rp2040_irq+0x3ac>
200003de:	f894 30fb 	ldrb.w	r3, [r4, #251]	; 0xfb
200003e2:	2b02      	cmp	r3, #2
200003e4:	f000 81aa 	beq.w	2000073c <dcd_rp2040_irq+0x398>
200003e8:	f894 313b 	ldrb.w	r3, [r4, #315]	; 0x13b
200003ec:	2b02      	cmp	r3, #2
200003ee:	f000 819a 	beq.w	20000726 <dcd_rp2040_irq+0x382>
200003f2:	f894 317b 	ldrb.w	r3, [r4, #379]	; 0x17b
200003f6:	2b02      	cmp	r3, #2
200003f8:	f000 818a 	beq.w	20000710 <dcd_rp2040_irq+0x36c>
200003fc:	f894 31bb 	ldrb.w	r3, [r4, #443]	; 0x1bb
20000400:	2b02      	cmp	r3, #2
20000402:	f000 817a 	beq.w	200006fa <dcd_rp2040_irq+0x356>
20000406:	f894 31fb 	ldrb.w	r3, [r4, #507]	; 0x1fb
2000040a:	2b02      	cmp	r3, #2
2000040c:	f000 816a 	beq.w	200006e4 <dcd_rp2040_irq+0x340>
20000410:	f894 323b 	ldrb.w	r3, [r4, #571]	; 0x23b
20000414:	2b02      	cmp	r3, #2
20000416:	f000 8159 	beq.w	200006cc <dcd_rp2040_irq+0x328>
2000041a:	f894 327b 	ldrb.w	r3, [r4, #635]	; 0x27b
2000041e:	2b02      	cmp	r3, #2
20000420:	f000 8148 	beq.w	200006b4 <dcd_rp2040_irq+0x310>
20000424:	f894 32bb 	ldrb.w	r3, [r4, #699]	; 0x2bb
20000428:	2b02      	cmp	r3, #2
2000042a:	f000 8137 	beq.w	2000069c <dcd_rp2040_irq+0x2f8>
2000042e:	f894 32fb 	ldrb.w	r3, [r4, #763]	; 0x2fb
20000432:	2b02      	cmp	r3, #2
20000434:	f000 8110 	beq.w	20000658 <dcd_rp2040_irq+0x2b4>
20000438:	f894 333b 	ldrb.w	r3, [r4, #827]	; 0x33b
2000043c:	2b02      	cmp	r3, #2
2000043e:	f000 80ff 	beq.w	20000640 <dcd_rp2040_irq+0x29c>
20000442:	f894 337b 	ldrb.w	r3, [r4, #891]	; 0x37b
20000446:	2b02      	cmp	r3, #2
20000448:	f000 80ee 	beq.w	20000628 <dcd_rp2040_irq+0x284>
2000044c:	f894 33bb 	ldrb.w	r3, [r4, #955]	; 0x3bb
20000450:	2b02      	cmp	r3, #2
20000452:	f000 80d5 	beq.w	20000600 <dcd_rp2040_irq+0x25c>
20000456:	f894 33fb 	ldrb.w	r3, [r4, #1019]	; 0x3fb
2000045a:	2b02      	cmp	r3, #2
2000045c:	f000 80bf 	beq.w	200005de <dcd_rp2040_irq+0x23a>
20000460:	b93e      	cbnz	r6, 20000472 <dcd_rp2040_irq+0xce>
20000462:	4b87      	ldr	r3, [pc, #540]	; (20000680 <dcd_rp2040_irq+0x2dc>)
20000464:	781b      	ldrb	r3, [r3, #0]
20000466:	b923      	cbnz	r3, 20000472 <dcd_rp2040_irq+0xce>
20000468:	f44f 3200 	mov.w	r2, #131072	; 0x20000
2000046c:	4b85      	ldr	r3, [pc, #532]	; (20000684 <dcd_rp2040_irq+0x2e0>)
2000046e:	f8c3 2090 	str.w	r2, [r3, #144]	; 0x90
20000472:	f44f 7240 	mov.w	r2, #768	; 0x300
20000476:	4b7e      	ldr	r3, [pc, #504]	; (20000670 <dcd_rp2040_irq+0x2cc>)
20000478:	2101      	movs	r1, #1
2000047a:	6c9b      	ldr	r3, [r3, #72]	; 0x48
2000047c:	a801      	add	r0, sp, #4
2000047e:	f3c3 030a 	ubfx	r3, r3, #0, #11
20000482:	9302      	str	r3, [sp, #8]
20000484:	f8ad 2004 	strh.w	r2, [sp, #4]
20000488:	f000 fb80 	bl	20000b8c <dcd_event_handler>
2000048c:	06e9      	lsls	r1, r5, #27
2000048e:	f44f 3600 	mov.w	r6, #131072	; 0x20000
20000492:	4c7d      	ldr	r4, [pc, #500]	; (20000688 <dcd_rp2040_irq+0x2e4>)
20000494:	d507      	bpl.n	200004a6 <dcd_rp2040_irq+0x102>
20000496:	f7ff ff35 	bl	20000304 <hw_handle_buff_status>
2000049a:	4626      	mov	r6, r4
2000049c:	e003      	b.n	200004a6 <dcd_rp2040_irq+0x102>
2000049e:	06e9      	lsls	r1, r5, #27
200004a0:	f04f 0410 	mov.w	r4, #16
200004a4:	d4f7      	bmi.n	20000496 <dcd_rp2040_irq+0xf2>
200004a6:	03ea      	lsls	r2, r5, #15
200004a8:	d532      	bpl.n	20000510 <dcd_rp2040_irq+0x16c>
200004aa:	4c73      	ldr	r4, [pc, #460]	; (20000678 <dcd_rp2040_irq+0x2d4>)
200004ac:	f446 3680 	orr.w	r6, r6, #65536	; 0x10000
200004b0:	7ea3      	ldrb	r3, [r4, #26]
200004b2:	b19b      	cbz	r3, 200004dc <dcd_rp2040_irq+0x138>
200004b4:	2102      	movs	r1, #2
200004b6:	4b75      	ldr	r3, [pc, #468]	; (2000068c <dcd_rp2040_irq+0x2e8>)
200004b8:	4a6d      	ldr	r2, [pc, #436]	; (20000670 <dcd_rp2040_irq+0x2cc>)
200004ba:	6619      	str	r1, [r3, #96]	; 0x60
200004bc:	6e53      	ldr	r3, [r2, #100]	; 0x64
200004be:	079b      	lsls	r3, r3, #30
200004c0:	d5fc      	bpl.n	200004bc <dcd_rp2040_irq+0x118>
200004c2:	f44f 5240 	mov.w	r2, #12288	; 0x3000
200004c6:	2100      	movs	r1, #0
200004c8:	486b      	ldr	r0, [pc, #428]	; (20000678 <dcd_rp2040_irq+0x2d4>)
200004ca:	f000 faeb 	bl	20000aa4 <_hw_endpoint_buffer_control_update32>
200004ce:	486a      	ldr	r0, [pc, #424]	; (20000678 <dcd_rp2040_irq+0x2d4>)
200004d0:	f000 fae2 	bl	20000a98 <hw_endpoint_reset_transfer>
200004d4:	2202      	movs	r2, #2
200004d6:	4b6b      	ldr	r3, [pc, #428]	; (20000684 <dcd_rp2040_irq+0x2e0>)
200004d8:	665a      	str	r2, [r3, #100]	; 0x64
200004da:	661a      	str	r2, [r3, #96]	; 0x60
200004dc:	2301      	movs	r3, #1
200004de:	f894 203a 	ldrb.w	r2, [r4, #58]	; 0x3a
200004e2:	70e3      	strb	r3, [r4, #3]
200004e4:	b9fa      	cbnz	r2, 20000526 <dcd_rp2040_irq+0x182>
200004e6:	2301      	movs	r3, #1
200004e8:	f44f 61c0 	mov.w	r1, #1536	; 0x600
200004ec:	4a68      	ldr	r2, [pc, #416]	; (20000690 <dcd_rp2040_irq+0x2ec>)
200004ee:	f884 3023 	strb.w	r3, [r4, #35]	; 0x23
200004f2:	f8ad 1004 	strh.w	r1, [sp, #4]
200004f6:	e892 0003 	ldmia.w	r2, {r0, r1}
200004fa:	aa04      	add	r2, sp, #16
200004fc:	e902 0003 	stmdb	r2, {r0, r1}
20000500:	4619      	mov	r1, r3
20000502:	a801      	add	r0, sp, #4
20000504:	f000 fb42 	bl	20000b8c <dcd_event_handler>
20000508:	f44f 3200 	mov.w	r2, #131072	; 0x20000
2000050c:	4b5d      	ldr	r3, [pc, #372]	; (20000684 <dcd_rp2040_irq+0x2e0>)
2000050e:	651a      	str	r2, [r3, #80]	; 0x50
20000510:	04e9      	lsls	r1, r5, #19
20000512:	d41d      	bmi.n	20000550 <dcd_rp2040_irq+0x1ac>
20000514:	046a      	lsls	r2, r5, #17
20000516:	d432      	bmi.n	2000057e <dcd_rp2040_irq+0x1da>
20000518:	042b      	lsls	r3, r5, #16
2000051a:	d43f      	bmi.n	2000059c <dcd_rp2040_irq+0x1f8>
2000051c:	42ae      	cmp	r6, r5
2000051e:	f040 819a 	bne.w	20000856 <dcd_rp2040_irq+0x4b2>
20000522:	b004      	add	sp, #16
20000524:	bd70      	pop	{r4, r5, r6, pc}
20000526:	4a59      	ldr	r2, [pc, #356]	; (2000068c <dcd_rp2040_irq+0x2e8>)
20000528:	6613      	str	r3, [r2, #96]	; 0x60
2000052a:	f5a2 5200 	sub.w	r2, r2, #8192	; 0x2000
2000052e:	6e53      	ldr	r3, [r2, #100]	; 0x64
20000530:	07d8      	lsls	r0, r3, #31
20000532:	d5fc      	bpl.n	2000052e <dcd_rp2040_irq+0x18a>
20000534:	f44f 5240 	mov.w	r2, #12288	; 0x3000
20000538:	2100      	movs	r1, #0
2000053a:	4856      	ldr	r0, [pc, #344]	; (20000694 <dcd_rp2040_irq+0x2f0>)
2000053c:	f000 fab2 	bl	20000aa4 <_hw_endpoint_buffer_control_update32>
20000540:	4854      	ldr	r0, [pc, #336]	; (20000694 <dcd_rp2040_irq+0x2f0>)
20000542:	f000 faa9 	bl	20000a98 <hw_endpoint_reset_transfer>
20000546:	2201      	movs	r2, #1
20000548:	4b4e      	ldr	r3, [pc, #312]	; (20000684 <dcd_rp2040_irq+0x2e0>)
2000054a:	665a      	str	r2, [r3, #100]	; 0x64
2000054c:	661a      	str	r2, [r3, #96]	; 0x60
2000054e:	e7ca      	b.n	200004e6 <dcd_rp2040_irq+0x142>
20000550:	2400      	movs	r4, #0
20000552:	4b47      	ldr	r3, [pc, #284]	; (20000670 <dcd_rp2040_irq+0x2cc>)
20000554:	f446 5680 	orr.w	r6, r6, #4096	; 0x1000
20000558:	601c      	str	r4, [r3, #0]
2000055a:	f7ff fea1 	bl	200002a0 <reset_non_control_endpoints>
2000055e:	f44f 7380 	mov.w	r3, #256	; 0x100
20000562:	2101      	movs	r1, #1
20000564:	a801      	add	r0, sp, #4
20000566:	f8ad 3004 	strh.w	r3, [sp, #4]
2000056a:	f88d 4008 	strb.w	r4, [sp, #8]
2000056e:	f000 fb0d 	bl	20000b8c <dcd_event_handler>
20000572:	f44f 2200 	mov.w	r2, #524288	; 0x80000
20000576:	4b43      	ldr	r3, [pc, #268]	; (20000684 <dcd_rp2040_irq+0x2e0>)
20000578:	651a      	str	r2, [r3, #80]	; 0x50
2000057a:	046a      	lsls	r2, r5, #17
2000057c:	d5cc      	bpl.n	20000518 <dcd_rp2040_irq+0x174>
2000057e:	f44f 6380 	mov.w	r3, #1024	; 0x400
20000582:	2101      	movs	r1, #1
20000584:	a801      	add	r0, sp, #4
20000586:	f8ad 3004 	strh.w	r3, [sp, #4]
2000058a:	f000 faff 	bl	20000b8c <dcd_event_handler>
2000058e:	2210      	movs	r2, #16
20000590:	4b3c      	ldr	r3, [pc, #240]	; (20000684 <dcd_rp2040_irq+0x2e0>)
20000592:	f446 4680 	orr.w	r6, r6, #16384	; 0x4000
20000596:	651a      	str	r2, [r3, #80]	; 0x50
20000598:	042b      	lsls	r3, r5, #16
2000059a:	d5bf      	bpl.n	2000051c <dcd_rp2040_irq+0x178>
2000059c:	f44f 63a0 	mov.w	r3, #1280	; 0x500
200005a0:	2101      	movs	r1, #1
200005a2:	a801      	add	r0, sp, #4
200005a4:	f8ad 3004 	strh.w	r3, [sp, #4]
200005a8:	f000 faf0 	bl	20000b8c <dcd_event_handler>
200005ac:	f44f 6200 	mov.w	r2, #2048	; 0x800
200005b0:	4b34      	ldr	r3, [pc, #208]	; (20000684 <dcd_rp2040_irq+0x2e0>)
200005b2:	f446 4600 	orr.w	r6, r6, #32768	; 0x8000
200005b6:	651a      	str	r2, [r3, #80]	; 0x50
200005b8:	e7b0      	b.n	2000051c <dcd_rp2040_irq+0x178>
200005ba:	f894 603a 	ldrb.w	r6, [r4, #58]	; 0x3a
200005be:	2e00      	cmp	r6, #0
200005c0:	f43f af03 	beq.w	200003ca <dcd_rp2040_irq+0x26>
200005c4:	f894 303c 	ldrb.w	r3, [r4, #60]	; 0x3c
200005c8:	2b00      	cmp	r3, #0
200005ca:	f43f aefe 	beq.w	200003ca <dcd_rp2040_irq+0x26>
200005ce:	2300      	movs	r3, #0
200005d0:	f104 0020 	add.w	r0, r4, #32
200005d4:	f884 303c 	strb.w	r3, [r4, #60]	; 0x3c
200005d8:	f000 fa86 	bl	20000ae8 <hw_endpoint_start_next_buffer>
200005dc:	e6f5      	b.n	200003ca <dcd_rp2040_irq+0x26>
200005de:	f894 33fa 	ldrb.w	r3, [r4, #1018]	; 0x3fa
200005e2:	2b00      	cmp	r3, #0
200005e4:	f43f af3c 	beq.w	20000460 <dcd_rp2040_irq+0xbc>
200005e8:	f894 33fc 	ldrb.w	r3, [r4, #1020]	; 0x3fc
200005ec:	2b00      	cmp	r3, #0
200005ee:	f43f af40 	beq.w	20000472 <dcd_rp2040_irq+0xce>
200005f2:	2300      	movs	r3, #0
200005f4:	4828      	ldr	r0, [pc, #160]	; (20000698 <dcd_rp2040_irq+0x2f4>)
200005f6:	f884 33fc 	strb.w	r3, [r4, #1020]	; 0x3fc
200005fa:	f000 fa75 	bl	20000ae8 <hw_endpoint_start_next_buffer>
200005fe:	e738      	b.n	20000472 <dcd_rp2040_irq+0xce>
20000600:	f894 33ba 	ldrb.w	r3, [r4, #954]	; 0x3ba
20000604:	2b00      	cmp	r3, #0
20000606:	f43f af26 	beq.w	20000456 <dcd_rp2040_irq+0xb2>
2000060a:	f894 33bc 	ldrb.w	r3, [r4, #956]	; 0x3bc
2000060e:	2b00      	cmp	r3, #0
20000610:	f040 80b2 	bne.w	20000778 <dcd_rp2040_irq+0x3d4>
20000614:	f894 33fb 	ldrb.w	r3, [r4, #1019]	; 0x3fb
20000618:	2b02      	cmp	r3, #2
2000061a:	f47f af2a 	bne.w	20000472 <dcd_rp2040_irq+0xce>
2000061e:	f894 33fa 	ldrb.w	r3, [r4, #1018]	; 0x3fa
20000622:	2b00      	cmp	r3, #0
20000624:	d1e0      	bne.n	200005e8 <dcd_rp2040_irq+0x244>
20000626:	e724      	b.n	20000472 <dcd_rp2040_irq+0xce>
20000628:	f894 337a 	ldrb.w	r3, [r4, #890]	; 0x37a
2000062c:	2b00      	cmp	r3, #0
2000062e:	f43f af0d 	beq.w	2000044c <dcd_rp2040_irq+0xa8>
20000632:	f894 237c 	ldrb.w	r2, [r4, #892]	; 0x37c
20000636:	2a00      	cmp	r2, #0
20000638:	f040 8105 	bne.w	20000846 <dcd_rp2040_irq+0x4a2>
2000063c:	461e      	mov	r6, r3
2000063e:	e705      	b.n	2000044c <dcd_rp2040_irq+0xa8>
20000640:	f894 333a 	ldrb.w	r3, [r4, #826]	; 0x33a
20000644:	2b00      	cmp	r3, #0
20000646:	f43f aefc 	beq.w	20000442 <dcd_rp2040_irq+0x9e>
2000064a:	f894 233c 	ldrb.w	r2, [r4, #828]	; 0x33c
2000064e:	2a00      	cmp	r2, #0
20000650:	f040 80f1 	bne.w	20000836 <dcd_rp2040_irq+0x492>
20000654:	461e      	mov	r6, r3
20000656:	e6f4      	b.n	20000442 <dcd_rp2040_irq+0x9e>
20000658:	f894 32fa 	ldrb.w	r3, [r4, #762]	; 0x2fa
2000065c:	2b00      	cmp	r3, #0
2000065e:	f43f aeeb 	beq.w	20000438 <dcd_rp2040_irq+0x94>
20000662:	f894 22fc 	ldrb.w	r2, [r4, #764]	; 0x2fc
20000666:	2a00      	cmp	r2, #0
20000668:	f040 80dd 	bne.w	20000826 <dcd_rp2040_irq+0x482>
2000066c:	461e      	mov	r6, r3
2000066e:	e6e3      	b.n	20000438 <dcd_rp2040_irq+0x94>
20000670:	50110000 	.word	0x50110000
20000674:	400b0000 	.word	0x400b0000
20000678:	20002168 	.word	0x20002168
2000067c:	20002158 	.word	0x20002158
20000680:	200025e6 	.word	0x200025e6
20000684:	50113000 	.word	0x50113000
20000688:	00020010 	.word	0x00020010
2000068c:	50112000 	.word	0x50112000
20000690:	50100000 	.word	0x50100000
20000694:	20002188 	.word	0x20002188
20000698:	20002548 	.word	0x20002548
2000069c:	f894 32ba 	ldrb.w	r3, [r4, #698]	; 0x2ba
200006a0:	2b00      	cmp	r3, #0
200006a2:	f43f aec4 	beq.w	2000042e <dcd_rp2040_irq+0x8a>
200006a6:	f894 22bc 	ldrb.w	r2, [r4, #700]	; 0x2bc
200006aa:	2a00      	cmp	r2, #0
200006ac:	f040 80b3 	bne.w	20000816 <dcd_rp2040_irq+0x472>
200006b0:	461e      	mov	r6, r3
200006b2:	e6bc      	b.n	2000042e <dcd_rp2040_irq+0x8a>
200006b4:	f894 327a 	ldrb.w	r3, [r4, #634]	; 0x27a
200006b8:	2b00      	cmp	r3, #0
200006ba:	f43f aeb3 	beq.w	20000424 <dcd_rp2040_irq+0x80>
200006be:	f894 227c 	ldrb.w	r2, [r4, #636]	; 0x27c
200006c2:	2a00      	cmp	r2, #0
200006c4:	f040 809f 	bne.w	20000806 <dcd_rp2040_irq+0x462>
200006c8:	461e      	mov	r6, r3
200006ca:	e6ab      	b.n	20000424 <dcd_rp2040_irq+0x80>
200006cc:	f894 323a 	ldrb.w	r3, [r4, #570]	; 0x23a
200006d0:	2b00      	cmp	r3, #0
200006d2:	f43f aea2 	beq.w	2000041a <dcd_rp2040_irq+0x76>
200006d6:	f894 223c 	ldrb.w	r2, [r4, #572]	; 0x23c
200006da:	2a00      	cmp	r2, #0
200006dc:	f040 808b 	bne.w	200007f6 <dcd_rp2040_irq+0x452>
200006e0:	461e      	mov	r6, r3
200006e2:	e69a      	b.n	2000041a <dcd_rp2040_irq+0x76>
200006e4:	f894 31fa 	ldrb.w	r3, [r4, #506]	; 0x1fa
200006e8:	2b00      	cmp	r3, #0
200006ea:	f43f ae91 	beq.w	20000410 <dcd_rp2040_irq+0x6c>
200006ee:	f894 21fc 	ldrb.w	r2, [r4, #508]	; 0x1fc
200006f2:	2a00      	cmp	r2, #0
200006f4:	d177      	bne.n	200007e6 <dcd_rp2040_irq+0x442>
200006f6:	461e      	mov	r6, r3
200006f8:	e68a      	b.n	20000410 <dcd_rp2040_irq+0x6c>
200006fa:	f894 31ba 	ldrb.w	r3, [r4, #442]	; 0x1ba
200006fe:	2b00      	cmp	r3, #0
20000700:	f43f ae81 	beq.w	20000406 <dcd_rp2040_irq+0x62>
20000704:	f894 21bc 	ldrb.w	r2, [r4, #444]	; 0x1bc
20000708:	2a00      	cmp	r2, #0
2000070a:	d164      	bne.n	200007d6 <dcd_rp2040_irq+0x432>
2000070c:	461e      	mov	r6, r3
2000070e:	e67a      	b.n	20000406 <dcd_rp2040_irq+0x62>
20000710:	f894 317a 	ldrb.w	r3, [r4, #378]	; 0x17a
20000714:	2b00      	cmp	r3, #0
20000716:	f43f ae71 	beq.w	200003fc <dcd_rp2040_irq+0x58>
2000071a:	f894 217c 	ldrb.w	r2, [r4, #380]	; 0x17c
2000071e:	2a00      	cmp	r2, #0
20000720:	d151      	bne.n	200007c6 <dcd_rp2040_irq+0x422>
20000722:	461e      	mov	r6, r3
20000724:	e66a      	b.n	200003fc <dcd_rp2040_irq+0x58>
20000726:	f894 313a 	ldrb.w	r3, [r4, #314]	; 0x13a
2000072a:	2b00      	cmp	r3, #0
2000072c:	f43f ae61 	beq.w	200003f2 <dcd_rp2040_irq+0x4e>
20000730:	f894 213c 	ldrb.w	r2, [r4, #316]	; 0x13c
20000734:	2a00      	cmp	r2, #0
20000736:	d13e      	bne.n	200007b6 <dcd_rp2040_irq+0x412>
20000738:	461e      	mov	r6, r3
2000073a:	e65a      	b.n	200003f2 <dcd_rp2040_irq+0x4e>
2000073c:	f894 30fa 	ldrb.w	r3, [r4, #250]	; 0xfa
20000740:	2b00      	cmp	r3, #0
20000742:	f43f ae51 	beq.w	200003e8 <dcd_rp2040_irq+0x44>
20000746:	f894 20fc 	ldrb.w	r2, [r4, #252]	; 0xfc
2000074a:	bb62      	cbnz	r2, 200007a6 <dcd_rp2040_irq+0x402>
2000074c:	461e      	mov	r6, r3
2000074e:	e64b      	b.n	200003e8 <dcd_rp2040_irq+0x44>
20000750:	f894 30ba 	ldrb.w	r3, [r4, #186]	; 0xba
20000754:	2b00      	cmp	r3, #0
20000756:	f43f ae42 	beq.w	200003de <dcd_rp2040_irq+0x3a>
2000075a:	f894 20bc 	ldrb.w	r2, [r4, #188]	; 0xbc
2000075e:	b9d2      	cbnz	r2, 20000796 <dcd_rp2040_irq+0x3f2>
20000760:	461e      	mov	r6, r3
20000762:	e63c      	b.n	200003de <dcd_rp2040_irq+0x3a>
20000764:	f894 307a 	ldrb.w	r3, [r4, #122]	; 0x7a
20000768:	2b00      	cmp	r3, #0
2000076a:	f43f ae33 	beq.w	200003d4 <dcd_rp2040_irq+0x30>
2000076e:	f894 207c 	ldrb.w	r2, [r4, #124]	; 0x7c
20000772:	b942      	cbnz	r2, 20000786 <dcd_rp2040_irq+0x3e2>
20000774:	461e      	mov	r6, r3
20000776:	e62d      	b.n	200003d4 <dcd_rp2040_irq+0x30>
20000778:	2300      	movs	r3, #0
2000077a:	4839      	ldr	r0, [pc, #228]	; (20000860 <dcd_rp2040_irq+0x4bc>)
2000077c:	f884 33bc 	strb.w	r3, [r4, #956]	; 0x3bc
20000780:	f000 f9b2 	bl	20000ae8 <hw_endpoint_start_next_buffer>
20000784:	e746      	b.n	20000614 <dcd_rp2040_irq+0x270>
20000786:	2200      	movs	r2, #0
20000788:	4836      	ldr	r0, [pc, #216]	; (20000864 <dcd_rp2040_irq+0x4c0>)
2000078a:	f884 207c 	strb.w	r2, [r4, #124]	; 0x7c
2000078e:	461e      	mov	r6, r3
20000790:	f000 f9aa 	bl	20000ae8 <hw_endpoint_start_next_buffer>
20000794:	e61e      	b.n	200003d4 <dcd_rp2040_irq+0x30>
20000796:	2200      	movs	r2, #0
20000798:	4833      	ldr	r0, [pc, #204]	; (20000868 <dcd_rp2040_irq+0x4c4>)
2000079a:	f884 20bc 	strb.w	r2, [r4, #188]	; 0xbc
2000079e:	461e      	mov	r6, r3
200007a0:	f000 f9a2 	bl	20000ae8 <hw_endpoint_start_next_buffer>
200007a4:	e61b      	b.n	200003de <dcd_rp2040_irq+0x3a>
200007a6:	2200      	movs	r2, #0
200007a8:	4830      	ldr	r0, [pc, #192]	; (2000086c <dcd_rp2040_irq+0x4c8>)
200007aa:	f884 20fc 	strb.w	r2, [r4, #252]	; 0xfc
200007ae:	461e      	mov	r6, r3
200007b0:	f000 f99a 	bl	20000ae8 <hw_endpoint_start_next_buffer>
200007b4:	e618      	b.n	200003e8 <dcd_rp2040_irq+0x44>
200007b6:	2200      	movs	r2, #0
200007b8:	482d      	ldr	r0, [pc, #180]	; (20000870 <dcd_rp2040_irq+0x4cc>)
200007ba:	f884 213c 	strb.w	r2, [r4, #316]	; 0x13c
200007be:	461e      	mov	r6, r3
200007c0:	f000 f992 	bl	20000ae8 <hw_endpoint_start_next_buffer>
200007c4:	e615      	b.n	200003f2 <dcd_rp2040_irq+0x4e>
200007c6:	2200      	movs	r2, #0
200007c8:	482a      	ldr	r0, [pc, #168]	; (20000874 <dcd_rp2040_irq+0x4d0>)
200007ca:	f884 217c 	strb.w	r2, [r4, #380]	; 0x17c
200007ce:	461e      	mov	r6, r3
200007d0:	f000 f98a 	bl	20000ae8 <hw_endpoint_start_next_buffer>
200007d4:	e612      	b.n	200003fc <dcd_rp2040_irq+0x58>
200007d6:	2200      	movs	r2, #0
200007d8:	4827      	ldr	r0, [pc, #156]	; (20000878 <dcd_rp2040_irq+0x4d4>)
200007da:	f884 21bc 	strb.w	r2, [r4, #444]	; 0x1bc
200007de:	461e      	mov	r6, r3
200007e0:	f000 f982 	bl	20000ae8 <hw_endpoint_start_next_buffer>
200007e4:	e60f      	b.n	20000406 <dcd_rp2040_irq+0x62>
200007e6:	2200      	movs	r2, #0
200007e8:	4824      	ldr	r0, [pc, #144]	; (2000087c <dcd_rp2040_irq+0x4d8>)
200007ea:	f884 21fc 	strb.w	r2, [r4, #508]	; 0x1fc
200007ee:	461e      	mov	r6, r3
200007f0:	f000 f97a 	bl	20000ae8 <hw_endpoint_start_next_buffer>
200007f4:	e60c      	b.n	20000410 <dcd_rp2040_irq+0x6c>
200007f6:	2200      	movs	r2, #0
200007f8:	4821      	ldr	r0, [pc, #132]	; (20000880 <dcd_rp2040_irq+0x4dc>)
200007fa:	f884 223c 	strb.w	r2, [r4, #572]	; 0x23c
200007fe:	461e      	mov	r6, r3
20000800:	f000 f972 	bl	20000ae8 <hw_endpoint_start_next_buffer>
20000804:	e609      	b.n	2000041a <dcd_rp2040_irq+0x76>
20000806:	2200      	movs	r2, #0
20000808:	481e      	ldr	r0, [pc, #120]	; (20000884 <dcd_rp2040_irq+0x4e0>)
2000080a:	f884 227c 	strb.w	r2, [r4, #636]	; 0x27c
2000080e:	461e      	mov	r6, r3
20000810:	f000 f96a 	bl	20000ae8 <hw_endpoint_start_next_buffer>
20000814:	e606      	b.n	20000424 <dcd_rp2040_irq+0x80>
20000816:	2200      	movs	r2, #0
20000818:	481b      	ldr	r0, [pc, #108]	; (20000888 <dcd_rp2040_irq+0x4e4>)
2000081a:	f884 22bc 	strb.w	r2, [r4, #700]	; 0x2bc
2000081e:	461e      	mov	r6, r3
20000820:	f000 f962 	bl	20000ae8 <hw_endpoint_start_next_buffer>
20000824:	e603      	b.n	2000042e <dcd_rp2040_irq+0x8a>
20000826:	2200      	movs	r2, #0
20000828:	4818      	ldr	r0, [pc, #96]	; (2000088c <dcd_rp2040_irq+0x4e8>)
2000082a:	f884 22fc 	strb.w	r2, [r4, #764]	; 0x2fc
2000082e:	461e      	mov	r6, r3
20000830:	f000 f95a 	bl	20000ae8 <hw_endpoint_start_next_buffer>
20000834:	e600      	b.n	20000438 <dcd_rp2040_irq+0x94>
20000836:	2200      	movs	r2, #0
20000838:	4815      	ldr	r0, [pc, #84]	; (20000890 <dcd_rp2040_irq+0x4ec>)
2000083a:	f884 233c 	strb.w	r2, [r4, #828]	; 0x33c
2000083e:	461e      	mov	r6, r3
20000840:	f000 f952 	bl	20000ae8 <hw_endpoint_start_next_buffer>
20000844:	e5fd      	b.n	20000442 <dcd_rp2040_irq+0x9e>
20000846:	2200      	movs	r2, #0
20000848:	4812      	ldr	r0, [pc, #72]	; (20000894 <dcd_rp2040_irq+0x4f0>)
2000084a:	f884 237c 	strb.w	r2, [r4, #892]	; 0x37c
2000084e:	461e      	mov	r6, r3
20000850:	f000 f94a 	bl	20000ae8 <hw_endpoint_start_next_buffer>
20000854:	e5fa      	b.n	2000044c <dcd_rp2040_irq+0xa8>
20000856:	4810      	ldr	r0, [pc, #64]	; (20000898 <dcd_rp2040_irq+0x4f4>)
20000858:	ea86 0105 	eor.w	r1, r6, r5
2000085c:	f000 fd50 	bl	20001300 <__panic_veneer>
20000860:	20002508 	.word	0x20002508
20000864:	200021c8 	.word	0x200021c8
20000868:	20002208 	.word	0x20002208
2000086c:	20002248 	.word	0x20002248
20000870:	20002288 	.word	0x20002288
20000874:	200022c8 	.word	0x200022c8
20000878:	20002308 	.word	0x20002308
2000087c:	20002348 	.word	0x20002348
20000880:	20002388 	.word	0x20002388
20000884:	200023c8 	.word	0x200023c8
20000888:	20002408 	.word	0x20002408
2000088c:	20002448 	.word	0x20002448
20000890:	20002488 	.word	0x20002488
20000894:	200024c8 	.word	0x200024c8
20000898:	10007d04 	.word	0x10007d04

2000089c <prepare_ep_buffer>:
2000089c:	8a82      	ldrh	r2, [r0, #20]
2000089e:	e92d 43f0 	stmdb	sp!, {r4, r5, r6, r7, r8, r9, lr}
200008a2:	8b04      	ldrh	r4, [r0, #24]
200008a4:	78c3      	ldrb	r3, [r0, #3]
200008a6:	4294      	cmp	r4, r2
200008a8:	bf28      	it	cs
200008aa:	4614      	movcs	r4, r2
200008ac:	1b12      	subs	r2, r2, r4
200008ae:	b292      	uxth	r2, r2
200008b0:	8282      	strh	r2, [r0, #20]
200008b2:	2b00      	cmp	r3, #0
200008b4:	d046      	beq.n	20000944 <prepare_ep_buffer+0xa8>
200008b6:	f444 5610 	orr.w	r6, r4, #9216	; 0x2400
200008ba:	f083 0301 	eor.w	r3, r3, #1
200008be:	70c3      	strb	r3, [r0, #3]
200008c0:	7843      	ldrb	r3, [r0, #1]
200008c2:	4635      	mov	r5, r6
200008c4:	bbb3      	cbnz	r3, 20000934 <prepare_ep_buffer+0x98>
200008c6:	68c5      	ldr	r5, [r0, #12]
200008c8:	f104 39ff 	add.w	r9, r4, #4294967295	; 0xffffffff
200008cc:	eb05 1881 	add.w	r8, r5, r1, lsl #6
200008d0:	6905      	ldr	r5, [r0, #16]
200008d2:	b35c      	cbz	r4, 2000092c <prepare_ep_buffer+0x90>
200008d4:	1c6a      	adds	r2, r5, #1
200008d6:	eba8 0702 	sub.w	r7, r8, r2
200008da:	2f02      	cmp	r7, #2
200008dc:	d935      	bls.n	2000094a <prepare_ep_buffer+0xae>
200008de:	f1b9 0f07 	cmp.w	r9, #7
200008e2:	d932      	bls.n	2000094a <prepare_ep_buffer+0xae>
200008e4:	46ae      	mov	lr, r5
200008e6:	46c4      	mov	ip, r8
200008e8:	1f22      	subs	r2, r4, #4
200008ea:	0892      	lsrs	r2, r2, #2
200008ec:	3201      	adds	r2, #1
200008ee:	f85e 7b04 	ldr.w	r7, [lr], #4
200008f2:	3301      	adds	r3, #1
200008f4:	429a      	cmp	r2, r3
200008f6:	f84c 7b04 	str.w	r7, [ip], #4
200008fa:	d8f8      	bhi.n	200008ee <prepare_ep_buffer+0x52>
200008fc:	ebb4 0f82 	cmp.w	r4, r2, lsl #2
20000900:	eba9 0382 	sub.w	r3, r9, r2, lsl #2
20000904:	eb05 0c82 	add.w	ip, r5, r2, lsl #2
20000908:	eb08 0782 	add.w	r7, r8, r2, lsl #2
2000090c:	d00c      	beq.n	20000928 <prepare_ep_buffer+0x8c>
2000090e:	f815 5022 	ldrb.w	r5, [r5, r2, lsl #2]
20000912:	f808 5022 	strb.w	r5, [r8, r2, lsl #2]
20000916:	b13b      	cbz	r3, 20000928 <prepare_ep_buffer+0x8c>
20000918:	f89c 2001 	ldrb.w	r2, [ip, #1]
2000091c:	2b01      	cmp	r3, #1
2000091e:	707a      	strb	r2, [r7, #1]
20000920:	d002      	beq.n	20000928 <prepare_ep_buffer+0x8c>
20000922:	f89c 3002 	ldrb.w	r3, [ip, #2]
20000926:	70bb      	strb	r3, [r7, #2]
20000928:	6905      	ldr	r5, [r0, #16]
2000092a:	8a82      	ldrh	r2, [r0, #20]
2000092c:	442c      	add	r4, r5
2000092e:	6104      	str	r4, [r0, #16]
20000930:	f446 4500 	orr.w	r5, r6, #32768	; 0x8000
20000934:	b90a      	cbnz	r2, 2000093a <prepare_ep_buffer+0x9e>
20000936:	f445 4580 	orr.w	r5, r5, #16384	; 0x4000
2000093a:	b101      	cbz	r1, 2000093e <prepare_ep_buffer+0xa2>
2000093c:	042d      	lsls	r5, r5, #16
2000093e:	4628      	mov	r0, r5
20000940:	e8bd 83f0 	ldmia.w	sp!, {r4, r5, r6, r7, r8, r9, pc}
20000944:	f444 6680 	orr.w	r6, r4, #1024	; 0x400
20000948:	e7b7      	b.n	200008ba <prepare_ep_buffer+0x1e>
2000094a:	f108 38ff 	add.w	r8, r8, #4294967295	; 0xffffffff
2000094e:	4425      	add	r5, r4
20000950:	e000      	b.n	20000954 <prepare_ep_buffer+0xb8>
20000952:	3201      	adds	r2, #1
20000954:	f812 3c01 	ldrb.w	r3, [r2, #-1]
20000958:	42aa      	cmp	r2, r5
2000095a:	f808 3f01 	strb.w	r3, [r8, #1]!
2000095e:	d1f8      	bne.n	20000952 <prepare_ep_buffer+0xb6>
20000960:	e7e2      	b.n	20000928 <prepare_ep_buffer+0x8c>
20000962:	bf00      	nop

20000964 <sync_ep_buffer>:
20000964:	6883      	ldr	r3, [r0, #8]
20000966:	681b      	ldr	r3, [r3, #0]
20000968:	b101      	cbz	r1, 2000096c <sync_ep_buffer+0x8>
2000096a:	0c1b      	lsrs	r3, r3, #16
2000096c:	7842      	ldrb	r2, [r0, #1]
2000096e:	f3c3 0309 	ubfx	r3, r3, #0, #10
20000972:	2a00      	cmp	r2, #0
20000974:	d03f      	beq.n	200009f6 <sync_ep_buffer+0x92>
20000976:	b5f0      	push	{r4, r5, r6, r7, lr}
20000978:	e9d0 2403 	ldrd	r2, r4, [r0, #12]
2000097c:	018d      	lsls	r5, r1, #6
2000097e:	1e5f      	subs	r7, r3, #1
20000980:	eb02 1181 	add.w	r1, r2, r1, lsl #6
20000984:	b35b      	cbz	r3, 200009de <sync_ep_buffer+0x7a>
20000986:	3501      	adds	r5, #1
20000988:	442a      	add	r2, r5
2000098a:	1aa2      	subs	r2, r4, r2
2000098c:	2a02      	cmp	r2, #2
2000098e:	d93c      	bls.n	20000a0a <sync_ep_buffer+0xa6>
20000990:	2f07      	cmp	r7, #7
20000992:	d93a      	bls.n	20000a0a <sync_ep_buffer+0xa6>
20000994:	460d      	mov	r5, r1
20000996:	46a6      	mov	lr, r4
20000998:	2200      	movs	r2, #0
2000099a:	f1a3 0c04 	sub.w	ip, r3, #4
2000099e:	ea4f 0c9c 	mov.w	ip, ip, lsr #2
200009a2:	f10c 0c01 	add.w	ip, ip, #1
200009a6:	f855 6b04 	ldr.w	r6, [r5], #4
200009aa:	3201      	adds	r2, #1
200009ac:	4594      	cmp	ip, r2
200009ae:	f84e 6b04 	str.w	r6, [lr], #4
200009b2:	d8f8      	bhi.n	200009a6 <sync_ep_buffer+0x42>
200009b4:	ebb3 0f8c 	cmp.w	r3, ip, lsl #2
200009b8:	eba7 078c 	sub.w	r7, r7, ip, lsl #2
200009bc:	eb01 058c 	add.w	r5, r1, ip, lsl #2
200009c0:	eb04 028c 	add.w	r2, r4, ip, lsl #2
200009c4:	d00a      	beq.n	200009dc <sync_ep_buffer+0x78>
200009c6:	f811 102c 	ldrb.w	r1, [r1, ip, lsl #2]
200009ca:	f804 102c 	strb.w	r1, [r4, ip, lsl #2]
200009ce:	b12f      	cbz	r7, 200009dc <sync_ep_buffer+0x78>
200009d0:	7869      	ldrb	r1, [r5, #1]
200009d2:	2f01      	cmp	r7, #1
200009d4:	7051      	strb	r1, [r2, #1]
200009d6:	d001      	beq.n	200009dc <sync_ep_buffer+0x78>
200009d8:	78a9      	ldrb	r1, [r5, #2]
200009da:	7091      	strb	r1, [r2, #2]
200009dc:	6904      	ldr	r4, [r0, #16]
200009de:	8ac2      	ldrh	r2, [r0, #22]
200009e0:	441c      	add	r4, r3
200009e2:	441a      	add	r2, r3
200009e4:	82c2      	strh	r2, [r0, #22]
200009e6:	8b02      	ldrh	r2, [r0, #24]
200009e8:	6104      	str	r4, [r0, #16]
200009ea:	429a      	cmp	r2, r3
200009ec:	bf84      	itt	hi
200009ee:	2200      	movhi	r2, #0
200009f0:	8282      	strhhi	r2, [r0, #20]
200009f2:	4618      	mov	r0, r3
200009f4:	bdf0      	pop	{r4, r5, r6, r7, pc}
200009f6:	8ac2      	ldrh	r2, [r0, #22]
200009f8:	441a      	add	r2, r3
200009fa:	82c2      	strh	r2, [r0, #22]
200009fc:	8b02      	ldrh	r2, [r0, #24]
200009fe:	429a      	cmp	r2, r3
20000a00:	bf84      	itt	hi
20000a02:	2200      	movhi	r2, #0
20000a04:	8282      	strhhi	r2, [r0, #20]
20000a06:	4618      	mov	r0, r3
20000a08:	4770      	bx	lr
20000a0a:	3c01      	subs	r4, #1
20000a0c:	18cd      	adds	r5, r1, r3
20000a0e:	f811 2b01 	ldrb.w	r2, [r1], #1
20000a12:	42a9      	cmp	r1, r5
20000a14:	f804 2f01 	strb.w	r2, [r4, #1]!
20000a18:	d1f9      	bne.n	20000a0e <sync_ep_buffer+0xaa>
20000a1a:	e7df      	b.n	200009dc <sync_ep_buffer+0x78>

20000a1c <_hw_endpoint_xfer_sync>:
20000a1c:	b510      	push	{r4, lr}
20000a1e:	4604      	mov	r4, r0
20000a20:	6883      	ldr	r3, [r0, #8]
20000a22:	2100      	movs	r1, #0
20000a24:	681b      	ldr	r3, [r3, #0]
20000a26:	f7ff ff9d 	bl	20000964 <sync_ep_buffer>
20000a2a:	6863      	ldr	r3, [r4, #4]
20000a2c:	681b      	ldr	r3, [r3, #0]
20000a2e:	005b      	lsls	r3, r3, #1
20000a30:	d502      	bpl.n	20000a38 <_hw_endpoint_xfer_sync+0x1c>
20000a32:	8b23      	ldrh	r3, [r4, #24]
20000a34:	4283      	cmp	r3, r0
20000a36:	d000      	beq.n	20000a3a <_hw_endpoint_xfer_sync+0x1e>
20000a38:	bd10      	pop	{r4, pc}
20000a3a:	4620      	mov	r0, r4
20000a3c:	e8bd 4010 	ldmia.w	sp!, {r4, lr}
20000a40:	2101      	movs	r1, #1
20000a42:	f7ff bf8f 	b.w	20000964 <sync_ep_buffer>
20000a46:	bf00      	nop

20000a48 <e15_is_bulkin_ep>:
20000a48:	4b08      	ldr	r3, [pc, #32]	; (20000a6c <e15_is_bulkin_ep+0x24>)
20000a4a:	6c1b      	ldr	r3, [r3, #64]	; 0x40
20000a4c:	f013 0302 	ands.w	r3, r3, #2
20000a50:	d102      	bne.n	20000a58 <e15_is_bulkin_ep+0x10>
20000a52:	7882      	ldrb	r2, [r0, #2]
20000a54:	09d2      	lsrs	r2, r2, #7
20000a56:	d101      	bne.n	20000a5c <e15_is_bulkin_ep+0x14>
20000a58:	2000      	movs	r0, #0
20000a5a:	4770      	bx	lr
20000a5c:	7ec0      	ldrb	r0, [r0, #27]
20000a5e:	f1a0 0002 	sub.w	r0, r0, #2
20000a62:	fab0 f080 	clz	r0, r0
20000a66:	0940      	lsrs	r0, r0, #5
20000a68:	4770      	bx	lr
20000a6a:	bf00      	nop
20000a6c:	50110000 	.word	0x50110000

20000a70 <e15_is_critical_frame_period>:
20000a70:	b508      	push	{r3, lr}
20000a72:	f7ff ffe9 	bl	20000a48 <e15_is_bulkin_ep>
20000a76:	b150      	cbz	r0, 20000a8e <e15_is_critical_frame_period+0x1e>
20000a78:	4a05      	ldr	r2, [pc, #20]	; (20000a90 <e15_is_critical_frame_period+0x20>)
20000a7a:	4b06      	ldr	r3, [pc, #24]	; (20000a94 <e15_is_critical_frame_period+0x24>)
20000a7c:	6a90      	ldr	r0, [r2, #40]	; 0x28
20000a7e:	681b      	ldr	r3, [r3, #0]
20000a80:	f5a0 7048 	sub.w	r0, r0, #800	; 0x320
20000a84:	1ac0      	subs	r0, r0, r3
20000a86:	28c6      	cmp	r0, #198	; 0xc6
20000a88:	bf8c      	ite	hi
20000a8a:	2000      	movhi	r0, #0
20000a8c:	2001      	movls	r0, #1
20000a8e:	bd08      	pop	{r3, pc}
20000a90:	400b0000 	.word	0x400b0000
20000a94:	20002158 	.word	0x20002158

20000a98 <hw_endpoint_reset_transfer>:
20000a98:	2300      	movs	r3, #0
20000a9a:	e9c0 3304 	strd	r3, r3, [r0, #16]
20000a9e:	7683      	strb	r3, [r0, #26]
20000aa0:	4770      	bx	lr
20000aa2:	bf00      	nop

20000aa4 <_hw_endpoint_buffer_control_update32>:
20000aa4:	b510      	push	{r4, lr}
20000aa6:	6883      	ldr	r3, [r0, #8]
20000aa8:	b109      	cbz	r1, 20000aae <_hw_endpoint_buffer_control_update32+0xa>
20000aaa:	681c      	ldr	r4, [r3, #0]
20000aac:	4021      	ands	r1, r4
20000aae:	b182      	cbz	r2, 20000ad2 <_hw_endpoint_buffer_control_update32+0x2e>
20000ab0:	4311      	orrs	r1, r2
20000ab2:	0552      	lsls	r2, r2, #21
20000ab4:	d50d      	bpl.n	20000ad2 <_hw_endpoint_buffer_control_update32+0x2e>
20000ab6:	681a      	ldr	r2, [r3, #0]
20000ab8:	0554      	lsls	r4, r2, #21
20000aba:	d40c      	bmi.n	20000ad6 <_hw_endpoint_buffer_control_update32+0x32>
20000abc:	4a08      	ldr	r2, [pc, #32]	; (20000ae0 <_hw_endpoint_buffer_control_update32+0x3c>)
20000abe:	f421 6480 	bic.w	r4, r1, #1024	; 0x400
20000ac2:	601c      	str	r4, [r3, #0]
20000ac4:	6c12      	ldr	r2, [r2, #64]	; 0x40
20000ac6:	0792      	lsls	r2, r2, #30
20000ac8:	d403      	bmi.n	20000ad2 <_hw_endpoint_buffer_control_update32+0x2e>
20000aca:	230c      	movs	r3, #12
20000acc:	3b03      	subs	r3, #3
20000ace:	d2fd      	bcs.n	20000acc <_hw_endpoint_buffer_control_update32+0x28>
20000ad0:	6883      	ldr	r3, [r0, #8]
20000ad2:	6019      	str	r1, [r3, #0]
20000ad4:	bd10      	pop	{r4, pc}
20000ad6:	7881      	ldrb	r1, [r0, #2]
20000ad8:	4802      	ldr	r0, [pc, #8]	; (20000ae4 <_hw_endpoint_buffer_control_update32+0x40>)
20000ada:	f000 fc11 	bl	20001300 <__panic_veneer>
20000ade:	bf00      	nop
20000ae0:	50110000 	.word	0x50110000
20000ae4:	10007d18 	.word	0x10007d18

20000ae8 <hw_endpoint_start_next_buffer>:
20000ae8:	b530      	push	{r4, r5, lr}
20000aea:	6843      	ldr	r3, [r0, #4]
20000aec:	2100      	movs	r1, #0
20000aee:	b083      	sub	sp, #12
20000af0:	4604      	mov	r4, r0
20000af2:	681d      	ldr	r5, [r3, #0]
20000af4:	f7ff fed2 	bl	2000089c <prepare_ep_buffer>
20000af8:	4b13      	ldr	r3, [pc, #76]	; (20000b48 <hw_endpoint_start_next_buffer+0x60>)
20000afa:	f440 5280 	orr.w	r2, r0, #4096	; 0x1000
20000afe:	6c1b      	ldr	r3, [r3, #64]	; 0x40
20000b00:	f013 0f02 	tst.w	r3, #2
20000b04:	78a3      	ldrb	r3, [r4, #2]
20000b06:	d00e      	beq.n	20000b26 <hw_endpoint_start_next_buffer+0x3e>
20000b08:	065b      	lsls	r3, r3, #25
20000b0a:	d00e      	beq.n	20000b2a <hw_endpoint_start_next_buffer+0x42>
20000b0c:	f025 45a0 	bic.w	r5, r5, #1342177280	; 0x50000000
20000b10:	f045 5500 	orr.w	r5, r5, #536870912	; 0x20000000
20000b14:	2100      	movs	r1, #0
20000b16:	4620      	mov	r0, r4
20000b18:	6863      	ldr	r3, [r4, #4]
20000b1a:	601d      	str	r5, [r3, #0]
20000b1c:	b003      	add	sp, #12
20000b1e:	e8bd 4030 	ldmia.w	sp!, {r4, r5, lr}
20000b22:	f7ff bfbf 	b.w	20000aa4 <_hw_endpoint_buffer_control_update32>
20000b26:	09db      	lsrs	r3, r3, #7
20000b28:	d0f0      	beq.n	20000b0c <hw_endpoint_start_next_buffer+0x24>
20000b2a:	8aa3      	ldrh	r3, [r4, #20]
20000b2c:	2b00      	cmp	r3, #0
20000b2e:	d0ed      	beq.n	20000b0c <hw_endpoint_start_next_buffer+0x24>
20000b30:	2101      	movs	r1, #1
20000b32:	4620      	mov	r0, r4
20000b34:	9201      	str	r2, [sp, #4]
20000b36:	f7ff feb1 	bl	2000089c <prepare_ep_buffer>
20000b3a:	9a01      	ldr	r2, [sp, #4]
20000b3c:	f025 5500 	bic.w	r5, r5, #536870912	; 0x20000000
20000b40:	f045 45a0 	orr.w	r5, r5, #1342177280	; 0x50000000
20000b44:	4302      	orrs	r2, r0
20000b46:	e7e5      	b.n	20000b14 <hw_endpoint_start_next_buffer+0x2c>
20000b48:	50110000 	.word	0x50110000

20000b4c <hw_endpoint_xfer_continue>:
20000b4c:	b538      	push	{r3, r4, r5, lr}
20000b4e:	7e85      	ldrb	r5, [r0, #26]
20000b50:	4604      	mov	r4, r0
20000b52:	b1a5      	cbz	r5, 20000b7e <hw_endpoint_xfer_continue+0x32>
20000b54:	f7ff ff62 	bl	20000a1c <_hw_endpoint_xfer_sync>
20000b58:	8aa3      	ldrh	r3, [r4, #20]
20000b5a:	b90b      	cbnz	r3, 20000b60 <hw_endpoint_xfer_continue+0x14>
20000b5c:	4628      	mov	r0, r5
20000b5e:	bd38      	pop	{r3, r4, r5, pc}
20000b60:	4620      	mov	r0, r4
20000b62:	f7ff ff85 	bl	20000a70 <e15_is_critical_frame_period>
20000b66:	4605      	mov	r5, r0
20000b68:	b120      	cbz	r0, 20000b74 <hw_endpoint_xfer_continue+0x28>
20000b6a:	2301      	movs	r3, #1
20000b6c:	2500      	movs	r5, #0
20000b6e:	7723      	strb	r3, [r4, #28]
20000b70:	4628      	mov	r0, r5
20000b72:	bd38      	pop	{r3, r4, r5, pc}
20000b74:	4620      	mov	r0, r4
20000b76:	f7ff ffb7 	bl	20000ae8 <hw_endpoint_start_next_buffer>
20000b7a:	4628      	mov	r0, r5
20000b7c:	bd38      	pop	{r3, r4, r5, pc}
20000b7e:	7881      	ldrb	r1, [r0, #2]
20000b80:	4801      	ldr	r0, [pc, #4]	; (20000b88 <hw_endpoint_xfer_continue+0x3c>)
20000b82:	f000 fbbd 	bl	20001300 <__panic_veneer>
20000b86:	bf00      	nop
20000b88:	10007d38 	.word	0x10007d38

20000b8c <dcd_event_handler>:
20000b8c:	e92d 43f0 	stmdb	sp!, {r4, r5, r6, r7, r8, r9, lr}
20000b90:	7843      	ldrb	r3, [r0, #1]
20000b92:	4604      	mov	r4, r0
20000b94:	3b02      	subs	r3, #2
20000b96:	460e      	mov	r6, r1
20000b98:	b085      	sub	sp, #20
20000b9a:	2b04      	cmp	r3, #4
20000b9c:	d815      	bhi.n	20000bca <dcd_event_handler+0x3e>
20000b9e:	e8df f013 	tbh	[pc, r3, lsl #1]
20000ba2:	0005      	.short	0x0005
20000ba4:	00a4004a 	.word	0x00a4004a
20000ba8:	004400ad 	.word	0x004400ad
20000bac:	2100      	movs	r1, #0
20000bae:	4b76      	ldr	r3, [pc, #472]	; (20000d88 <dcd_event_handler+0x1fc>)
20000bb0:	781a      	ldrb	r2, [r3, #0]
20000bb2:	f36f 0200 	bfc	r2, #0, #1
20000bb6:	701a      	strb	r2, [r3, #0]
20000bb8:	781a      	ldrb	r2, [r3, #0]
20000bba:	f36f 0241 	bfc	r2, #1, #1
20000bbe:	701a      	strb	r2, [r3, #0]
20000bc0:	7059      	strb	r1, [r3, #1]
20000bc2:	781a      	ldrb	r2, [r3, #0]
20000bc4:	f361 0282 	bfi	r2, r1, #2, #1
20000bc8:	701a      	strb	r2, [r3, #0]
20000bca:	4b70      	ldr	r3, [pc, #448]	; (20000d8c <dcd_event_handler+0x200>)
20000bcc:	681d      	ldr	r5, [r3, #0]
20000bce:	696b      	ldr	r3, [r5, #20]
20000bd0:	f3ef 8210 	mrs	r2, PRIMASK
20000bd4:	b672      	cpsid	i
20000bd6:	e8d3 0fcf 	ldaexb	r0, [r3]
20000bda:	2101      	movs	r1, #1
20000bdc:	2800      	cmp	r0, #0
20000bde:	d1fa      	bne.n	20000bd6 <dcd_event_handler+0x4a>
20000be0:	e8c3 1f40 	strexb	r0, r1, [r3]
20000be4:	2800      	cmp	r0, #0
20000be6:	d1f6      	bne.n	20000bd6 <dcd_event_handler+0x4a>
20000be8:	f3bf 8f5f 	dmb	sy
20000bec:	61aa      	str	r2, [r5, #24]
20000bee:	4621      	mov	r1, r4
20000bf0:	4628      	mov	r0, r5
20000bf2:	f000 fb7d 	bl	200012f0 <__tu_fifo_write_veneer>
20000bf6:	2300      	movs	r3, #0
20000bf8:	696a      	ldr	r2, [r5, #20]
20000bfa:	e8c2 3f8f 	stlb	r3, [r2]
20000bfe:	69ab      	ldr	r3, [r5, #24]
20000c00:	f383 8810 	msr	PRIMASK, r3
20000c04:	b948      	cbnz	r0, 20000c1a <dcd_event_handler+0x8e>
20000c06:	f04f 23e0 	mov.w	r3, #3758153728	; 0xe000e000
20000c0a:	f8d3 3df0 	ldr.w	r3, [r3, #3568]	; 0xdf0
20000c0e:	07db      	lsls	r3, r3, #31
20000c10:	d508      	bpl.n	20000c24 <dcd_event_handler+0x98>
20000c12:	be00      	bkpt	0x0000
20000c14:	b005      	add	sp, #20
20000c16:	e8bd 83f0 	ldmia.w	sp!, {r4, r5, r6, r7, r8, r9, pc}
20000c1a:	4632      	mov	r2, r6
20000c1c:	7861      	ldrb	r1, [r4, #1]
20000c1e:	7820      	ldrb	r0, [r4, #0]
20000c20:	f000 fb5e 	bl	200012e0 <__tud_event_hook_cb_veneer>
20000c24:	b005      	add	sp, #20
20000c26:	e8bd 83f0 	ldmia.w	sp!, {r4, r5, r6, r7, r8, r9, pc}
20000c2a:	4a59      	ldr	r2, [pc, #356]	; (20000d90 <dcd_event_handler+0x204>)
20000c2c:	7813      	ldrb	r3, [r2, #0]
20000c2e:	3301      	adds	r3, #1
20000c30:	b2db      	uxtb	r3, r3
20000c32:	7013      	strb	r3, [r2, #0]
20000c34:	e7c9      	b.n	20000bca <dcd_event_handler+0x3e>
20000c36:	2500      	movs	r5, #0
20000c38:	4f56      	ldr	r7, [pc, #344]	; (20000d94 <dcd_event_handler+0x208>)
20000c3a:	462b      	mov	r3, r5
20000c3c:	7839      	ldrb	r1, [r7, #0]
20000c3e:	f8df 8158 	ldr.w	r8, [pc, #344]	; 20000d98 <dcd_event_handler+0x20c>
20000c42:	f8df 9158 	ldr.w	r9, [pc, #344]	; 20000d9c <dcd_event_handler+0x210>
20000c46:	e008      	b.n	20000c5a <dcd_event_handler+0xce>
20000c48:	f8d9 2000 	ldr.w	r2, [r9]
20000c4c:	eb12 1343 	adds.w	r3, r2, r3, lsl #5
20000c50:	d108      	bne.n	20000c64 <dcd_event_handler+0xd8>
20000c52:	3501      	adds	r5, #1
20000c54:	b2eb      	uxtb	r3, r5
20000c56:	428b      	cmp	r3, r1
20000c58:	d80f      	bhi.n	20000c7a <dcd_event_handler+0xee>
20000c5a:	428b      	cmp	r3, r1
20000c5c:	d3f4      	bcc.n	20000c48 <dcd_event_handler+0xbc>
20000c5e:	1a5b      	subs	r3, r3, r1
20000c60:	eb08 1343 	add.w	r3, r8, r3, lsl #5
20000c64:	69db      	ldr	r3, [r3, #28]
20000c66:	2b00      	cmp	r3, #0
20000c68:	d0f3      	beq.n	20000c52 <dcd_event_handler+0xc6>
20000c6a:	6861      	ldr	r1, [r4, #4]
20000c6c:	7820      	ldrb	r0, [r4, #0]
20000c6e:	4798      	blx	r3
20000c70:	3501      	adds	r5, #1
20000c72:	7839      	ldrb	r1, [r7, #0]
20000c74:	b2eb      	uxtb	r3, r5
20000c76:	428b      	cmp	r3, r1
20000c78:	d9ef      	bls.n	20000c5a <dcd_event_handler+0xce>
20000c7a:	4d43      	ldr	r5, [pc, #268]	; (20000d88 <dcd_event_handler+0x1fc>)
20000c7c:	782b      	ldrb	r3, [r5, #0]
20000c7e:	0758      	lsls	r0, r3, #29
20000c80:	d445      	bmi.n	20000d0e <dcd_event_handler+0x182>
20000c82:	78eb      	ldrb	r3, [r5, #3]
20000c84:	07da      	lsls	r2, r3, #31
20000c86:	d5cd      	bpl.n	20000c24 <dcd_event_handler+0x98>
20000c88:	2700      	movs	r7, #0
20000c8a:	2303      	movs	r3, #3
20000c8c:	493f      	ldr	r1, [pc, #252]	; (20000d8c <dcd_event_handler+0x200>)
20000c8e:	7822      	ldrb	r2, [r4, #0]
20000c90:	680d      	ldr	r5, [r1, #0]
20000c92:	6861      	ldr	r1, [r4, #4]
20000c94:	9703      	str	r7, [sp, #12]
20000c96:	e9cd 7101 	strd	r7, r1, [sp, #4]
20000c9a:	f88d 2004 	strb.w	r2, [sp, #4]
20000c9e:	f88d 3005 	strb.w	r3, [sp, #5]
20000ca2:	696b      	ldr	r3, [r5, #20]
20000ca4:	f3ef 8210 	mrs	r2, PRIMASK
20000ca8:	b672      	cpsid	i
20000caa:	e8d3 0fcf 	ldaexb	r0, [r3]
20000cae:	2101      	movs	r1, #1
20000cb0:	2800      	cmp	r0, #0
20000cb2:	d1fa      	bne.n	20000caa <dcd_event_handler+0x11e>
20000cb4:	e8c3 1f40 	strexb	r0, r1, [r3]
20000cb8:	2800      	cmp	r0, #0
20000cba:	d1f6      	bne.n	20000caa <dcd_event_handler+0x11e>
20000cbc:	f3bf 8f5f 	dmb	sy
20000cc0:	4628      	mov	r0, r5
20000cc2:	a901      	add	r1, sp, #4
20000cc4:	61aa      	str	r2, [r5, #24]
20000cc6:	f000 fb13 	bl	200012f0 <__tu_fifo_write_veneer>
20000cca:	696b      	ldr	r3, [r5, #20]
20000ccc:	e8c3 7f8f 	stlb	r7, [r3]
20000cd0:	69ab      	ldr	r3, [r5, #24]
20000cd2:	f383 8810 	msr	PRIMASK, r3
20000cd6:	2800      	cmp	r0, #0
20000cd8:	d095      	beq.n	20000c06 <dcd_event_handler+0x7a>
20000cda:	4632      	mov	r2, r6
20000cdc:	f89d 1005 	ldrb.w	r1, [sp, #5]
20000ce0:	f89d 0004 	ldrb.w	r0, [sp, #4]
20000ce4:	f000 fafc 	bl	200012e0 <__tud_event_hook_cb_veneer>
20000ce8:	e79c      	b.n	20000c24 <dcd_event_handler+0x98>
20000cea:	4b27      	ldr	r3, [pc, #156]	; (20000d88 <dcd_event_handler+0x1fc>)
20000cec:	781a      	ldrb	r2, [r3, #0]
20000cee:	07d7      	lsls	r7, r2, #31
20000cf0:	d598      	bpl.n	20000c24 <dcd_event_handler+0x98>
20000cf2:	781a      	ldrb	r2, [r3, #0]
20000cf4:	f042 0204 	orr.w	r2, r2, #4
20000cf8:	701a      	strb	r2, [r3, #0]
20000cfa:	e766      	b.n	20000bca <dcd_event_handler+0x3e>
20000cfc:	4b22      	ldr	r3, [pc, #136]	; (20000d88 <dcd_event_handler+0x1fc>)
20000cfe:	781a      	ldrb	r2, [r3, #0]
20000d00:	07d5      	lsls	r5, r2, #31
20000d02:	d58f      	bpl.n	20000c24 <dcd_event_handler+0x98>
20000d04:	781a      	ldrb	r2, [r3, #0]
20000d06:	f36f 0282 	bfc	r2, #2, #1
20000d0a:	701a      	strb	r2, [r3, #0]
20000d0c:	e75d      	b.n	20000bca <dcd_event_handler+0x3e>
20000d0e:	f04f 0800 	mov.w	r8, #0
20000d12:	2205      	movs	r2, #5
20000d14:	782b      	ldrb	r3, [r5, #0]
20000d16:	491d      	ldr	r1, [pc, #116]	; (20000d8c <dcd_event_handler+0x200>)
20000d18:	f36f 0382 	bfc	r3, #2, #1
20000d1c:	702b      	strb	r3, [r5, #0]
20000d1e:	7823      	ldrb	r3, [r4, #0]
20000d20:	680f      	ldr	r7, [r1, #0]
20000d22:	f8cd 8004 	str.w	r8, [sp, #4]
20000d26:	f88d 2005 	strb.w	r2, [sp, #5]
20000d2a:	f88d 3004 	strb.w	r3, [sp, #4]
20000d2e:	e9cd 8802 	strd	r8, r8, [sp, #8]
20000d32:	697b      	ldr	r3, [r7, #20]
20000d34:	f3ef 8210 	mrs	r2, PRIMASK
20000d38:	b672      	cpsid	i
20000d3a:	e8d3 0fcf 	ldaexb	r0, [r3]
20000d3e:	2101      	movs	r1, #1
20000d40:	2800      	cmp	r0, #0
20000d42:	d1fa      	bne.n	20000d3a <dcd_event_handler+0x1ae>
20000d44:	e8c3 1f40 	strexb	r0, r1, [r3]
20000d48:	2800      	cmp	r0, #0
20000d4a:	d1f6      	bne.n	20000d3a <dcd_event_handler+0x1ae>
20000d4c:	f3bf 8f5f 	dmb	sy
20000d50:	4638      	mov	r0, r7
20000d52:	61ba      	str	r2, [r7, #24]
20000d54:	a901      	add	r1, sp, #4
20000d56:	f000 facb 	bl	200012f0 <__tu_fifo_write_veneer>
20000d5a:	697b      	ldr	r3, [r7, #20]
20000d5c:	e8c3 8f8f 	stlb	r8, [r3]
20000d60:	69bb      	ldr	r3, [r7, #24]
20000d62:	f383 8810 	msr	PRIMASK, r3
20000d66:	b938      	cbnz	r0, 20000d78 <dcd_event_handler+0x1ec>
20000d68:	f04f 23e0 	mov.w	r3, #3758153728	; 0xe000e000
20000d6c:	f8d3 3df0 	ldr.w	r3, [r3, #3568]	; 0xdf0
20000d70:	07d9      	lsls	r1, r3, #31
20000d72:	d586      	bpl.n	20000c82 <dcd_event_handler+0xf6>
20000d74:	be00      	bkpt	0x0000
20000d76:	e784      	b.n	20000c82 <dcd_event_handler+0xf6>
20000d78:	4632      	mov	r2, r6
20000d7a:	f89d 1005 	ldrb.w	r1, [sp, #5]
20000d7e:	f89d 0004 	ldrb.w	r0, [sp, #4]
20000d82:	f000 faad 	bl	200012e0 <__tud_event_hook_cb_veneer>
20000d86:	e77c      	b.n	20000c82 <dcd_event_handler+0xf6>
20000d88:	20001fd0 	.word	0x20001fd0
20000d8c:	20002028 	.word	0x20002028
20000d90:	200025e7 	.word	0x200025e7
20000d94:	200025e5 	.word	0x200025e5
20000d98:	10007d60 	.word	0x10007d60
20000d9c:	20001e00 	.word	0x20001e00

20000da0 <spi_write_blocking>:
20000da0:	4684      	mov	ip, r0
20000da2:	4610      	mov	r0, r2
20000da4:	b36a      	cbz	r2, 20000e02 <spi_write_blocking+0x62>
20000da6:	3901      	subs	r1, #1
20000da8:	b500      	push	{lr}
20000daa:	eb01 0e02 	add.w	lr, r1, r2
20000dae:	f8dc 300c 	ldr.w	r3, [ip, #12]
20000db2:	079b      	lsls	r3, r3, #30
20000db4:	d5fb      	bpl.n	20000dae <spi_write_blocking+0xe>
20000db6:	f811 3f01 	ldrb.w	r3, [r1, #1]!
20000dba:	458e      	cmp	lr, r1
20000dbc:	f8cc 3008 	str.w	r3, [ip, #8]
20000dc0:	d1f5      	bne.n	20000dae <spi_write_blocking+0xe>
20000dc2:	f8dc 300c 	ldr.w	r3, [ip, #12]
20000dc6:	0759      	lsls	r1, r3, #29
20000dc8:	d505      	bpl.n	20000dd6 <spi_write_blocking+0x36>
20000dca:	f8dc 3008 	ldr.w	r3, [ip, #8]
20000dce:	f8dc 300c 	ldr.w	r3, [ip, #12]
20000dd2:	0759      	lsls	r1, r3, #29
20000dd4:	d4f9      	bmi.n	20000dca <spi_write_blocking+0x2a>
20000dd6:	f8dc 300c 	ldr.w	r3, [ip, #12]
20000dda:	06da      	lsls	r2, r3, #27
20000ddc:	d506      	bpl.n	20000dec <spi_write_blocking+0x4c>
20000dde:	f8dc 300c 	ldr.w	r3, [ip, #12]
20000de2:	06da      	lsls	r2, r3, #27
20000de4:	d4f7      	bmi.n	20000dd6 <spi_write_blocking+0x36>
20000de6:	e001      	b.n	20000dec <spi_write_blocking+0x4c>
20000de8:	f8dc 3008 	ldr.w	r3, [ip, #8]
20000dec:	f8dc 300c 	ldr.w	r3, [ip, #12]
20000df0:	075b      	lsls	r3, r3, #29
20000df2:	d4f9      	bmi.n	20000de8 <spi_write_blocking+0x48>
20000df4:	2301      	movs	r3, #1
20000df6:	f8cc 3020 	str.w	r3, [ip, #32]
20000dfa:	f85d fb04 	ldr.w	pc, [sp], #4
20000dfe:	f8dc 3008 	ldr.w	r3, [ip, #8]
20000e02:	f8dc 300c 	ldr.w	r3, [ip, #12]
20000e06:	0759      	lsls	r1, r3, #29
20000e08:	d4f9      	bmi.n	20000dfe <spi_write_blocking+0x5e>
20000e0a:	f8dc 300c 	ldr.w	r3, [ip, #12]
20000e0e:	06da      	lsls	r2, r3, #27
20000e10:	d506      	bpl.n	20000e20 <spi_write_blocking+0x80>
20000e12:	f8dc 300c 	ldr.w	r3, [ip, #12]
20000e16:	06da      	lsls	r2, r3, #27
20000e18:	d4f7      	bmi.n	20000e0a <spi_write_blocking+0x6a>
20000e1a:	e001      	b.n	20000e20 <spi_write_blocking+0x80>
20000e1c:	f8dc 3008 	ldr.w	r3, [ip, #8]
20000e20:	f8dc 300c 	ldr.w	r3, [ip, #12]
20000e24:	075b      	lsls	r3, r3, #29
20000e26:	d4f9      	bmi.n	20000e1c <spi_write_blocking+0x7c>
20000e28:	2301      	movs	r3, #1
20000e2a:	f8cc 3020 	str.w	r3, [ip, #32]
20000e2e:	4770      	bx	lr

20000e30 <__aeabi_uldivmod>:
20000e30:	b953      	cbnz	r3, 20000e48 <__aeabi_uldivmod+0x18>
20000e32:	b94a      	cbnz	r2, 20000e48 <__aeabi_uldivmod+0x18>
20000e34:	2900      	cmp	r1, #0
20000e36:	bf08      	it	eq
20000e38:	2800      	cmpeq	r0, #0
20000e3a:	bf1c      	itt	ne
20000e3c:	f04f 31ff 	movne.w	r1, #4294967295	; 0xffffffff
20000e40:	f04f 30ff 	movne.w	r0, #4294967295	; 0xffffffff
20000e44:	f000 b982 	b.w	2000114c <__aeabi_idiv0>
20000e48:	f1ad 0c08 	sub.w	ip, sp, #8
20000e4c:	e96d ce04 	strd	ip, lr, [sp, #-16]!
20000e50:	f000 f806 	bl	20000e60 <__udivmoddi4>
20000e54:	f8dd e004 	ldr.w	lr, [sp, #4]
20000e58:	e9dd 2302 	ldrd	r2, r3, [sp, #8]
20000e5c:	b004      	add	sp, #16
20000e5e:	4770      	bx	lr

20000e60 <__udivmoddi4>:
20000e60:	e92d 4ff0 	stmdb	sp!, {r4, r5, r6, r7, r8, r9, sl, fp, lr}
20000e64:	9d09      	ldr	r5, [sp, #36]	; 0x24
20000e66:	4604      	mov	r4, r0
20000e68:	460f      	mov	r7, r1
20000e6a:	2b00      	cmp	r3, #0
20000e6c:	d148      	bne.n	20000f00 <__udivmoddi4+0xa0>
20000e6e:	428a      	cmp	r2, r1
20000e70:	4694      	mov	ip, r2
20000e72:	d961      	bls.n	20000f38 <__udivmoddi4+0xd8>
20000e74:	fab2 f382 	clz	r3, r2
20000e78:	b143      	cbz	r3, 20000e8c <__udivmoddi4+0x2c>
20000e7a:	f1c3 0120 	rsb	r1, r3, #32
20000e7e:	409f      	lsls	r7, r3
20000e80:	fa02 fc03 	lsl.w	ip, r2, r3
20000e84:	409c      	lsls	r4, r3
20000e86:	fa20 f101 	lsr.w	r1, r0, r1
20000e8a:	430f      	orrs	r7, r1
20000e8c:	ea4f 411c 	mov.w	r1, ip, lsr #16
20000e90:	fa1f fe8c 	uxth.w	lr, ip
20000e94:	0c22      	lsrs	r2, r4, #16
20000e96:	fbb7 f6f1 	udiv	r6, r7, r1
20000e9a:	fb01 7716 	mls	r7, r1, r6, r7
20000e9e:	fb06 f00e 	mul.w	r0, r6, lr
20000ea2:	ea42 4207 	orr.w	r2, r2, r7, lsl #16
20000ea6:	4290      	cmp	r0, r2
20000ea8:	d908      	bls.n	20000ebc <__udivmoddi4+0x5c>
20000eaa:	eb1c 0202 	adds.w	r2, ip, r2
20000eae:	f106 37ff 	add.w	r7, r6, #4294967295	; 0xffffffff
20000eb2:	d202      	bcs.n	20000eba <__udivmoddi4+0x5a>
20000eb4:	4290      	cmp	r0, r2
20000eb6:	f200 8137 	bhi.w	20001128 <__udivmoddi4+0x2c8>
20000eba:	463e      	mov	r6, r7
20000ebc:	1a12      	subs	r2, r2, r0
20000ebe:	b2a4      	uxth	r4, r4
20000ec0:	fbb2 f0f1 	udiv	r0, r2, r1
20000ec4:	fb01 2210 	mls	r2, r1, r0, r2
20000ec8:	fb00 fe0e 	mul.w	lr, r0, lr
20000ecc:	ea44 4402 	orr.w	r4, r4, r2, lsl #16
20000ed0:	45a6      	cmp	lr, r4
20000ed2:	d908      	bls.n	20000ee6 <__udivmoddi4+0x86>
20000ed4:	eb1c 0404 	adds.w	r4, ip, r4
20000ed8:	f100 32ff 	add.w	r2, r0, #4294967295	; 0xffffffff
20000edc:	d202      	bcs.n	20000ee4 <__udivmoddi4+0x84>
20000ede:	45a6      	cmp	lr, r4
20000ee0:	f200 811c 	bhi.w	2000111c <__udivmoddi4+0x2bc>
20000ee4:	4610      	mov	r0, r2
20000ee6:	ea40 4006 	orr.w	r0, r0, r6, lsl #16
20000eea:	eba4 040e 	sub.w	r4, r4, lr
20000eee:	2600      	movs	r6, #0
20000ef0:	b11d      	cbz	r5, 20000efa <__udivmoddi4+0x9a>
20000ef2:	40dc      	lsrs	r4, r3
20000ef4:	2300      	movs	r3, #0
20000ef6:	e9c5 4300 	strd	r4, r3, [r5]
20000efa:	4631      	mov	r1, r6
20000efc:	e8bd 8ff0 	ldmia.w	sp!, {r4, r5, r6, r7, r8, r9, sl, fp, pc}
20000f00:	428b      	cmp	r3, r1
20000f02:	d909      	bls.n	20000f18 <__udivmoddi4+0xb8>
20000f04:	2d00      	cmp	r5, #0
20000f06:	f000 80fd 	beq.w	20001104 <__udivmoddi4+0x2a4>
20000f0a:	2600      	movs	r6, #0
20000f0c:	e9c5 0100 	strd	r0, r1, [r5]
20000f10:	4630      	mov	r0, r6
20000f12:	4631      	mov	r1, r6
20000f14:	e8bd 8ff0 	ldmia.w	sp!, {r4, r5, r6, r7, r8, r9, sl, fp, pc}
20000f18:	fab3 f683 	clz	r6, r3
20000f1c:	2e00      	cmp	r6, #0
20000f1e:	d14b      	bne.n	20000fb8 <__udivmoddi4+0x158>
20000f20:	428b      	cmp	r3, r1
20000f22:	f0c0 80f2 	bcc.w	2000110a <__udivmoddi4+0x2aa>
20000f26:	4282      	cmp	r2, r0
20000f28:	f240 80ef 	bls.w	2000110a <__udivmoddi4+0x2aa>
20000f2c:	4630      	mov	r0, r6
20000f2e:	2d00      	cmp	r5, #0
20000f30:	d0e3      	beq.n	20000efa <__udivmoddi4+0x9a>
20000f32:	e9c5 4700 	strd	r4, r7, [r5]
20000f36:	e7e0      	b.n	20000efa <__udivmoddi4+0x9a>
20000f38:	b902      	cbnz	r2, 20000f3c <__udivmoddi4+0xdc>
20000f3a:	deff      	udf	#255	; 0xff
20000f3c:	fab2 f382 	clz	r3, r2
20000f40:	2b00      	cmp	r3, #0
20000f42:	f040 809d 	bne.w	20001080 <__udivmoddi4+0x220>
20000f46:	1a89      	subs	r1, r1, r2
20000f48:	ea4f 4e12 	mov.w	lr, r2, lsr #16
20000f4c:	b297      	uxth	r7, r2
20000f4e:	2601      	movs	r6, #1
20000f50:	0c20      	lsrs	r0, r4, #16
20000f52:	fbb1 f2fe 	udiv	r2, r1, lr
20000f56:	fb0e 1112 	mls	r1, lr, r2, r1
20000f5a:	ea40 4101 	orr.w	r1, r0, r1, lsl #16
20000f5e:	fb07 f002 	mul.w	r0, r7, r2
20000f62:	4288      	cmp	r0, r1
20000f64:	d90f      	bls.n	20000f86 <__udivmoddi4+0x126>
20000f66:	eb1c 0101 	adds.w	r1, ip, r1
20000f6a:	f102 38ff 	add.w	r8, r2, #4294967295	; 0xffffffff
20000f6e:	bf2c      	ite	cs
20000f70:	f04f 0901 	movcs.w	r9, #1
20000f74:	f04f 0900 	movcc.w	r9, #0
20000f78:	4288      	cmp	r0, r1
20000f7a:	d903      	bls.n	20000f84 <__udivmoddi4+0x124>
20000f7c:	f1b9 0f00 	cmp.w	r9, #0
20000f80:	f000 80cf 	beq.w	20001122 <__udivmoddi4+0x2c2>
20000f84:	4642      	mov	r2, r8
20000f86:	1a09      	subs	r1, r1, r0
20000f88:	b2a4      	uxth	r4, r4
20000f8a:	fbb1 f0fe 	udiv	r0, r1, lr
20000f8e:	fb0e 1110 	mls	r1, lr, r0, r1
20000f92:	fb00 f707 	mul.w	r7, r0, r7
20000f96:	ea44 4401 	orr.w	r4, r4, r1, lsl #16
20000f9a:	42a7      	cmp	r7, r4
20000f9c:	d908      	bls.n	20000fb0 <__udivmoddi4+0x150>
20000f9e:	eb1c 0404 	adds.w	r4, ip, r4
20000fa2:	f100 31ff 	add.w	r1, r0, #4294967295	; 0xffffffff
20000fa6:	d202      	bcs.n	20000fae <__udivmoddi4+0x14e>
20000fa8:	42a7      	cmp	r7, r4
20000faa:	f200 80b4 	bhi.w	20001116 <__udivmoddi4+0x2b6>
20000fae:	4608      	mov	r0, r1
20000fb0:	1be4      	subs	r4, r4, r7
20000fb2:	ea40 4002 	orr.w	r0, r0, r2, lsl #16
20000fb6:	e79b      	b.n	20000ef0 <__udivmoddi4+0x90>
20000fb8:	f1c6 0720 	rsb	r7, r6, #32
20000fbc:	40b3      	lsls	r3, r6
20000fbe:	fa01 f406 	lsl.w	r4, r1, r6
20000fc2:	fa22 fc07 	lsr.w	ip, r2, r7
20000fc6:	40f9      	lsrs	r1, r7
20000fc8:	40b2      	lsls	r2, r6
20000fca:	ea4c 0c03 	orr.w	ip, ip, r3
20000fce:	fa20 f307 	lsr.w	r3, r0, r7
20000fd2:	ea4f 491c 	mov.w	r9, ip, lsr #16
20000fd6:	431c      	orrs	r4, r3
20000fd8:	fa1f fe8c 	uxth.w	lr, ip
20000fdc:	fa00 f306 	lsl.w	r3, r0, r6
20000fe0:	0c20      	lsrs	r0, r4, #16
20000fe2:	fbb1 f8f9 	udiv	r8, r1, r9
20000fe6:	fb09 1118 	mls	r1, r9, r8, r1
20000fea:	ea40 4101 	orr.w	r1, r0, r1, lsl #16
20000fee:	fb08 f00e 	mul.w	r0, r8, lr
20000ff2:	4288      	cmp	r0, r1
20000ff4:	d90f      	bls.n	20001016 <__udivmoddi4+0x1b6>
20000ff6:	eb1c 0101 	adds.w	r1, ip, r1
20000ffa:	f108 3aff 	add.w	sl, r8, #4294967295	; 0xffffffff
20000ffe:	bf2c      	ite	cs
20001000:	f04f 0b01 	movcs.w	fp, #1
20001004:	f04f 0b00 	movcc.w	fp, #0
20001008:	4288      	cmp	r0, r1
2000100a:	d903      	bls.n	20001014 <__udivmoddi4+0x1b4>
2000100c:	f1bb 0f00 	cmp.w	fp, #0
20001010:	f000 808d 	beq.w	2000112e <__udivmoddi4+0x2ce>
20001014:	46d0      	mov	r8, sl
20001016:	1a09      	subs	r1, r1, r0
20001018:	b2a4      	uxth	r4, r4
2000101a:	fbb1 f0f9 	udiv	r0, r1, r9
2000101e:	fb09 1110 	mls	r1, r9, r0, r1
20001022:	fb00 fe0e 	mul.w	lr, r0, lr
20001026:	ea44 4101 	orr.w	r1, r4, r1, lsl #16
2000102a:	458e      	cmp	lr, r1
2000102c:	d907      	bls.n	2000103e <__udivmoddi4+0x1de>
2000102e:	eb1c 0101 	adds.w	r1, ip, r1
20001032:	f100 34ff 	add.w	r4, r0, #4294967295	; 0xffffffff
20001036:	d201      	bcs.n	2000103c <__udivmoddi4+0x1dc>
20001038:	458e      	cmp	lr, r1
2000103a:	d87f      	bhi.n	2000113c <__udivmoddi4+0x2dc>
2000103c:	4620      	mov	r0, r4
2000103e:	ea40 4008 	orr.w	r0, r0, r8, lsl #16
20001042:	eba1 010e 	sub.w	r1, r1, lr
20001046:	fba0 9802 	umull	r9, r8, r0, r2
2000104a:	4541      	cmp	r1, r8
2000104c:	464c      	mov	r4, r9
2000104e:	46c6      	mov	lr, r8
20001050:	d302      	bcc.n	20001058 <__udivmoddi4+0x1f8>
20001052:	d106      	bne.n	20001062 <__udivmoddi4+0x202>
20001054:	454b      	cmp	r3, r9
20001056:	d204      	bcs.n	20001062 <__udivmoddi4+0x202>
20001058:	3801      	subs	r0, #1
2000105a:	ebb9 0402 	subs.w	r4, r9, r2
2000105e:	eb68 0e0c 	sbc.w	lr, r8, ip
20001062:	2d00      	cmp	r5, #0
20001064:	d070      	beq.n	20001148 <__udivmoddi4+0x2e8>
20001066:	1b1a      	subs	r2, r3, r4
20001068:	eb61 010e 	sbc.w	r1, r1, lr
2000106c:	fa22 f306 	lsr.w	r3, r2, r6
20001070:	fa01 f707 	lsl.w	r7, r1, r7
20001074:	40f1      	lsrs	r1, r6
20001076:	2600      	movs	r6, #0
20001078:	431f      	orrs	r7, r3
2000107a:	e9c5 7100 	strd	r7, r1, [r5]
2000107e:	e73c      	b.n	20000efa <__udivmoddi4+0x9a>
20001080:	fa02 fc03 	lsl.w	ip, r2, r3
20001084:	f1c3 0020 	rsb	r0, r3, #32
20001088:	fa01 f203 	lsl.w	r2, r1, r3
2000108c:	fa21 f600 	lsr.w	r6, r1, r0
20001090:	ea4f 4e1c 	mov.w	lr, ip, lsr #16
20001094:	fa24 f100 	lsr.w	r1, r4, r0
20001098:	fa1f f78c 	uxth.w	r7, ip
2000109c:	409c      	lsls	r4, r3
2000109e:	4311      	orrs	r1, r2
200010a0:	fbb6 f0fe 	udiv	r0, r6, lr
200010a4:	0c0a      	lsrs	r2, r1, #16
200010a6:	fb0e 6610 	mls	r6, lr, r0, r6
200010aa:	ea42 4206 	orr.w	r2, r2, r6, lsl #16
200010ae:	fb00 f607 	mul.w	r6, r0, r7
200010b2:	4296      	cmp	r6, r2
200010b4:	d90e      	bls.n	200010d4 <__udivmoddi4+0x274>
200010b6:	eb1c 0202 	adds.w	r2, ip, r2
200010ba:	f100 38ff 	add.w	r8, r0, #4294967295	; 0xffffffff
200010be:	bf2c      	ite	cs
200010c0:	f04f 0901 	movcs.w	r9, #1
200010c4:	f04f 0900 	movcc.w	r9, #0
200010c8:	4296      	cmp	r6, r2
200010ca:	d902      	bls.n	200010d2 <__udivmoddi4+0x272>
200010cc:	f1b9 0f00 	cmp.w	r9, #0
200010d0:	d031      	beq.n	20001136 <__udivmoddi4+0x2d6>
200010d2:	4640      	mov	r0, r8
200010d4:	1b92      	subs	r2, r2, r6
200010d6:	b289      	uxth	r1, r1
200010d8:	fbb2 f6fe 	udiv	r6, r2, lr
200010dc:	fb0e 2216 	mls	r2, lr, r6, r2
200010e0:	ea41 4102 	orr.w	r1, r1, r2, lsl #16
200010e4:	fb06 f207 	mul.w	r2, r6, r7
200010e8:	428a      	cmp	r2, r1
200010ea:	d907      	bls.n	200010fc <__udivmoddi4+0x29c>
200010ec:	eb1c 0101 	adds.w	r1, ip, r1
200010f0:	f106 38ff 	add.w	r8, r6, #4294967295	; 0xffffffff
200010f4:	d201      	bcs.n	200010fa <__udivmoddi4+0x29a>
200010f6:	428a      	cmp	r2, r1
200010f8:	d823      	bhi.n	20001142 <__udivmoddi4+0x2e2>
200010fa:	4646      	mov	r6, r8
200010fc:	1a89      	subs	r1, r1, r2
200010fe:	ea46 4600 	orr.w	r6, r6, r0, lsl #16
20001102:	e725      	b.n	20000f50 <__udivmoddi4+0xf0>
20001104:	462e      	mov	r6, r5
20001106:	4628      	mov	r0, r5
20001108:	e6f7      	b.n	20000efa <__udivmoddi4+0x9a>
2000110a:	1a84      	subs	r4, r0, r2
2000110c:	eb61 0303 	sbc.w	r3, r1, r3
20001110:	2001      	movs	r0, #1
20001112:	461f      	mov	r7, r3
20001114:	e70b      	b.n	20000f2e <__udivmoddi4+0xce>
20001116:	4464      	add	r4, ip
20001118:	3802      	subs	r0, #2
2000111a:	e749      	b.n	20000fb0 <__udivmoddi4+0x150>
2000111c:	4464      	add	r4, ip
2000111e:	3802      	subs	r0, #2
20001120:	e6e1      	b.n	20000ee6 <__udivmoddi4+0x86>
20001122:	3a02      	subs	r2, #2
20001124:	4461      	add	r1, ip
20001126:	e72e      	b.n	20000f86 <__udivmoddi4+0x126>
20001128:	3e02      	subs	r6, #2
2000112a:	4462      	add	r2, ip
2000112c:	e6c6      	b.n	20000ebc <__udivmoddi4+0x5c>
2000112e:	f1a8 0802 	sub.w	r8, r8, #2
20001132:	4461      	add	r1, ip
20001134:	e76f      	b.n	20001016 <__udivmoddi4+0x1b6>
20001136:	3802      	subs	r0, #2
20001138:	4462      	add	r2, ip
2000113a:	e7cb      	b.n	200010d4 <__udivmoddi4+0x274>
2000113c:	3802      	subs	r0, #2
2000113e:	4461      	add	r1, ip
20001140:	e77d      	b.n	2000103e <__udivmoddi4+0x1de>
20001142:	3e02      	subs	r6, #2
20001144:	4461      	add	r1, ip
20001146:	e7d9      	b.n	200010fc <__udivmoddi4+0x29c>
20001148:	462e      	mov	r6, r5
2000114a:	e6d6      	b.n	20000efa <__udivmoddi4+0x9a>

2000114c <__aeabi_idiv0>:
2000114c:	4770      	bx	lr
2000114e:	bf00      	nop

20001150 <memcpy>:
20001150:	4684      	mov	ip, r0
20001152:	ea41 0300 	orr.w	r3, r1, r0
20001156:	f013 0303 	ands.w	r3, r3, #3
2000115a:	d149      	bne.n	200011f0 <memcpy+0xa0>
2000115c:	3a40      	subs	r2, #64	; 0x40
2000115e:	d323      	bcc.n	200011a8 <memcpy+0x58>
20001160:	680b      	ldr	r3, [r1, #0]
20001162:	6003      	str	r3, [r0, #0]
20001164:	684b      	ldr	r3, [r1, #4]
20001166:	6043      	str	r3, [r0, #4]
20001168:	688b      	ldr	r3, [r1, #8]
2000116a:	6083      	str	r3, [r0, #8]
2000116c:	68cb      	ldr	r3, [r1, #12]
2000116e:	60c3      	str	r3, [r0, #12]
20001170:	690b      	ldr	r3, [r1, #16]
20001172:	6103      	str	r3, [r0, #16]
20001174:	694b      	ldr	r3, [r1, #20]
20001176:	6143      	str	r3, [r0, #20]
20001178:	698b      	ldr	r3, [r1, #24]
2000117a:	6183      	str	r3, [r0, #24]
2000117c:	69cb      	ldr	r3, [r1, #28]
2000117e:	61c3      	str	r3, [r0, #28]
20001180:	6a0b      	ldr	r3, [r1, #32]
20001182:	6203      	str	r3, [r0, #32]
20001184:	6a4b      	ldr	r3, [r1, #36]	; 0x24
20001186:	6243      	str	r3, [r0, #36]	; 0x24
20001188:	6a8b      	ldr	r3, [r1, #40]	; 0x28
2000118a:	6283      	str	r3, [r0, #40]	; 0x28
2000118c:	6acb      	ldr	r3, [r1, #44]	; 0x2c
2000118e:	62c3      	str	r3, [r0, #44]	; 0x2c
20001190:	6b0b      	ldr	r3, [r1, #48]	; 0x30
20001192:	6303      	str	r3, [r0, #48]	; 0x30
20001194:	6b4b      	ldr	r3, [r1, #52]	; 0x34
20001196:	6343      	str	r3, [r0, #52]	; 0x34
20001198:	6b8b      	ldr	r3, [r1, #56]	; 0x38
2000119a:	6383      	str	r3, [r0, #56]	; 0x38
2000119c:	6bcb      	ldr	r3, [r1, #60]	; 0x3c
2000119e:	63c3      	str	r3, [r0, #60]	; 0x3c
200011a0:	3040      	adds	r0, #64	; 0x40
200011a2:	3140      	adds	r1, #64	; 0x40
200011a4:	3a40      	subs	r2, #64	; 0x40
200011a6:	d2db      	bcs.n	20001160 <memcpy+0x10>
200011a8:	3230      	adds	r2, #48	; 0x30
200011aa:	d30b      	bcc.n	200011c4 <memcpy+0x74>
200011ac:	680b      	ldr	r3, [r1, #0]
200011ae:	6003      	str	r3, [r0, #0]
200011b0:	684b      	ldr	r3, [r1, #4]
200011b2:	6043      	str	r3, [r0, #4]
200011b4:	688b      	ldr	r3, [r1, #8]
200011b6:	6083      	str	r3, [r0, #8]
200011b8:	68cb      	ldr	r3, [r1, #12]
200011ba:	60c3      	str	r3, [r0, #12]
200011bc:	3010      	adds	r0, #16
200011be:	3110      	adds	r1, #16
200011c0:	3a10      	subs	r2, #16
200011c2:	d2f3      	bcs.n	200011ac <memcpy+0x5c>
200011c4:	320c      	adds	r2, #12
200011c6:	d305      	bcc.n	200011d4 <memcpy+0x84>
200011c8:	f851 3b04 	ldr.w	r3, [r1], #4
200011cc:	f840 3b04 	str.w	r3, [r0], #4
200011d0:	3a04      	subs	r2, #4
200011d2:	d2f9      	bcs.n	200011c8 <memcpy+0x78>
200011d4:	3204      	adds	r2, #4
200011d6:	d008      	beq.n	200011ea <memcpy+0x9a>
200011d8:	07d2      	lsls	r2, r2, #31
200011da:	bf1c      	itt	ne
200011dc:	f811 3b01 	ldrbne.w	r3, [r1], #1
200011e0:	f800 3b01 	strbne.w	r3, [r0], #1
200011e4:	d301      	bcc.n	200011ea <memcpy+0x9a>
200011e6:	880b      	ldrh	r3, [r1, #0]
200011e8:	8003      	strh	r3, [r0, #0]
200011ea:	4660      	mov	r0, ip
200011ec:	4770      	bx	lr
200011ee:	bf00      	nop
200011f0:	2a08      	cmp	r2, #8
200011f2:	d313      	bcc.n	2000121c <memcpy+0xcc>
200011f4:	078b      	lsls	r3, r1, #30
200011f6:	d0b1      	beq.n	2000115c <memcpy+0xc>
200011f8:	f010 0303 	ands.w	r3, r0, #3
200011fc:	d0ae      	beq.n	2000115c <memcpy+0xc>
200011fe:	f1c3 0304 	rsb	r3, r3, #4
20001202:	1ad2      	subs	r2, r2, r3
20001204:	07db      	lsls	r3, r3, #31
20001206:	bf1c      	itt	ne
20001208:	f811 3b01 	ldrbne.w	r3, [r1], #1
2000120c:	f800 3b01 	strbne.w	r3, [r0], #1
20001210:	d3a4      	bcc.n	2000115c <memcpy+0xc>
20001212:	f831 3b02 	ldrh.w	r3, [r1], #2
20001216:	f820 3b02 	strh.w	r3, [r0], #2
2000121a:	e79f      	b.n	2000115c <memcpy+0xc>
2000121c:	3a04      	subs	r2, #4
2000121e:	d3d9      	bcc.n	200011d4 <memcpy+0x84>
20001220:	3a01      	subs	r2, #1
20001222:	f811 3b01 	ldrb.w	r3, [r1], #1
20001226:	f800 3b01 	strb.w	r3, [r0], #1
2000122a:	d2f9      	bcs.n	20001220 <memcpy+0xd0>
2000122c:	780b      	ldrb	r3, [r1, #0]
2000122e:	7003      	strb	r3, [r0, #0]
20001230:	784b      	ldrb	r3, [r1, #1]
20001232:	7043      	strb	r3, [r0, #1]
20001234:	788b      	ldrb	r3, [r1, #2]
20001236:	7083      	strb	r3, [r0, #2]
20001238:	4660      	mov	r0, ip
2000123a:	4770      	bx	lr

2000123c <memset>:
2000123c:	b570      	push	{r4, r5, r6, lr}
2000123e:	0786      	lsls	r6, r0, #30
20001240:	d048      	beq.n	200012d4 <memset+0x98>
20001242:	1e54      	subs	r4, r2, #1
20001244:	2a00      	cmp	r2, #0
20001246:	d03f      	beq.n	200012c8 <memset+0x8c>
20001248:	b2ca      	uxtb	r2, r1
2000124a:	4603      	mov	r3, r0
2000124c:	e001      	b.n	20001252 <memset+0x16>
2000124e:	3c01      	subs	r4, #1
20001250:	d33a      	bcc.n	200012c8 <memset+0x8c>
20001252:	f803 2b01 	strb.w	r2, [r3], #1
20001256:	079d      	lsls	r5, r3, #30
20001258:	d1f9      	bne.n	2000124e <memset+0x12>
2000125a:	2c03      	cmp	r4, #3
2000125c:	d92d      	bls.n	200012ba <memset+0x7e>
2000125e:	b2cd      	uxtb	r5, r1
20001260:	2c0f      	cmp	r4, #15
20001262:	ea45 2505 	orr.w	r5, r5, r5, lsl #8
20001266:	ea45 4505 	orr.w	r5, r5, r5, lsl #16
2000126a:	d936      	bls.n	200012da <memset+0x9e>
2000126c:	f1a4 0c10 	sub.w	ip, r4, #16
20001270:	f103 0e20 	add.w	lr, r3, #32
20001274:	f103 0210 	add.w	r2, r3, #16
20001278:	f02c 060f 	bic.w	r6, ip, #15
2000127c:	ea4f 1c1c 	mov.w	ip, ip, lsr #4
20001280:	44b6      	add	lr, r6
20001282:	e942 5504 	strd	r5, r5, [r2, #-16]
20001286:	e942 5502 	strd	r5, r5, [r2, #-8]
2000128a:	3210      	adds	r2, #16
2000128c:	4572      	cmp	r2, lr
2000128e:	d1f8      	bne.n	20001282 <memset+0x46>
20001290:	f10c 0201 	add.w	r2, ip, #1
20001294:	f014 0f0c 	tst.w	r4, #12
20001298:	f004 0c0f 	and.w	ip, r4, #15
2000129c:	eb03 1202 	add.w	r2, r3, r2, lsl #4
200012a0:	d013      	beq.n	200012ca <memset+0x8e>
200012a2:	f1ac 0304 	sub.w	r3, ip, #4
200012a6:	f023 0303 	bic.w	r3, r3, #3
200012aa:	3304      	adds	r3, #4
200012ac:	4413      	add	r3, r2
200012ae:	f842 5b04 	str.w	r5, [r2], #4
200012b2:	4293      	cmp	r3, r2
200012b4:	d1fb      	bne.n	200012ae <memset+0x72>
200012b6:	f00c 0403 	and.w	r4, ip, #3
200012ba:	b12c      	cbz	r4, 200012c8 <memset+0x8c>
200012bc:	b2ca      	uxtb	r2, r1
200012be:	441c      	add	r4, r3
200012c0:	f803 2b01 	strb.w	r2, [r3], #1
200012c4:	429c      	cmp	r4, r3
200012c6:	d1fb      	bne.n	200012c0 <memset+0x84>
200012c8:	bd70      	pop	{r4, r5, r6, pc}
200012ca:	4664      	mov	r4, ip
200012cc:	4613      	mov	r3, r2
200012ce:	2c00      	cmp	r4, #0
200012d0:	d1f4      	bne.n	200012bc <memset+0x80>
200012d2:	e7f9      	b.n	200012c8 <memset+0x8c>
200012d4:	4603      	mov	r3, r0
200012d6:	4614      	mov	r4, r2
200012d8:	e7bf      	b.n	2000125a <memset+0x1e>
200012da:	461a      	mov	r2, r3
200012dc:	46a4      	mov	ip, r4
200012de:	e7e0      	b.n	200012a2 <memset+0x66>

200012e0 <__tud_event_hook_cb_veneer>:
200012e0:	f85f f000 	ldr.w	pc, [pc]	; 200012e4 <__tud_event_hook_cb_veneer+0x4>
200012e4:	1000499d 	.word	0x1000499d

200012e8 <__time_us_64_veneer>:
200012e8:	f85f f000 	ldr.w	pc, [pc]	; 200012ec <__time_us_64_veneer+0x4>
200012ec:	10001d69 	.word	0x10001d69

200012f0 <__tu_fifo_write_veneer>:
200012f0:	f85f f000 	ldr.w	pc, [pc]	; 200012f4 <__tu_fifo_write_veneer+0x4>
200012f4:	10005fbd 	.word	0x10005fbd

200012f8 <__best_effort_wfe_or_timeout_veneer>:
200012f8:	f85f f000 	ldr.w	pc, [pc]	; 200012fc <__best_effort_wfe_or_timeout_veneer+0x4>
200012fc:	10001c45 	.word	0x10001c45

20001300 <__panic_veneer>:
20001300:	f85f f000 	ldr.w	pc, [pc]	; 20001304 <__panic_veneer+0x4>
20001304:	10000cc9 	.word	0x10000cc9

20001308 <going_up>:
20001308:	                                         .

20001309 <striped_spin_lock_num>:
20001309:	                                         ...

2000130c <irq_handler_chain_slots>:
2000130c:	00000000 	.word	0x00000000
20001310:	00010000 	.word	0x00010000
	...
2000131c:	00020000 	.word	0x00020000
	...
20001328:	00030000 	.word	0x00030000
	...
20001334:	00040000 	.word	0x00040000
	...
20001340:	00050000 	.word	0x00050000
	...
2000134c:	00ff0000 	.word	0x00ff0000
20001350:	00000000 	.word	0x00000000

20001354 <irq_handler_chain_first_slot>:
20001354:	b501      	push	{r0, lr}
20001356:	6848      	ldr	r0, [r1, #4]
20001358:	3101      	adds	r1, #1
2000135a:	468e      	mov	lr, r1
2000135c:	4700      	bx	r0

2000135e <irq_handler_chain_remove_tail>:
2000135e:	4670      	mov	r0, lr
20001360:	3809      	subs	r0, #9
20001362:	4901      	ldr	r1, [pc, #4]	; (20001368 <irq_handler_chain_remove_tail+0xa>)
20001364:	4788      	blx	r1
20001366:	bd01      	pop	{r0, pc}
20001368:	1000132d 	.word	0x1000132d

2000136c <default_alarm_pool>:
	...
20001380:	20001c28 00000000                       (.. ....

20001388 <last_added.0>:
20001388:	ffffffff 7fffffff                       ........

20001390 <stdio_usb>:
20001390:	10004065 10004019 10003f95 10003f05     e@...@...?...?..
200013a0:	00000000 00000100                       ........

200013a8 <_usbd_qdef>:
200013a8:	2000202c 000c0010 00000000 00000000     , . ............
	...

200013c4 <_usbd_rhport>:
200013c4:	000000ff                                ....

200013c8 <i2c1_inst>:
200013c8:	40098000 00000000                       ...@....

200013d0 <Font12>:
200013d0:	10007d98 000c0007                       .}......

200013d8 <Font24>:
200013d8:	1000820c 00180011                       ........

200013e0 <_impure_ptr>:
200013e0:	200013e8 00000000                       ... ....

200013e8 <impure_data>:
200013e8:	00000000 200016d4 2000173c 200017a4     ....... <.. ... 
	...
20001490:	00000001 00000000 abcd330e e66d1234     .........3..4.m.
200014a0:	0005deec 0000000b 00000000 00000000     ................
	...

20001810 <__malloc_av_>:
	...
20001818:	20001810 20001810 20001818 20001818     ... ... ... ... 
20001828:	20001820 20001820 20001828 20001828      ..  .. (.. (.. 
20001838:	20001830 20001830 20001838 20001838     0.. 0.. 8.. 8.. 
20001848:	20001840 20001840 20001848 20001848     @.. @.. H.. H.. 
20001858:	20001850 20001850 20001858 20001858     P.. P.. X.. X.. 
20001868:	20001860 20001860 20001868 20001868     `.. `.. h.. h.. 
20001878:	20001870 20001870 20001878 20001878     p.. p.. x.. x.. 
20001888:	20001880 20001880 20001888 20001888     ... ... ... ... 
20001898:	20001890 20001890 20001898 20001898     ... ... ... ... 
200018a8:	200018a0 200018a0 200018a8 200018a8     ... ... ... ... 
200018b8:	200018b0 200018b0 200018b8 200018b8     ... ... ... ... 
200018c8:	200018c0 200018c0 200018c8 200018c8     ... ... ... ... 
200018d8:	200018d0 200018d0 200018d8 200018d8     ... ... ... ... 
200018e8:	200018e0 200018e0 200018e8 200018e8     ... ... ... ... 
200018f8:	200018f0 200018f0 200018f8 200018f8     ... ... ... ... 
20001908:	20001900 20001900 20001908 20001908     ... ... ... ... 
20001918:	20001910 20001910 20001918 20001918     ... ... ... ... 
20001928:	20001920 20001920 20001928 20001928      ..  .. (.. (.. 
20001938:	20001930 20001930 20001938 20001938     0.. 0.. 8.. 8.. 
20001948:	20001940 20001940 20001948 20001948     @.. @.. H.. H.. 
20001958:	20001950 20001950 20001958 20001958     P.. P.. X.. X.. 
20001968:	20001960 20001960 20001968 20001968     `.. `.. h.. h.. 
20001978:	20001970 20001970 20001978 20001978     p.. p.. x.. x.. 
20001988:	20001980 20001980 20001988 20001988     ... ... ... ... 
20001998:	20001990 20001990 20001998 20001998     ... ... ... ... 
200019a8:	200019a0 200019a0 200019a8 200019a8     ... ... ... ... 
200019b8:	200019b0 200019b0 200019b8 200019b8     ... ... ... ... 
200019c8:	200019c0 200019c0 200019c8 200019c8     ... ... ... ... 
200019d8:	200019d0 200019d0 200019d8 200019d8     ... ... ... ... 
200019e8:	200019e0 200019e0 200019e8 200019e8     ... ... ... ... 
200019f8:	200019f0 200019f0 200019f8 200019f8     ... ... ... ... 
20001a08:	20001a00 20001a00 20001a08 20001a08     ... ... ... ... 
20001a18:	20001a10 20001a10 20001a18 20001a18     ... ... ... ... 
20001a28:	20001a20 20001a20 20001a28 20001a28      ..  .. (.. (.. 
20001a38:	20001a30 20001a30 20001a38 20001a38     0.. 0.. 8.. 8.. 
20001a48:	20001a40 20001a40 20001a48 20001a48     @.. @.. H.. H.. 
20001a58:	20001a50 20001a50 20001a58 20001a58     P.. P.. X.. X.. 
20001a68:	20001a60 20001a60 20001a68 20001a68     `.. `.. h.. h.. 
20001a78:	20001a70 20001a70 20001a78 20001a78     p.. p.. x.. x.. 
20001a88:	20001a80 20001a80 20001a88 20001a88     ... ... ... ... 
20001a98:	20001a90 20001a90 20001a98 20001a98     ... ... ... ... 
20001aa8:	20001aa0 20001aa0 20001aa8 20001aa8     ... ... ... ... 
20001ab8:	20001ab0 20001ab0 20001ab8 20001ab8     ... ... ... ... 
20001ac8:	20001ac0 20001ac0 20001ac8 20001ac8     ... ... ... ... 
20001ad8:	20001ad0 20001ad0 20001ad8 20001ad8     ... ... ... ... 
20001ae8:	20001ae0 20001ae0 20001ae8 20001ae8     ... ... ... ... 
20001af8:	20001af0 20001af0 20001af8 20001af8     ... ... ... ... 
20001b08:	20001b00 20001b00 20001b08 20001b08     ... ... ... ... 
20001b18:	20001b10 20001b10 20001b18 20001b18     ... ... ... ... 
20001b28:	20001b20 20001b20 20001b28 20001b28      ..  .. (.. (.. 
20001b38:	20001b30 20001b30 20001b38 20001b38     0.. 0.. 8.. 8.. 
20001b48:	20001b40 20001b40 20001b48 20001b48     @.. @.. H.. H.. 
20001b58:	20001b50 20001b50 20001b58 20001b58     P.. P.. X.. X.. 
20001b68:	20001b60 20001b60 20001b68 20001b68     `.. `.. h.. h.. 
20001b78:	20001b70 20001b70 20001b78 20001b78     p.. p.. x.. x.. 
20001b88:	20001b80 20001b80 20001b88 20001b88     ... ... ... ... 
20001b98:	20001b90 20001b90 20001b98 20001b98     ... ... ... ... 
20001ba8:	20001ba0 20001ba0 20001ba8 20001ba8     ... ... ... ... 
20001bb8:	20001bb0 20001bb0 20001bb8 20001bb8     ... ... ... ... 
20001bc8:	20001bc0 20001bc0 20001bc8 20001bc8     ... ... ... ... 
20001bd8:	20001bd0 20001bd0 20001bd8 20001bd8     ... ... ... ... 
20001be8:	20001be0 20001be0 20001be8 20001be8     ... ... ... ... 
20001bf8:	20001bf0 20001bf0 20001bf8 20001bf8     ... ... ... ... 
20001c08:	20001c00 20001c00 20001c08 20001c08     ... ... ... ... 

20001c18 <__malloc_sbrk_base>:
20001c18:	ffffffff                                ....

20001c1c <__malloc_trim_threshold>:
20001c1c:	00020000                                ....

20001c20 <print_mutex>:
	...
